2025-06-07 16:38:05,212 - INFO - XiDian - Loading config from saves\config\base.yaml
2025-06-07 16:38:05,801 - INFO - XiDian - Database tables created/checked
2025-06-07 16:38:08,510 - DEBUG - XiDian - Loading embedding model siliconflow/BAAI/bge-m3
2025-06-07 16:38:08,581 - INFO - XiDian - Successfully connected to Milvus at http://localhost:19530
2025-06-07 16:38:08,582 - DEBUG - XiDian - 图数据库信息文件不存在：saves\knowledge_graph\neo4j\graph_info.json
2025-06-07 16:38:08,582 - DEBUG - XiDian - 创建新的图数据库配置
2025-06-07 16:38:12,666 - INFO - XiDian - WebSearcher initialized with Tavily client
2025-06-07 16:39:47,966 - INFO - XiDian - Selecting model from `siliconflow` with `deepseek-ai/DeepSeek-R1-Distill-Qwen-7B`
2025-06-07 16:39:48,134 - DEBUG - XiDian - Received query: 如何学习机器学习 with meta: {'use_graph': False, 'use_web': False, 'graph_name': 'neo4j', 'selectedKB': None, 'summary_title': False, 'history_round': 20, 'fontSize': 'default', 'wideScreen': False, 'server_model_name': 'deepseek-ai/DeepSeek-R1-Distill-Qwen-7B'}
2025-06-07 16:39:48,176 - INFO - XiDian - Selecting model from `siliconflow` with `deepseek-ai/DeepSeek-R1-Distill-Qwen-7B`
2025-06-07 16:39:48,341 - DEBUG - XiDian - Received query: 如何学习机器学习 with meta: {'use_graph': False, 'use_web': False, 'graph_name': 'neo4j', 'selectedKB': None, 'summary_title': False, 'history_round': 20, 'fontSize': 'default', 'wideScreen': False, 'server_model_name': 'deepseek-ai/DeepSeek-R1-Distill-Qwen-7B'}
2025-06-07 16:39:48,346 - INFO - XiDian - Selecting model from `siliconflow` with `deepseek-ai/DeepSeek-R1-Distill-Qwen-7B`
2025-06-07 16:39:48,513 - DEBUG - XiDian - Received query: 如何学习机器学习 with meta: {'use_graph': False, 'use_web': False, 'graph_name': 'neo4j', 'selectedKB': None, 'summary_title': False, 'history_round': 20, 'fontSize': 'default', 'wideScreen': False, 'server_model_name': 'deepseek-ai/DeepSeek-R1-Distill-Qwen-7B'}
2025-06-07 16:39:48,595 - INFO - XiDian - Selecting model from `siliconflow` with `deepseek-ai/DeepSeek-R1-Distill-Qwen-7B`
2025-06-07 16:39:48,767 - DEBUG - XiDian - Received query: 如何学习机器学习 with meta: {'use_graph': False, 'use_web': False, 'graph_name': 'neo4j', 'selectedKB': None, 'summary_title': False, 'history_round': 20, 'fontSize': 'default', 'wideScreen': False, 'server_model_name': 'deepseek-ai/DeepSeek-R1-Distill-Qwen-7B'}
2025-06-07 16:39:48,834 - INFO - XiDian - Selecting model from `siliconflow` with `deepseek-ai/DeepSeek-R1-Distill-Qwen-7B`
2025-06-07 16:39:48,994 - DEBUG - XiDian - Received query: 如何学习机器学习 with meta: {'use_graph': False, 'use_web': False, 'graph_name': 'neo4j', 'selectedKB': None, 'summary_title': False, 'history_round': 20, 'fontSize': 'default', 'wideScreen': False, 'server_model_name': 'deepseek-ai/DeepSeek-R1-Distill-Qwen-7B'}
2025-06-07 16:39:49,034 - INFO - XiDian - Selecting model from `siliconflow` with `deepseek-ai/DeepSeek-R1-Distill-Qwen-7B`
2025-06-07 16:39:49,195 - DEBUG - XiDian - Received query: 如何学习机器学习 with meta: {'use_graph': False, 'use_web': False, 'graph_name': 'neo4j', 'selectedKB': None, 'summary_title': False, 'history_round': 20, 'fontSize': 'default', 'wideScreen': False, 'server_model_name': 'deepseek-ai/DeepSeek-R1-Distill-Qwen-7B'}
2025-06-07 16:39:49,286 - INFO - XiDian - Selecting model from `siliconflow` with `deepseek-ai/DeepSeek-R1-Distill-Qwen-7B`
2025-06-07 16:39:49,459 - DEBUG - XiDian - Received query: 如何学习机器学习 with meta: {'use_graph': False, 'use_web': False, 'graph_name': 'neo4j', 'selectedKB': None, 'summary_title': False, 'history_round': 20, 'fontSize': 'default', 'wideScreen': False, 'server_model_name': 'deepseek-ai/DeepSeek-R1-Distill-Qwen-7B'}
2025-06-07 16:39:49,543 - INFO - XiDian - Selecting model from `siliconflow` with `deepseek-ai/DeepSeek-R1-Distill-Qwen-7B`
2025-06-07 16:39:49,716 - DEBUG - XiDian - Received query: 如何学习机器学习 with meta: {'use_graph': False, 'use_web': False, 'graph_name': 'neo4j', 'selectedKB': None, 'summary_title': False, 'history_round': 20, 'fontSize': 'default', 'wideScreen': False, 'server_model_name': 'deepseek-ai/DeepSeek-R1-Distill-Qwen-7B'}
2025-06-07 16:39:49,791 - INFO - XiDian - Selecting model from `siliconflow` with `deepseek-ai/DeepSeek-R1-Distill-Qwen-7B`
2025-06-07 16:39:49,951 - DEBUG - XiDian - Received query: 如何学习机器学习 with meta: {'use_graph': False, 'use_web': False, 'graph_name': 'neo4j', 'selectedKB': None, 'summary_title': False, 'history_round': 20, 'fontSize': 'default', 'wideScreen': False, 'server_model_name': 'deepseek-ai/DeepSeek-R1-Distill-Qwen-7B'}
2025-06-07 16:39:50,053 - INFO - XiDian - Selecting model from `siliconflow` with `deepseek-ai/DeepSeek-R1-Distill-Qwen-7B`
2025-06-07 16:39:50,206 - DEBUG - XiDian - Received query: 如何学习机器学习 with meta: {'use_graph': False, 'use_web': False, 'graph_name': 'neo4j', 'selectedKB': None, 'summary_title': False, 'history_round': 20, 'fontSize': 'default', 'wideScreen': False, 'server_model_name': 'deepseek-ai/DeepSeek-R1-Distill-Qwen-7B'}
2025-06-07 16:39:50,274 - INFO - XiDian - Selecting model from `siliconflow` with `deepseek-ai/DeepSeek-R1-Distill-Qwen-7B`
2025-06-07 16:39:50,441 - DEBUG - XiDian - Received query: 如何学习机器学习 with meta: {'use_graph': False, 'use_web': False, 'graph_name': 'neo4j', 'selectedKB': None, 'summary_title': False, 'history_round': 20, 'fontSize': 'default', 'wideScreen': False, 'server_model_name': 'deepseek-ai/DeepSeek-R1-Distill-Qwen-7B'}
2025-06-07 16:39:50,539 - INFO - XiDian - Selecting model from `siliconflow` with `deepseek-ai/DeepSeek-R1-Distill-Qwen-7B`
2025-06-07 16:39:50,691 - DEBUG - XiDian - Received query: 如何学习机器学习 with meta: {'use_graph': False, 'use_web': False, 'graph_name': 'neo4j', 'selectedKB': None, 'summary_title': False, 'history_round': 20, 'fontSize': 'default', 'wideScreen': False, 'server_model_name': 'deepseek-ai/DeepSeek-R1-Distill-Qwen-7B'}
2025-06-07 16:39:50,767 - INFO - XiDian - Selecting model from `siliconflow` with `deepseek-ai/DeepSeek-R1-Distill-Qwen-7B`
2025-06-07 16:39:50,921 - DEBUG - XiDian - Received query: 如何学习机器学习 with meta: {'use_graph': False, 'use_web': False, 'graph_name': 'neo4j', 'selectedKB': None, 'summary_title': False, 'history_round': 20, 'fontSize': 'default', 'wideScreen': False, 'server_model_name': 'deepseek-ai/DeepSeek-R1-Distill-Qwen-7B'}
2025-06-07 16:39:51,016 - INFO - XiDian - Selecting model from `siliconflow` with `deepseek-ai/DeepSeek-R1-Distill-Qwen-7B`
2025-06-07 16:39:51,172 - DEBUG - XiDian - Received query: 如何学习机器学习 with meta: {'use_graph': False, 'use_web': False, 'graph_name': 'neo4j', 'selectedKB': None, 'summary_title': False, 'history_round': 20, 'fontSize': 'default', 'wideScreen': False, 'server_model_name': 'deepseek-ai/DeepSeek-R1-Distill-Qwen-7B'}
2025-06-07 16:39:51,265 - INFO - XiDian - Selecting model from `siliconflow` with `deepseek-ai/DeepSeek-R1-Distill-Qwen-7B`
2025-06-07 16:39:51,419 - DEBUG - XiDian - Received query: 如何学习机器学习 with meta: {'use_graph': False, 'use_web': False, 'graph_name': 'neo4j', 'selectedKB': None, 'summary_title': False, 'history_round': 20, 'fontSize': 'default', 'wideScreen': False, 'server_model_name': 'deepseek-ai/DeepSeek-R1-Distill-Qwen-7B'}
2025-06-07 16:39:51,498 - INFO - XiDian - Selecting model from `siliconflow` with `deepseek-ai/DeepSeek-R1-Distill-Qwen-7B`
2025-06-07 16:39:51,654 - DEBUG - XiDian - Received query: 如何学习机器学习 with meta: {'use_graph': False, 'use_web': False, 'graph_name': 'neo4j', 'selectedKB': None, 'summary_title': False, 'history_round': 20, 'fontSize': 'default', 'wideScreen': False, 'server_model_name': 'deepseek-ai/DeepSeek-R1-Distill-Qwen-7B'}
2025-06-07 16:39:51,746 - INFO - XiDian - Selecting model from `siliconflow` with `deepseek-ai/DeepSeek-R1-Distill-Qwen-7B`
2025-06-07 16:39:51,916 - DEBUG - XiDian - Received query: 如何学习机器学习 with meta: {'use_graph': False, 'use_web': False, 'graph_name': 'neo4j', 'selectedKB': None, 'summary_title': False, 'history_round': 20, 'fontSize': 'default', 'wideScreen': False, 'server_model_name': 'deepseek-ai/DeepSeek-R1-Distill-Qwen-7B'}
2025-06-07 16:39:52,032 - INFO - XiDian - Selecting model from `siliconflow` with `deepseek-ai/DeepSeek-R1-Distill-Qwen-7B`
2025-06-07 16:39:52,483 - DEBUG - XiDian - Received query: 如何学习机器学习 with meta: {'use_graph': False, 'use_web': False, 'graph_name': 'neo4j', 'selectedKB': None, 'summary_title': False, 'history_round': 20, 'fontSize': 'default', 'wideScreen': False, 'server_model_name': 'deepseek-ai/DeepSeek-R1-Distill-Qwen-7B'}
2025-06-07 16:39:52,575 - INFO - XiDian - Selecting model from `siliconflow` with `deepseek-ai/DeepSeek-R1-Distill-Qwen-7B`
2025-06-07 16:39:52,728 - DEBUG - XiDian - Received query: 如何学习机器学习 with meta: {'use_graph': False, 'use_web': False, 'graph_name': 'neo4j', 'selectedKB': None, 'summary_title': False, 'history_round': 20, 'fontSize': 'default', 'wideScreen': False, 'server_model_name': 'deepseek-ai/DeepSeek-R1-Distill-Qwen-7B'}
2025-06-07 16:39:52,777 - INFO - XiDian - Selecting model from `siliconflow` with `deepseek-ai/DeepSeek-R1-Distill-Qwen-7B`
2025-06-07 16:39:52,936 - DEBUG - XiDian - Received query: 如何学习机器学习 with meta: {'use_graph': False, 'use_web': False, 'graph_name': 'neo4j', 'selectedKB': None, 'summary_title': False, 'history_round': 20, 'fontSize': 'default', 'wideScreen': False, 'server_model_name': 'deepseek-ai/DeepSeek-R1-Distill-Qwen-7B'}
2025-06-07 16:39:52,986 - INFO - XiDian - Selecting model from `siliconflow` with `deepseek-ai/DeepSeek-R1-Distill-Qwen-7B`
2025-06-07 16:39:53,145 - DEBUG - XiDian - Received query: 如何学习机器学习 with meta: {'use_graph': False, 'use_web': False, 'graph_name': 'neo4j', 'selectedKB': None, 'summary_title': False, 'history_round': 20, 'fontSize': 'default', 'wideScreen': False, 'server_model_name': 'deepseek-ai/DeepSeek-R1-Distill-Qwen-7B'}
2025-06-07 16:39:53,239 - INFO - XiDian - Selecting model from `siliconflow` with `deepseek-ai/DeepSeek-R1-Distill-Qwen-7B`
2025-06-07 16:39:53,390 - DEBUG - XiDian - Received query: 如何学习机器学习 with meta: {'use_graph': False, 'use_web': False, 'graph_name': 'neo4j', 'selectedKB': None, 'summary_title': False, 'history_round': 20, 'fontSize': 'default', 'wideScreen': False, 'server_model_name': 'deepseek-ai/DeepSeek-R1-Distill-Qwen-7B'}
2025-06-07 16:39:53,629 - INFO - XiDian - Selecting model from `siliconflow` with `deepseek-ai/DeepSeek-R1-Distill-Qwen-7B`
2025-06-07 16:39:53,775 - DEBUG - XiDian - Received query: 如何学习机器学习 with meta: {'use_graph': False, 'use_web': False, 'graph_name': 'neo4j', 'selectedKB': None, 'summary_title': False, 'history_round': 20, 'fontSize': 'default', 'wideScreen': False, 'server_model_name': 'deepseek-ai/DeepSeek-R1-Distill-Qwen-7B'}
2025-06-07 16:39:53,884 - INFO - XiDian - Selecting model from `siliconflow` with `deepseek-ai/DeepSeek-R1-Distill-Qwen-7B`
2025-06-07 16:39:54,041 - DEBUG - XiDian - Received query: 如何学习机器学习 with meta: {'use_graph': False, 'use_web': False, 'graph_name': 'neo4j', 'selectedKB': None, 'summary_title': False, 'history_round': 20, 'fontSize': 'default', 'wideScreen': False, 'server_model_name': 'deepseek-ai/DeepSeek-R1-Distill-Qwen-7B'}
2025-06-07 16:39:54,049 - INFO - XiDian - Selecting model from `siliconflow` with `deepseek-ai/DeepSeek-R1-Distill-Qwen-7B`
2025-06-07 16:39:54,220 - DEBUG - XiDian - Received query: 如何学习机器学习 with meta: {'use_graph': False, 'use_web': False, 'graph_name': 'neo4j', 'selectedKB': None, 'summary_title': False, 'history_round': 20, 'fontSize': 'default', 'wideScreen': False, 'server_model_name': 'deepseek-ai/DeepSeek-R1-Distill-Qwen-7B'}
2025-06-07 16:39:54,364 - INFO - XiDian - Selecting model from `siliconflow` with `deepseek-ai/DeepSeek-R1-Distill-Qwen-7B`
2025-06-07 16:39:54,522 - DEBUG - XiDian - Received query: 如何学习机器学习 with meta: {'use_graph': False, 'use_web': False, 'graph_name': 'neo4j', 'selectedKB': None, 'summary_title': False, 'history_round': 20, 'fontSize': 'default', 'wideScreen': False, 'server_model_name': 'deepseek-ai/DeepSeek-R1-Distill-Qwen-7B'}
2025-06-07 16:39:54,560 - INFO - XiDian - Selecting model from `siliconflow` with `deepseek-ai/DeepSeek-R1-Distill-Qwen-7B`
2025-06-07 16:39:54,708 - DEBUG - XiDian - Received query: 如何学习机器学习 with meta: {'use_graph': False, 'use_web': False, 'graph_name': 'neo4j', 'selectedKB': None, 'summary_title': False, 'history_round': 20, 'fontSize': 'default', 'wideScreen': False, 'server_model_name': 'deepseek-ai/DeepSeek-R1-Distill-Qwen-7B'}
2025-06-07 16:39:54,834 - INFO - XiDian - Selecting model from `siliconflow` with `deepseek-ai/DeepSeek-R1-Distill-Qwen-7B`
2025-06-07 16:39:54,985 - DEBUG - XiDian - Received query: 如何学习机器学习 with meta: {'use_graph': False, 'use_web': False, 'graph_name': 'neo4j', 'selectedKB': None, 'summary_title': False, 'history_round': 20, 'fontSize': 'default', 'wideScreen': False, 'server_model_name': 'deepseek-ai/DeepSeek-R1-Distill-Qwen-7B'}
2025-06-07 16:39:55,101 - INFO - XiDian - Selecting model from `siliconflow` with `deepseek-ai/DeepSeek-R1-Distill-Qwen-7B`
2025-06-07 16:39:55,258 - DEBUG - XiDian - Received query: 如何学习机器学习 with meta: {'use_graph': False, 'use_web': False, 'graph_name': 'neo4j', 'selectedKB': None, 'summary_title': False, 'history_round': 20, 'fontSize': 'default', 'wideScreen': False, 'server_model_name': 'deepseek-ai/DeepSeek-R1-Distill-Qwen-7B'}
2025-06-07 16:39:55,344 - INFO - XiDian - Selecting model from `siliconflow` with `deepseek-ai/DeepSeek-R1-Distill-Qwen-7B`
2025-06-07 16:39:55,503 - DEBUG - XiDian - Received query: 如何学习机器学习 with meta: {'use_graph': False, 'use_web': False, 'graph_name': 'neo4j', 'selectedKB': None, 'summary_title': False, 'history_round': 20, 'fontSize': 'default', 'wideScreen': False, 'server_model_name': 'deepseek-ai/DeepSeek-R1-Distill-Qwen-7B'}
2025-06-07 16:39:55,596 - INFO - XiDian - Selecting model from `siliconflow` with `deepseek-ai/DeepSeek-R1-Distill-Qwen-7B`
2025-06-07 16:39:55,764 - DEBUG - XiDian - Received query: 如何学习机器学习 with meta: {'use_graph': False, 'use_web': False, 'graph_name': 'neo4j', 'selectedKB': None, 'summary_title': False, 'history_round': 20, 'fontSize': 'default', 'wideScreen': False, 'server_model_name': 'deepseek-ai/DeepSeek-R1-Distill-Qwen-7B'}
2025-06-07 16:39:55,870 - INFO - XiDian - Selecting model from `siliconflow` with `deepseek-ai/DeepSeek-R1-Distill-Qwen-7B`
2025-06-07 16:39:56,035 - DEBUG - XiDian - Received query: 如何学习机器学习 with meta: {'use_graph': False, 'use_web': False, 'graph_name': 'neo4j', 'selectedKB': None, 'summary_title': False, 'history_round': 20, 'fontSize': 'default', 'wideScreen': False, 'server_model_name': 'deepseek-ai/DeepSeek-R1-Distill-Qwen-7B'}
2025-06-07 16:39:56,106 - INFO - XiDian - Selecting model from `siliconflow` with `deepseek-ai/DeepSeek-R1-Distill-Qwen-7B`
2025-06-07 16:39:56,262 - DEBUG - XiDian - Received query: 如何学习机器学习 with meta: {'use_graph': False, 'use_web': False, 'graph_name': 'neo4j', 'selectedKB': None, 'summary_title': False, 'history_round': 20, 'fontSize': 'default', 'wideScreen': False, 'server_model_name': 'deepseek-ai/DeepSeek-R1-Distill-Qwen-7B'}
2025-06-07 16:39:56,434 - INFO - XiDian - Selecting model from `siliconflow` with `deepseek-ai/DeepSeek-R1-Distill-Qwen-7B`
2025-06-07 16:39:56,591 - DEBUG - XiDian - Received query: 如何学习机器学习 with meta: {'use_graph': False, 'use_web': False, 'graph_name': 'neo4j', 'selectedKB': None, 'summary_title': False, 'history_round': 20, 'fontSize': 'default', 'wideScreen': False, 'server_model_name': 'deepseek-ai/DeepSeek-R1-Distill-Qwen-7B'}
2025-06-07 16:39:56,648 - INFO - XiDian - Selecting model from `siliconflow` with `deepseek-ai/DeepSeek-R1-Distill-Qwen-7B`
2025-06-07 16:39:56,827 - DEBUG - XiDian - Received query: 如何学习机器学习 with meta: {'use_graph': False, 'use_web': False, 'graph_name': 'neo4j', 'selectedKB': None, 'summary_title': False, 'history_round': 20, 'fontSize': 'default', 'wideScreen': False, 'server_model_name': 'deepseek-ai/DeepSeek-R1-Distill-Qwen-7B'}
2025-06-07 16:39:57,043 - INFO - XiDian - Selecting model from `siliconflow` with `deepseek-ai/DeepSeek-R1-Distill-Qwen-7B`
2025-06-07 16:39:57,450 - DEBUG - XiDian - Received query: 如何学习机器学习 with meta: {'use_graph': False, 'use_web': False, 'graph_name': 'neo4j', 'selectedKB': None, 'summary_title': False, 'history_round': 20, 'fontSize': 'default', 'wideScreen': False, 'server_model_name': 'deepseek-ai/DeepSeek-R1-Distill-Qwen-7B'}
2025-06-07 16:39:57,673 - INFO - XiDian - Selecting model from `siliconflow` with `deepseek-ai/DeepSeek-R1-Distill-Qwen-7B`
2025-06-07 16:39:57,894 - DEBUG - XiDian - Received query: 如何学习机器学习 with meta: {'use_graph': False, 'use_web': False, 'graph_name': 'neo4j', 'selectedKB': None, 'summary_title': False, 'history_round': 20, 'fontSize': 'default', 'wideScreen': False, 'server_model_name': 'deepseek-ai/DeepSeek-R1-Distill-Qwen-7B'}
2025-06-07 16:39:58,024 - INFO - XiDian - Selecting model from `siliconflow` with `deepseek-ai/DeepSeek-R1-Distill-Qwen-7B`
2025-06-07 16:39:58,188 - DEBUG - XiDian - Received query: 如何学习机器学习 with meta: {'use_graph': False, 'use_web': False, 'graph_name': 'neo4j', 'selectedKB': None, 'summary_title': False, 'history_round': 20, 'fontSize': 'default', 'wideScreen': False, 'server_model_name': 'deepseek-ai/DeepSeek-R1-Distill-Qwen-7B'}
2025-06-07 16:39:58,280 - INFO - XiDian - Selecting model from `siliconflow` with `deepseek-ai/DeepSeek-R1-Distill-Qwen-7B`
2025-06-07 16:39:58,454 - DEBUG - XiDian - Received query: 如何学习机器学习 with meta: {'use_graph': False, 'use_web': False, 'graph_name': 'neo4j', 'selectedKB': None, 'summary_title': False, 'history_round': 20, 'fontSize': 'default', 'wideScreen': False, 'server_model_name': 'deepseek-ai/DeepSeek-R1-Distill-Qwen-7B'}
2025-06-07 16:39:58,575 - INFO - XiDian - Selecting model from `siliconflow` with `deepseek-ai/DeepSeek-R1-Distill-Qwen-7B`
2025-06-07 16:39:58,747 - DEBUG - XiDian - Received query: 如何学习机器学习 with meta: {'use_graph': False, 'use_web': False, 'graph_name': 'neo4j', 'selectedKB': None, 'summary_title': False, 'history_round': 20, 'fontSize': 'default', 'wideScreen': False, 'server_model_name': 'deepseek-ai/DeepSeek-R1-Distill-Qwen-7B'}
2025-06-07 16:39:58,840 - INFO - XiDian - Selecting model from `siliconflow` with `deepseek-ai/DeepSeek-R1-Distill-Qwen-7B`
2025-06-07 16:39:59,005 - DEBUG - XiDian - Received query: 如何学习机器学习 with meta: {'use_graph': False, 'use_web': False, 'graph_name': 'neo4j', 'selectedKB': None, 'summary_title': False, 'history_round': 20, 'fontSize': 'default', 'wideScreen': False, 'server_model_name': 'deepseek-ai/DeepSeek-R1-Distill-Qwen-7B'}
2025-06-07 16:39:59,098 - INFO - XiDian - Selecting model from `siliconflow` with `deepseek-ai/DeepSeek-R1-Distill-Qwen-7B`
2025-06-07 16:39:59,263 - DEBUG - XiDian - Received query: 如何学习机器学习 with meta: {'use_graph': False, 'use_web': False, 'graph_name': 'neo4j', 'selectedKB': None, 'summary_title': False, 'history_round': 20, 'fontSize': 'default', 'wideScreen': False, 'server_model_name': 'deepseek-ai/DeepSeek-R1-Distill-Qwen-7B'}
2025-06-07 16:39:59,336 - INFO - XiDian - Selecting model from `siliconflow` with `deepseek-ai/DeepSeek-R1-Distill-Qwen-7B`
2025-06-07 16:39:59,493 - DEBUG - XiDian - Received query: 如何学习机器学习 with meta: {'use_graph': False, 'use_web': False, 'graph_name': 'neo4j', 'selectedKB': None, 'summary_title': False, 'history_round': 20, 'fontSize': 'default', 'wideScreen': False, 'server_model_name': 'deepseek-ai/DeepSeek-R1-Distill-Qwen-7B'}
2025-06-07 16:39:59,593 - INFO - XiDian - Selecting model from `siliconflow` with `deepseek-ai/DeepSeek-R1-Distill-Qwen-7B`
2025-06-07 16:39:59,770 - DEBUG - XiDian - Received query: 如何学习机器学习 with meta: {'use_graph': False, 'use_web': False, 'graph_name': 'neo4j', 'selectedKB': None, 'summary_title': False, 'history_round': 20, 'fontSize': 'default', 'wideScreen': False, 'server_model_name': 'deepseek-ai/DeepSeek-R1-Distill-Qwen-7B'}
2025-06-07 16:39:59,968 - INFO - XiDian - Selecting model from `siliconflow` with `deepseek-ai/DeepSeek-R1-Distill-Qwen-7B`
2025-06-07 16:40:00,140 - DEBUG - XiDian - Received query: 如何学习机器学习 with meta: {'use_graph': False, 'use_web': False, 'graph_name': 'neo4j', 'selectedKB': None, 'summary_title': False, 'history_round': 20, 'fontSize': 'default', 'wideScreen': False, 'server_model_name': 'deepseek-ai/DeepSeek-R1-Distill-Qwen-7B'}
2025-06-07 16:40:00,190 - INFO - XiDian - Selecting model from `siliconflow` with `deepseek-ai/DeepSeek-R1-Distill-Qwen-7B`
2025-06-07 16:40:00,377 - DEBUG - XiDian - Received query: 如何学习机器学习 with meta: {'use_graph': False, 'use_web': False, 'graph_name': 'neo4j', 'selectedKB': None, 'summary_title': False, 'history_round': 20, 'fontSize': 'default', 'wideScreen': False, 'server_model_name': 'deepseek-ai/DeepSeek-R1-Distill-Qwen-7B'}
2025-06-07 16:40:00,481 - INFO - XiDian - Selecting model from `siliconflow` with `deepseek-ai/DeepSeek-R1-Distill-Qwen-7B`
2025-06-07 16:40:00,662 - DEBUG - XiDian - Received query: 如何学习机器学习 with meta: {'use_graph': False, 'use_web': False, 'graph_name': 'neo4j', 'selectedKB': None, 'summary_title': False, 'history_round': 20, 'fontSize': 'default', 'wideScreen': False, 'server_model_name': 'deepseek-ai/DeepSeek-R1-Distill-Qwen-7B'}
2025-06-07 16:40:00,854 - INFO - XiDian - Selecting model from `siliconflow` with `deepseek-ai/DeepSeek-R1-Distill-Qwen-7B`
2025-06-07 16:40:01,032 - DEBUG - XiDian - Received query: 如何学习机器学习 with meta: {'use_graph': False, 'use_web': False, 'graph_name': 'neo4j', 'selectedKB': None, 'summary_title': False, 'history_round': 20, 'fontSize': 'default', 'wideScreen': False, 'server_model_name': 'deepseek-ai/DeepSeek-R1-Distill-Qwen-7B'}
2025-06-07 16:40:01,044 - INFO - XiDian - Selecting model from `siliconflow` with `deepseek-ai/DeepSeek-R1-Distill-Qwen-7B`
2025-06-07 16:40:01,257 - DEBUG - XiDian - Received query: 如何学习机器学习 with meta: {'use_graph': False, 'use_web': False, 'graph_name': 'neo4j', 'selectedKB': None, 'summary_title': False, 'history_round': 20, 'fontSize': 'default', 'wideScreen': False, 'server_model_name': 'deepseek-ai/DeepSeek-R1-Distill-Qwen-7B'}
2025-06-07 16:40:01,432 - INFO - XiDian - Selecting model from `siliconflow` with `deepseek-ai/DeepSeek-R1-Distill-Qwen-7B`
2025-06-07 16:40:01,591 - DEBUG - XiDian - Received query: 如何学习机器学习 with meta: {'use_graph': False, 'use_web': False, 'graph_name': 'neo4j', 'selectedKB': None, 'summary_title': False, 'history_round': 20, 'fontSize': 'default', 'wideScreen': False, 'server_model_name': 'deepseek-ai/DeepSeek-R1-Distill-Qwen-7B'}
2025-06-07 16:40:01,716 - INFO - XiDian - Selecting model from `siliconflow` with `deepseek-ai/DeepSeek-R1-Distill-Qwen-7B`
2025-06-07 16:40:01,890 - DEBUG - XiDian - Received query: 如何学习机器学习 with meta: {'use_graph': False, 'use_web': False, 'graph_name': 'neo4j', 'selectedKB': None, 'summary_title': False, 'history_round': 20, 'fontSize': 'default', 'wideScreen': False, 'server_model_name': 'deepseek-ai/DeepSeek-R1-Distill-Qwen-7B'}
2025-06-07 16:40:01,969 - INFO - XiDian - Selecting model from `siliconflow` with `deepseek-ai/DeepSeek-R1-Distill-Qwen-7B`
2025-06-07 16:40:02,160 - DEBUG - XiDian - Received query: 如何学习机器学习 with meta: {'use_graph': False, 'use_web': False, 'graph_name': 'neo4j', 'selectedKB': None, 'summary_title': False, 'history_round': 20, 'fontSize': 'default', 'wideScreen': False, 'server_model_name': 'deepseek-ai/DeepSeek-R1-Distill-Qwen-7B'}
2025-06-07 16:40:02,259 - INFO - XiDian - Selecting model from `siliconflow` with `deepseek-ai/DeepSeek-R1-Distill-Qwen-7B`
2025-06-07 16:40:02,463 - DEBUG - XiDian - Received query: 如何学习机器学习 with meta: {'use_graph': False, 'use_web': False, 'graph_name': 'neo4j', 'selectedKB': None, 'summary_title': False, 'history_round': 20, 'fontSize': 'default', 'wideScreen': False, 'server_model_name': 'deepseek-ai/DeepSeek-R1-Distill-Qwen-7B'}
2025-06-07 16:40:02,608 - INFO - XiDian - Selecting model from `siliconflow` with `deepseek-ai/DeepSeek-R1-Distill-Qwen-7B`
2025-06-07 16:40:02,821 - DEBUG - XiDian - Received query: 如何学习机器学习 with meta: {'use_graph': False, 'use_web': False, 'graph_name': 'neo4j', 'selectedKB': None, 'summary_title': False, 'history_round': 20, 'fontSize': 'default', 'wideScreen': False, 'server_model_name': 'deepseek-ai/DeepSeek-R1-Distill-Qwen-7B'}
2025-06-07 16:40:02,955 - INFO - XiDian - Selecting model from `siliconflow` with `deepseek-ai/DeepSeek-R1-Distill-Qwen-7B`
2025-06-07 16:40:03,114 - DEBUG - XiDian - Received query: 如何学习机器学习 with meta: {'use_graph': False, 'use_web': False, 'graph_name': 'neo4j', 'selectedKB': None, 'summary_title': False, 'history_round': 20, 'fontSize': 'default', 'wideScreen': False, 'server_model_name': 'deepseek-ai/DeepSeek-R1-Distill-Qwen-7B'}
2025-06-07 16:40:03,295 - INFO - XiDian - Selecting model from `siliconflow` with `deepseek-ai/DeepSeek-R1-Distill-Qwen-7B`
2025-06-07 16:40:03,466 - DEBUG - XiDian - Received query: 如何学习机器学习 with meta: {'use_graph': False, 'use_web': False, 'graph_name': 'neo4j', 'selectedKB': None, 'summary_title': False, 'history_round': 20, 'fontSize': 'default', 'wideScreen': False, 'server_model_name': 'deepseek-ai/DeepSeek-R1-Distill-Qwen-7B'}
2025-06-07 16:40:03,507 - INFO - XiDian - Selecting model from `siliconflow` with `deepseek-ai/DeepSeek-R1-Distill-Qwen-7B`
2025-06-07 16:40:03,700 - DEBUG - XiDian - Received query: 如何学习机器学习 with meta: {'use_graph': False, 'use_web': False, 'graph_name': 'neo4j', 'selectedKB': None, 'summary_title': False, 'history_round': 20, 'fontSize': 'default', 'wideScreen': False, 'server_model_name': 'deepseek-ai/DeepSeek-R1-Distill-Qwen-7B'}
2025-06-07 16:40:03,825 - INFO - XiDian - Selecting model from `siliconflow` with `deepseek-ai/DeepSeek-R1-Distill-Qwen-7B`
2025-06-07 16:40:04,038 - DEBUG - XiDian - Received query: 如何学习机器学习 with meta: {'use_graph': False, 'use_web': False, 'graph_name': 'neo4j', 'selectedKB': None, 'summary_title': False, 'history_round': 20, 'fontSize': 'default', 'wideScreen': False, 'server_model_name': 'deepseek-ai/DeepSeek-R1-Distill-Qwen-7B'}
2025-06-07 16:40:04,156 - INFO - XiDian - Selecting model from `siliconflow` with `deepseek-ai/DeepSeek-R1-Distill-Qwen-7B`
2025-06-07 16:40:04,319 - DEBUG - XiDian - Received query: 如何学习机器学习 with meta: {'use_graph': False, 'use_web': False, 'graph_name': 'neo4j', 'selectedKB': None, 'summary_title': False, 'history_round': 20, 'fontSize': 'default', 'wideScreen': False, 'server_model_name': 'deepseek-ai/DeepSeek-R1-Distill-Qwen-7B'}
2025-06-07 16:40:04,348 - INFO - XiDian - Selecting model from `siliconflow` with `deepseek-ai/DeepSeek-R1-Distill-Qwen-7B`
2025-06-07 16:40:04,553 - DEBUG - XiDian - Received query: 如何学习机器学习 with meta: {'use_graph': False, 'use_web': False, 'graph_name': 'neo4j', 'selectedKB': None, 'summary_title': False, 'history_round': 20, 'fontSize': 'default', 'wideScreen': False, 'server_model_name': 'deepseek-ai/DeepSeek-R1-Distill-Qwen-7B'}
2025-06-07 16:40:04,668 - INFO - XiDian - Selecting model from `siliconflow` with `deepseek-ai/DeepSeek-R1-Distill-Qwen-7B`
2025-06-07 16:40:04,878 - DEBUG - XiDian - Received query: 如何学习机器学习 with meta: {'use_graph': False, 'use_web': False, 'graph_name': 'neo4j', 'selectedKB': None, 'summary_title': False, 'history_round': 20, 'fontSize': 'default', 'wideScreen': False, 'server_model_name': 'deepseek-ai/DeepSeek-R1-Distill-Qwen-7B'}
2025-06-07 16:40:04,944 - INFO - XiDian - Selecting model from `siliconflow` with `deepseek-ai/DeepSeek-R1-Distill-Qwen-7B`
2025-06-07 16:40:05,160 - DEBUG - XiDian - Received query: 如何学习机器学习 with meta: {'use_graph': False, 'use_web': False, 'graph_name': 'neo4j', 'selectedKB': None, 'summary_title': False, 'history_round': 20, 'fontSize': 'default', 'wideScreen': False, 'server_model_name': 'deepseek-ai/DeepSeek-R1-Distill-Qwen-7B'}
2025-06-07 16:40:05,277 - INFO - XiDian - Selecting model from `siliconflow` with `deepseek-ai/DeepSeek-R1-Distill-Qwen-7B`
2025-06-07 16:40:05,463 - DEBUG - XiDian - Received query: 如何学习机器学习 with meta: {'use_graph': False, 'use_web': False, 'graph_name': 'neo4j', 'selectedKB': None, 'summary_title': False, 'history_round': 20, 'fontSize': 'default', 'wideScreen': False, 'server_model_name': 'deepseek-ai/DeepSeek-R1-Distill-Qwen-7B'}
2025-06-07 16:40:06,427 - INFO - XiDian - Selecting model from `siliconflow` with `deepseek-ai/DeepSeek-R1-Distill-Qwen-7B`
2025-06-07 16:40:06,622 - DEBUG - XiDian - Received query: 如何学习机器学习 with meta: {'use_graph': False, 'use_web': False, 'graph_name': 'neo4j', 'selectedKB': None, 'summary_title': False, 'history_round': 20, 'fontSize': 'default', 'wideScreen': False, 'server_model_name': 'deepseek-ai/DeepSeek-R1-Distill-Qwen-7B'}
2025-06-07 16:40:07,113 - INFO - XiDian - Selecting model from `siliconflow` with `deepseek-ai/DeepSeek-R1-Distill-Qwen-7B`
2025-06-07 16:40:07,283 - DEBUG - XiDian - Received query: 如何学习机器学习 with meta: {'use_graph': False, 'use_web': False, 'graph_name': 'neo4j', 'selectedKB': None, 'summary_title': False, 'history_round': 20, 'fontSize': 'default', 'wideScreen': False, 'server_model_name': 'deepseek-ai/DeepSeek-R1-Distill-Qwen-7B'}
2025-06-07 16:40:07,352 - INFO - XiDian - Selecting model from `siliconflow` with `deepseek-ai/DeepSeek-R1-Distill-Qwen-7B`
2025-06-07 16:40:07,531 - DEBUG - XiDian - Received query: 如何学习机器学习 with meta: {'use_graph': False, 'use_web': False, 'graph_name': 'neo4j', 'selectedKB': None, 'summary_title': False, 'history_round': 20, 'fontSize': 'default', 'wideScreen': False, 'server_model_name': 'deepseek-ai/DeepSeek-R1-Distill-Qwen-7B'}
2025-06-07 16:40:07,738 - INFO - XiDian - Selecting model from `siliconflow` with `deepseek-ai/DeepSeek-R1-Distill-Qwen-7B`
2025-06-07 16:40:07,925 - DEBUG - XiDian - Received query: 如何学习机器学习 with meta: {'use_graph': False, 'use_web': False, 'graph_name': 'neo4j', 'selectedKB': None, 'summary_title': False, 'history_round': 20, 'fontSize': 'default', 'wideScreen': False, 'server_model_name': 'deepseek-ai/DeepSeek-R1-Distill-Qwen-7B'}
2025-06-07 16:40:07,957 - INFO - XiDian - Selecting model from `siliconflow` with `deepseek-ai/DeepSeek-R1-Distill-Qwen-7B`
2025-06-07 16:40:08,147 - DEBUG - XiDian - Received query: 如何学习机器学习 with meta: {'use_graph': False, 'use_web': False, 'graph_name': 'neo4j', 'selectedKB': None, 'summary_title': False, 'history_round': 20, 'fontSize': 'default', 'wideScreen': False, 'server_model_name': 'deepseek-ai/DeepSeek-R1-Distill-Qwen-7B'}
2025-06-07 16:40:08,199 - INFO - XiDian - Selecting model from `siliconflow` with `deepseek-ai/DeepSeek-R1-Distill-Qwen-7B`
2025-06-07 16:40:08,366 - DEBUG - XiDian - Received query: 如何学习机器学习 with meta: {'use_graph': False, 'use_web': False, 'graph_name': 'neo4j', 'selectedKB': None, 'summary_title': False, 'history_round': 20, 'fontSize': 'default', 'wideScreen': False, 'server_model_name': 'deepseek-ai/DeepSeek-R1-Distill-Qwen-7B'}
2025-06-07 16:40:08,560 - INFO - XiDian - Selecting model from `siliconflow` with `deepseek-ai/DeepSeek-R1-Distill-Qwen-7B`
2025-06-07 16:40:08,744 - DEBUG - XiDian - Received query: 如何学习机器学习 with meta: {'use_graph': False, 'use_web': False, 'graph_name': 'neo4j', 'selectedKB': None, 'summary_title': False, 'history_round': 20, 'fontSize': 'default', 'wideScreen': False, 'server_model_name': 'deepseek-ai/DeepSeek-R1-Distill-Qwen-7B'}
2025-06-07 16:40:08,791 - INFO - XiDian - Selecting model from `siliconflow` with `deepseek-ai/DeepSeek-R1-Distill-Qwen-7B`
2025-06-07 16:40:08,976 - DEBUG - XiDian - Received query: 如何学习机器学习 with meta: {'use_graph': False, 'use_web': False, 'graph_name': 'neo4j', 'selectedKB': None, 'summary_title': False, 'history_round': 20, 'fontSize': 'default', 'wideScreen': False, 'server_model_name': 'deepseek-ai/DeepSeek-R1-Distill-Qwen-7B'}
2025-06-07 16:40:09,017 - INFO - XiDian - Selecting model from `siliconflow` with `deepseek-ai/DeepSeek-R1-Distill-Qwen-7B`
2025-06-07 16:40:09,203 - DEBUG - XiDian - Received query: 如何学习机器学习 with meta: {'use_graph': False, 'use_web': False, 'graph_name': 'neo4j', 'selectedKB': None, 'summary_title': False, 'history_round': 20, 'fontSize': 'default', 'wideScreen': False, 'server_model_name': 'deepseek-ai/DeepSeek-R1-Distill-Qwen-7B'}
2025-06-07 16:40:09,357 - INFO - XiDian - Selecting model from `siliconflow` with `deepseek-ai/DeepSeek-R1-Distill-Qwen-7B`
2025-06-07 16:40:09,541 - DEBUG - XiDian - Received query: 如何学习机器学习 with meta: {'use_graph': False, 'use_web': False, 'graph_name': 'neo4j', 'selectedKB': None, 'summary_title': False, 'history_round': 20, 'fontSize': 'default', 'wideScreen': False, 'server_model_name': 'deepseek-ai/DeepSeek-R1-Distill-Qwen-7B'}
2025-06-07 16:40:09,601 - INFO - XiDian - Selecting model from `siliconflow` with `deepseek-ai/DeepSeek-R1-Distill-Qwen-7B`
2025-06-07 16:40:09,775 - DEBUG - XiDian - Received query: 如何学习机器学习 with meta: {'use_graph': False, 'use_web': False, 'graph_name': 'neo4j', 'selectedKB': None, 'summary_title': False, 'history_round': 20, 'fontSize': 'default', 'wideScreen': False, 'server_model_name': 'deepseek-ai/DeepSeek-R1-Distill-Qwen-7B'}
2025-06-07 16:40:09,828 - INFO - XiDian - Selecting model from `siliconflow` with `deepseek-ai/DeepSeek-R1-Distill-Qwen-7B`
2025-06-07 16:40:10,006 - DEBUG - XiDian - Received query: 如何学习机器学习 with meta: {'use_graph': False, 'use_web': False, 'graph_name': 'neo4j', 'selectedKB': None, 'summary_title': False, 'history_round': 20, 'fontSize': 'default', 'wideScreen': False, 'server_model_name': 'deepseek-ai/DeepSeek-R1-Distill-Qwen-7B'}
2025-06-07 16:40:10,224 - INFO - XiDian - Selecting model from `siliconflow` with `deepseek-ai/DeepSeek-R1-Distill-Qwen-7B`
2025-06-07 16:40:10,438 - DEBUG - XiDian - Received query: 如何学习机器学习 with meta: {'use_graph': False, 'use_web': False, 'graph_name': 'neo4j', 'selectedKB': None, 'summary_title': False, 'history_round': 20, 'fontSize': 'default', 'wideScreen': False, 'server_model_name': 'deepseek-ai/DeepSeek-R1-Distill-Qwen-7B'}
2025-06-07 16:40:10,494 - INFO - XiDian - Selecting model from `siliconflow` with `deepseek-ai/DeepSeek-R1-Distill-Qwen-7B`
2025-06-07 16:40:10,663 - DEBUG - XiDian - Received query: 如何学习机器学习 with meta: {'use_graph': False, 'use_web': False, 'graph_name': 'neo4j', 'selectedKB': None, 'summary_title': False, 'history_round': 20, 'fontSize': 'default', 'wideScreen': False, 'server_model_name': 'deepseek-ai/DeepSeek-R1-Distill-Qwen-7B'}
2025-06-07 16:40:10,921 - INFO - XiDian - Selecting model from `siliconflow` with `deepseek-ai/DeepSeek-R1-Distill-Qwen-7B`
2025-06-07 16:40:11,101 - DEBUG - XiDian - Received query: 如何学习机器学习 with meta: {'use_graph': False, 'use_web': False, 'graph_name': 'neo4j', 'selectedKB': None, 'summary_title': False, 'history_round': 20, 'fontSize': 'default', 'wideScreen': False, 'server_model_name': 'deepseek-ai/DeepSeek-R1-Distill-Qwen-7B'}
2025-06-07 16:40:11,110 - INFO - XiDian - Selecting model from `siliconflow` with `deepseek-ai/DeepSeek-R1-Distill-Qwen-7B`
2025-06-07 16:40:11,312 - DEBUG - XiDian - Received query: 如何学习机器学习 with meta: {'use_graph': False, 'use_web': False, 'graph_name': 'neo4j', 'selectedKB': None, 'summary_title': False, 'history_round': 20, 'fontSize': 'default', 'wideScreen': False, 'server_model_name': 'deepseek-ai/DeepSeek-R1-Distill-Qwen-7B'}
2025-06-07 16:40:11,343 - INFO - XiDian - Selecting model from `siliconflow` with `deepseek-ai/DeepSeek-R1-Distill-Qwen-7B`
2025-06-07 16:40:11,526 - DEBUG - XiDian - Received query: 如何学习机器学习 with meta: {'use_graph': False, 'use_web': False, 'graph_name': 'neo4j', 'selectedKB': None, 'summary_title': False, 'history_round': 20, 'fontSize': 'default', 'wideScreen': False, 'server_model_name': 'deepseek-ai/DeepSeek-R1-Distill-Qwen-7B'}
2025-06-07 16:40:11,552 - INFO - XiDian - Selecting model from `siliconflow` with `deepseek-ai/DeepSeek-R1-Distill-Qwen-7B`
2025-06-07 16:40:11,715 - DEBUG - XiDian - Received query: 如何学习机器学习 with meta: {'use_graph': False, 'use_web': False, 'graph_name': 'neo4j', 'selectedKB': None, 'summary_title': False, 'history_round': 20, 'fontSize': 'default', 'wideScreen': False, 'server_model_name': 'deepseek-ai/DeepSeek-R1-Distill-Qwen-7B'}
2025-06-07 16:40:11,727 - INFO - XiDian - Selecting model from `siliconflow` with `deepseek-ai/DeepSeek-R1-Distill-Qwen-7B`
2025-06-07 16:40:11,890 - DEBUG - XiDian - Received query: 如何学习机器学习 with meta: {'use_graph': False, 'use_web': False, 'graph_name': 'neo4j', 'selectedKB': None, 'summary_title': False, 'history_round': 20, 'fontSize': 'default', 'wideScreen': False, 'server_model_name': 'deepseek-ai/DeepSeek-R1-Distill-Qwen-7B'}
2025-06-07 16:40:11,949 - INFO - XiDian - Selecting model from `siliconflow` with `deepseek-ai/DeepSeek-R1-Distill-Qwen-7B`
2025-06-07 16:40:12,140 - DEBUG - XiDian - Received query: 如何学习机器学习 with meta: {'use_graph': False, 'use_web': False, 'graph_name': 'neo4j', 'selectedKB': None, 'summary_title': False, 'history_round': 20, 'fontSize': 'default', 'wideScreen': False, 'server_model_name': 'deepseek-ai/DeepSeek-R1-Distill-Qwen-7B'}
2025-06-07 16:40:12,199 - INFO - XiDian - Selecting model from `siliconflow` with `deepseek-ai/DeepSeek-R1-Distill-Qwen-7B`
2025-06-07 16:40:12,378 - DEBUG - XiDian - Received query: 如何学习机器学习 with meta: {'use_graph': False, 'use_web': False, 'graph_name': 'neo4j', 'selectedKB': None, 'summary_title': False, 'history_round': 20, 'fontSize': 'default', 'wideScreen': False, 'server_model_name': 'deepseek-ai/DeepSeek-R1-Distill-Qwen-7B'}
2025-06-07 16:40:12,458 - INFO - XiDian - Selecting model from `siliconflow` with `deepseek-ai/DeepSeek-R1-Distill-Qwen-7B`
2025-06-07 16:40:12,651 - DEBUG - XiDian - Received query: 如何学习机器学习 with meta: {'use_graph': False, 'use_web': False, 'graph_name': 'neo4j', 'selectedKB': None, 'summary_title': False, 'history_round': 20, 'fontSize': 'default', 'wideScreen': False, 'server_model_name': 'deepseek-ai/DeepSeek-R1-Distill-Qwen-7B'}
2025-06-07 16:40:12,702 - INFO - XiDian - Selecting model from `siliconflow` with `deepseek-ai/DeepSeek-R1-Distill-Qwen-7B`
2025-06-07 16:40:12,868 - DEBUG - XiDian - Received query: 如何学习机器学习 with meta: {'use_graph': False, 'use_web': False, 'graph_name': 'neo4j', 'selectedKB': None, 'summary_title': False, 'history_round': 20, 'fontSize': 'default', 'wideScreen': False, 'server_model_name': 'deepseek-ai/DeepSeek-R1-Distill-Qwen-7B'}
2025-06-07 16:40:13,083 - INFO - XiDian - Selecting model from `siliconflow` with `deepseek-ai/DeepSeek-R1-Distill-Qwen-7B`
2025-06-07 16:40:13,263 - DEBUG - XiDian - Received query: 如何学习机器学习 with meta: {'use_graph': False, 'use_web': False, 'graph_name': 'neo4j', 'selectedKB': None, 'summary_title': False, 'history_round': 20, 'fontSize': 'default', 'wideScreen': False, 'server_model_name': 'deepseek-ai/DeepSeek-R1-Distill-Qwen-7B'}
2025-06-07 16:40:13,505 - INFO - XiDian - Selecting model from `siliconflow` with `deepseek-ai/DeepSeek-R1-Distill-Qwen-7B`
2025-06-07 16:40:13,694 - DEBUG - XiDian - Received query: 如何学习机器学习 with meta: {'use_graph': False, 'use_web': False, 'graph_name': 'neo4j', 'selectedKB': None, 'summary_title': False, 'history_round': 20, 'fontSize': 'default', 'wideScreen': False, 'server_model_name': 'deepseek-ai/DeepSeek-R1-Distill-Qwen-7B'}
2025-06-07 16:40:13,813 - INFO - XiDian - Selecting model from `siliconflow` with `deepseek-ai/DeepSeek-R1-Distill-Qwen-7B`
2025-06-07 16:40:13,981 - DEBUG - XiDian - Received query: 如何学习机器学习 with meta: {'use_graph': False, 'use_web': False, 'graph_name': 'neo4j', 'selectedKB': None, 'summary_title': False, 'history_round': 20, 'fontSize': 'default', 'wideScreen': False, 'server_model_name': 'deepseek-ai/DeepSeek-R1-Distill-Qwen-7B'}
2025-06-07 16:40:14,075 - INFO - XiDian - Selecting model from `siliconflow` with `deepseek-ai/DeepSeek-R1-Distill-Qwen-7B`
2025-06-07 16:40:14,307 - DEBUG - XiDian - Received query: 如何学习机器学习 with meta: {'use_graph': False, 'use_web': False, 'graph_name': 'neo4j', 'selectedKB': None, 'summary_title': False, 'history_round': 20, 'fontSize': 'default', 'wideScreen': False, 'server_model_name': 'deepseek-ai/DeepSeek-R1-Distill-Qwen-7B'}
2025-06-07 16:40:14,444 - INFO - XiDian - Selecting model from `siliconflow` with `deepseek-ai/DeepSeek-R1-Distill-Qwen-7B`
2025-06-07 16:40:14,635 - DEBUG - XiDian - Received query: 如何学习机器学习 with meta: {'use_graph': False, 'use_web': False, 'graph_name': 'neo4j', 'selectedKB': None, 'summary_title': False, 'history_round': 20, 'fontSize': 'default', 'wideScreen': False, 'server_model_name': 'deepseek-ai/DeepSeek-R1-Distill-Qwen-7B'}
2025-06-07 16:40:14,735 - INFO - XiDian - Selecting model from `siliconflow` with `deepseek-ai/DeepSeek-R1-Distill-Qwen-7B`
2025-06-07 16:40:14,911 - DEBUG - XiDian - Received query: 如何学习机器学习 with meta: {'use_graph': False, 'use_web': False, 'graph_name': 'neo4j', 'selectedKB': None, 'summary_title': False, 'history_round': 20, 'fontSize': 'default', 'wideScreen': False, 'server_model_name': 'deepseek-ai/DeepSeek-R1-Distill-Qwen-7B'}
2025-06-07 16:40:15,038 - INFO - XiDian - Selecting model from `siliconflow` with `deepseek-ai/DeepSeek-R1-Distill-Qwen-7B`
2025-06-07 16:40:15,248 - DEBUG - XiDian - Received query: 如何学习机器学习 with meta: {'use_graph': False, 'use_web': False, 'graph_name': 'neo4j', 'selectedKB': None, 'summary_title': False, 'history_round': 20, 'fontSize': 'default', 'wideScreen': False, 'server_model_name': 'deepseek-ai/DeepSeek-R1-Distill-Qwen-7B'}
2025-06-07 16:40:15,544 - INFO - XiDian - Selecting model from `siliconflow` with `deepseek-ai/DeepSeek-R1-Distill-Qwen-7B`
2025-06-07 16:40:15,770 - DEBUG - XiDian - Received query: 如何学习机器学习 with meta: {'use_graph': False, 'use_web': False, 'graph_name': 'neo4j', 'selectedKB': None, 'summary_title': False, 'history_round': 20, 'fontSize': 'default', 'wideScreen': False, 'server_model_name': 'deepseek-ai/DeepSeek-R1-Distill-Qwen-7B'}
2025-06-07 16:40:15,967 - INFO - XiDian - Selecting model from `siliconflow` with `deepseek-ai/DeepSeek-R1-Distill-Qwen-7B`
2025-06-07 16:40:16,134 - DEBUG - XiDian - Received query: 如何学习机器学习 with meta: {'use_graph': False, 'use_web': False, 'graph_name': 'neo4j', 'selectedKB': None, 'summary_title': False, 'history_round': 20, 'fontSize': 'default', 'wideScreen': False, 'server_model_name': 'deepseek-ai/DeepSeek-R1-Distill-Qwen-7B'}
2025-06-07 16:40:16,230 - INFO - XiDian - Selecting model from `siliconflow` with `deepseek-ai/DeepSeek-R1-Distill-Qwen-7B`
2025-06-07 16:40:16,408 - DEBUG - XiDian - Received query: 如何学习机器学习 with meta: {'use_graph': False, 'use_web': False, 'graph_name': 'neo4j', 'selectedKB': None, 'summary_title': False, 'history_round': 20, 'fontSize': 'default', 'wideScreen': False, 'server_model_name': 'deepseek-ai/DeepSeek-R1-Distill-Qwen-7B'}
2025-06-07 16:40:16,559 - INFO - XiDian - Selecting model from `siliconflow` with `deepseek-ai/DeepSeek-R1-Distill-Qwen-7B`
2025-06-07 16:40:16,754 - DEBUG - XiDian - Received query: 如何学习机器学习 with meta: {'use_graph': False, 'use_web': False, 'graph_name': 'neo4j', 'selectedKB': None, 'summary_title': False, 'history_round': 20, 'fontSize': 'default', 'wideScreen': False, 'server_model_name': 'deepseek-ai/DeepSeek-R1-Distill-Qwen-7B'}
2025-06-07 16:40:17,320 - INFO - XiDian - Selecting model from `siliconflow` with `deepseek-ai/DeepSeek-R1-Distill-Qwen-7B`
2025-06-07 16:40:17,517 - DEBUG - XiDian - Received query: 如何学习机器学习 with meta: {'use_graph': False, 'use_web': False, 'graph_name': 'neo4j', 'selectedKB': None, 'summary_title': False, 'history_round': 20, 'fontSize': 'default', 'wideScreen': False, 'server_model_name': 'deepseek-ai/DeepSeek-R1-Distill-Qwen-7B'}
2025-06-07 16:40:17,729 - INFO - XiDian - Selecting model from `siliconflow` with `deepseek-ai/DeepSeek-R1-Distill-Qwen-7B`
2025-06-07 16:40:17,944 - DEBUG - XiDian - Received query: 如何学习机器学习 with meta: {'use_graph': False, 'use_web': False, 'graph_name': 'neo4j', 'selectedKB': None, 'summary_title': False, 'history_round': 20, 'fontSize': 'default', 'wideScreen': False, 'server_model_name': 'deepseek-ai/DeepSeek-R1-Distill-Qwen-7B'}
2025-06-07 16:40:17,982 - INFO - XiDian - Selecting model from `siliconflow` with `deepseek-ai/DeepSeek-R1-Distill-Qwen-7B`
2025-06-07 16:40:18,144 - DEBUG - XiDian - Received query: 如何学习机器学习 with meta: {'use_graph': False, 'use_web': False, 'graph_name': 'neo4j', 'selectedKB': None, 'summary_title': False, 'history_round': 20, 'fontSize': 'default', 'wideScreen': False, 'server_model_name': 'deepseek-ai/DeepSeek-R1-Distill-Qwen-7B'}
2025-06-07 16:40:18,306 - INFO - XiDian - Selecting model from `siliconflow` with `deepseek-ai/DeepSeek-R1-Distill-Qwen-7B`
2025-06-07 16:40:18,513 - DEBUG - XiDian - Received query: 如何学习机器学习 with meta: {'use_graph': False, 'use_web': False, 'graph_name': 'neo4j', 'selectedKB': None, 'summary_title': False, 'history_round': 20, 'fontSize': 'default', 'wideScreen': False, 'server_model_name': 'deepseek-ai/DeepSeek-R1-Distill-Qwen-7B'}
2025-06-07 16:40:18,514 - INFO - XiDian - Selecting model from `siliconflow` with `deepseek-ai/DeepSeek-R1-Distill-Qwen-7B`
2025-06-07 16:40:18,703 - DEBUG - XiDian - Received query: 如何学习机器学习 with meta: {'use_graph': False, 'use_web': False, 'graph_name': 'neo4j', 'selectedKB': None, 'summary_title': False, 'history_round': 20, 'fontSize': 'default', 'wideScreen': False, 'server_model_name': 'deepseek-ai/DeepSeek-R1-Distill-Qwen-7B'}
2025-06-07 16:40:18,739 - INFO - XiDian - Selecting model from `siliconflow` with `deepseek-ai/DeepSeek-R1-Distill-Qwen-7B`
2025-06-07 16:40:18,926 - DEBUG - XiDian - Received query: 如何学习机器学习 with meta: {'use_graph': False, 'use_web': False, 'graph_name': 'neo4j', 'selectedKB': None, 'summary_title': False, 'history_round': 20, 'fontSize': 'default', 'wideScreen': False, 'server_model_name': 'deepseek-ai/DeepSeek-R1-Distill-Qwen-7B'}
2025-06-07 16:40:18,928 - INFO - XiDian - Selecting model from `siliconflow` with `deepseek-ai/DeepSeek-R1-Distill-Qwen-7B`
2025-06-07 16:40:19,117 - DEBUG - XiDian - Received query: 如何学习机器学习 with meta: {'use_graph': False, 'use_web': False, 'graph_name': 'neo4j', 'selectedKB': None, 'summary_title': False, 'history_round': 20, 'fontSize': 'default', 'wideScreen': False, 'server_model_name': 'deepseek-ai/DeepSeek-R1-Distill-Qwen-7B'}
2025-06-07 16:40:19,334 - INFO - XiDian - Selecting model from `siliconflow` with `deepseek-ai/DeepSeek-R1-Distill-Qwen-7B`
2025-06-07 16:40:19,529 - DEBUG - XiDian - Received query: 如何学习机器学习 with meta: {'use_graph': False, 'use_web': False, 'graph_name': 'neo4j', 'selectedKB': None, 'summary_title': False, 'history_round': 20, 'fontSize': 'default', 'wideScreen': False, 'server_model_name': 'deepseek-ai/DeepSeek-R1-Distill-Qwen-7B'}
2025-06-07 16:40:19,533 - INFO - XiDian - Selecting model from `siliconflow` with `deepseek-ai/DeepSeek-R1-Distill-Qwen-7B`
2025-06-07 16:40:19,706 - DEBUG - XiDian - Received query: 如何学习机器学习 with meta: {'use_graph': False, 'use_web': False, 'graph_name': 'neo4j', 'selectedKB': None, 'summary_title': False, 'history_round': 20, 'fontSize': 'default', 'wideScreen': False, 'server_model_name': 'deepseek-ai/DeepSeek-R1-Distill-Qwen-7B'}
2025-06-07 16:40:19,759 - INFO - XiDian - Selecting model from `siliconflow` with `deepseek-ai/DeepSeek-R1-Distill-Qwen-7B`
2025-06-07 16:40:19,937 - DEBUG - XiDian - Received query: 如何学习机器学习 with meta: {'use_graph': False, 'use_web': False, 'graph_name': 'neo4j', 'selectedKB': None, 'summary_title': False, 'history_round': 20, 'fontSize': 'default', 'wideScreen': False, 'server_model_name': 'deepseek-ai/DeepSeek-R1-Distill-Qwen-7B'}
2025-06-07 16:40:20,170 - INFO - XiDian - Selecting model from `siliconflow` with `deepseek-ai/DeepSeek-R1-Distill-Qwen-7B`
2025-06-07 16:40:20,333 - DEBUG - XiDian - Received query: 如何学习机器学习 with meta: {'use_graph': False, 'use_web': False, 'graph_name': 'neo4j', 'selectedKB': None, 'summary_title': False, 'history_round': 20, 'fontSize': 'default', 'wideScreen': False, 'server_model_name': 'deepseek-ai/DeepSeek-R1-Distill-Qwen-7B'}
2025-06-07 16:40:20,375 - INFO - XiDian - Selecting model from `siliconflow` with `deepseek-ai/DeepSeek-R1-Distill-Qwen-7B`
2025-06-07 16:40:20,541 - DEBUG - XiDian - Received query: 如何学习机器学习 with meta: {'use_graph': False, 'use_web': False, 'graph_name': 'neo4j', 'selectedKB': None, 'summary_title': False, 'history_round': 20, 'fontSize': 'default', 'wideScreen': False, 'server_model_name': 'deepseek-ai/DeepSeek-R1-Distill-Qwen-7B'}
2025-06-07 16:40:20,576 - INFO - XiDian - Selecting model from `siliconflow` with `deepseek-ai/DeepSeek-R1-Distill-Qwen-7B`
2025-06-07 16:40:20,790 - DEBUG - XiDian - Received query: 如何学习机器学习 with meta: {'use_graph': False, 'use_web': False, 'graph_name': 'neo4j', 'selectedKB': None, 'summary_title': False, 'history_round': 20, 'fontSize': 'default', 'wideScreen': False, 'server_model_name': 'deepseek-ai/DeepSeek-R1-Distill-Qwen-7B'}
2025-06-07 16:40:20,961 - INFO - XiDian - Selecting model from `siliconflow` with `deepseek-ai/DeepSeek-R1-Distill-Qwen-7B`
2025-06-07 16:40:21,132 - DEBUG - XiDian - Received query: 如何学习机器学习 with meta: {'use_graph': False, 'use_web': False, 'graph_name': 'neo4j', 'selectedKB': None, 'summary_title': False, 'history_round': 20, 'fontSize': 'default', 'wideScreen': False, 'server_model_name': 'deepseek-ai/DeepSeek-R1-Distill-Qwen-7B'}
2025-06-07 16:40:21,161 - INFO - XiDian - Selecting model from `siliconflow` with `deepseek-ai/DeepSeek-R1-Distill-Qwen-7B`
2025-06-07 16:40:21,356 - DEBUG - XiDian - Received query: 如何学习机器学习 with meta: {'use_graph': False, 'use_web': False, 'graph_name': 'neo4j', 'selectedKB': None, 'summary_title': False, 'history_round': 20, 'fontSize': 'default', 'wideScreen': False, 'server_model_name': 'deepseek-ai/DeepSeek-R1-Distill-Qwen-7B'}
2025-06-07 16:40:21,376 - INFO - XiDian - Selecting model from `siliconflow` with `deepseek-ai/DeepSeek-R1-Distill-Qwen-7B`
2025-06-07 16:40:21,586 - DEBUG - XiDian - Received query: 如何学习机器学习 with meta: {'use_graph': False, 'use_web': False, 'graph_name': 'neo4j', 'selectedKB': None, 'summary_title': False, 'history_round': 20, 'fontSize': 'default', 'wideScreen': False, 'server_model_name': 'deepseek-ai/DeepSeek-R1-Distill-Qwen-7B'}
2025-06-07 16:40:21,599 - INFO - XiDian - Selecting model from `siliconflow` with `deepseek-ai/DeepSeek-R1-Distill-Qwen-7B`
2025-06-07 16:40:21,789 - DEBUG - XiDian - Received query: 如何学习机器学习 with meta: {'use_graph': False, 'use_web': False, 'graph_name': 'neo4j', 'selectedKB': None, 'summary_title': False, 'history_round': 20, 'fontSize': 'default', 'wideScreen': False, 'server_model_name': 'deepseek-ai/DeepSeek-R1-Distill-Qwen-7B'}
2025-06-07 16:40:22,016 - INFO - XiDian - Selecting model from `siliconflow` with `deepseek-ai/DeepSeek-R1-Distill-Qwen-7B`
2025-06-07 16:40:22,599 - DEBUG - XiDian - Received query: 如何学习机器学习 with meta: {'use_graph': False, 'use_web': False, 'graph_name': 'neo4j', 'selectedKB': None, 'summary_title': False, 'history_round': 20, 'fontSize': 'default', 'wideScreen': False, 'server_model_name': 'deepseek-ai/DeepSeek-R1-Distill-Qwen-7B'}
2025-06-07 16:40:22,610 - INFO - XiDian - Selecting model from `siliconflow` with `deepseek-ai/DeepSeek-R1-Distill-Qwen-7B`
2025-06-07 16:40:22,821 - DEBUG - XiDian - Received query: 如何学习机器学习 with meta: {'use_graph': False, 'use_web': False, 'graph_name': 'neo4j', 'selectedKB': None, 'summary_title': False, 'history_round': 20, 'fontSize': 'default', 'wideScreen': False, 'server_model_name': 'deepseek-ai/DeepSeek-R1-Distill-Qwen-7B'}
2025-06-07 16:40:22,864 - INFO - XiDian - Selecting model from `siliconflow` with `deepseek-ai/DeepSeek-R1-Distill-Qwen-7B`
2025-06-07 16:40:23,025 - DEBUG - XiDian - Received query: 如何学习机器学习 with meta: {'use_graph': False, 'use_web': False, 'graph_name': 'neo4j', 'selectedKB': None, 'summary_title': False, 'history_round': 20, 'fontSize': 'default', 'wideScreen': False, 'server_model_name': 'deepseek-ai/DeepSeek-R1-Distill-Qwen-7B'}
2025-06-07 16:40:23,054 - INFO - XiDian - Selecting model from `siliconflow` with `deepseek-ai/DeepSeek-R1-Distill-Qwen-7B`
2025-06-07 16:40:23,258 - DEBUG - XiDian - Received query: 如何学习机器学习 with meta: {'use_graph': False, 'use_web': False, 'graph_name': 'neo4j', 'selectedKB': None, 'summary_title': False, 'history_round': 20, 'fontSize': 'default', 'wideScreen': False, 'server_model_name': 'deepseek-ai/DeepSeek-R1-Distill-Qwen-7B'}
2025-06-07 16:40:23,398 - INFO - XiDian - Selecting model from `siliconflow` with `deepseek-ai/DeepSeek-R1-Distill-Qwen-7B`
2025-06-07 16:40:23,578 - DEBUG - XiDian - Received query: 如何学习机器学习 with meta: {'use_graph': False, 'use_web': False, 'graph_name': 'neo4j', 'selectedKB': None, 'summary_title': False, 'history_round': 20, 'fontSize': 'default', 'wideScreen': False, 'server_model_name': 'deepseek-ai/DeepSeek-R1-Distill-Qwen-7B'}
2025-06-07 16:40:23,741 - INFO - XiDian - Selecting model from `siliconflow` with `deepseek-ai/DeepSeek-R1-Distill-Qwen-7B`
2025-06-07 16:40:23,944 - DEBUG - XiDian - Received query: 如何学习机器学习 with meta: {'use_graph': False, 'use_web': False, 'graph_name': 'neo4j', 'selectedKB': None, 'summary_title': False, 'history_round': 20, 'fontSize': 'default', 'wideScreen': False, 'server_model_name': 'deepseek-ai/DeepSeek-R1-Distill-Qwen-7B'}
2025-06-07 16:41:19,974 - DEBUG - XiDian - Final response: 

学习机器学习是一个系统化的过程，需要结合理论学习、实践操作以及持续的学习与改进。以下是一些学习机器学习的建议：

### 1. **建立基础知识**
   - **编程基础**：学习Python，了解数据结构、函数、类、异常处理等。
   - **数学基础**：掌握线性代数（矩阵运算、向量空间）、概率与统计（分布、期望、方差等）、微积分（导数、梯度、优化算法）。
   - **算法基础**：理解算法设计与分析的基本概念，如时间复杂度、空间复杂度等。

### 2. **了解机器学习概念**
   - **基础知识**：学习机器学习的定义、类型（监督学习、unsupervised learning、强化学习）、流程等。
   - **评估指标**：了解如何评价模型的表现，如准确率、召回率、F1分数、 ROC曲线等。

### 3. **学习算法**
   - **基础算法**：线性回归、逻辑回归、SVM、K-近邻算法等。
   - **进阶算法**：决策树、随机森林、Gradient Boosting、神经网络（包括深度学习）、聚类算法（K-means、聚变等）等。

### 4. **实践操作**
   - **项目实战**：通过参与实际项目来应用所学理论，积累经验。
   - **工具实践**：熟悉工具和框架如TensorFlow、PyTorch、Scikit-learn、Pandas、Matplotlib等。

### 5. **持续学习与改进**
   - **参加课程**：参与在线课程、线下课程、黑客松活动等。
   - **阅读文献**：阅读权威书籍、论文，关注最新的研究进展。
   - **加入社区**：参与机器学习社区，如Stack Overflow、Kaggle等，与其他学习者交流经验。

### 6. **关注行业动态**
   - **了解前沿**：关注AI发展的最新动态，如 Generative AI、Transfer Learning、NLP、Computer Vision等。
   - **参与比赛**：参与Kaggle等机器学习竞赛，提升实战能力。

### 7. **提升软技能**
   - **解决问题**：锻炼逻辑思维和问题解决能力。
   - **沟通能力**：与团队合作，解释技术方案。
   - **时间管理**：制定学习计划，高效利用时间。

通过以上的系统学习和不断的实践与优化，您将能够逐步掌握机器学习的核心思想和技能，成为机器学习的忠实学习者。
2025-06-07 16:41:19,978 - DEBUG - XiDian - Final reasoning response: 您好！我是由中国的深度求索（DeepSeek）公司独立开发的智能助手DeepSeek-R1，有关模型和产品的详细内容请参考官方文档。

2025-06-07 16:41:20,332 - DEBUG - XiDian - 进入 get_experiment_record_details，整体实验ID: 1, 用户ID: 1
2025-06-07 16:41:20,341 - DEBUG - XiDian - 实验 1 共有 10 个步骤。
2025-06-07 16:41:20,344 - DEBUG - XiDian - 步骤 1: 找到记录 3，状态 'completed', 分数 95.0
2025-06-07 16:41:20,345 - DEBUG - XiDian - 步骤 2: 未找到对应记录，默认为 'pending', 分数 0.0
2025-06-07 16:41:20,346 - DEBUG - XiDian - 步骤 3: 未找到对应记录，默认为 'pending', 分数 0.0
2025-06-07 16:41:20,346 - DEBUG - XiDian - 步骤 4: 找到记录 1，状态 'completed', 分数 90.0
2025-06-07 16:41:20,346 - DEBUG - XiDian - 步骤 5: 未找到对应记录，默认为 'pending', 分数 0.0
2025-06-07 16:41:20,347 - DEBUG - XiDian - 步骤 6: 未找到对应记录，默认为 'pending', 分数 0.0
2025-06-07 16:41:20,347 - DEBUG - XiDian - 步骤 7: 未找到对应记录，默认为 'pending', 分数 0.0
2025-06-07 16:41:20,347 - DEBUG - XiDian - 步骤 8: 未找到对应记录，默认为 'pending', 分数 0.0
2025-06-07 16:41:20,347 - DEBUG - XiDian - 步骤 9: 未找到对应记录，默认为 'pending', 分数 0.0
2025-06-07 16:41:20,347 - DEBUG - XiDian - 步骤 10: 未找到对应记录，默认为 'pending', 分数 0.0
2025-06-07 16:41:42,264 - DEBUG - XiDian - Final response: 

学习机器学习可以按照以下步骤进行：

1. **理解基本概念**：从机器学习的定义、应用场景、核心概念（如监督学习、无监督学习、强化学习）开始，了解机器学习的基本原理和目的。

2. **掌握数学基础**：学习线性代数、概率与统计、微积分等数学知识，为后续算法理解打下基础。

3. **学习编程技能**：掌握Python编程，熟练使用相关库如Pandas、Numpy、Matplotlib，以及机器学习框架如Scikit-learn、TensorFlow等。

4. **学习机器学习算法**：从基础算法如线性回归、逻辑回归、决策树开始，逐步学习更复杂的模型如支持向量机、随机森林、神经网络等。

5. **进行数据分析与处理**：掌握数据清洗、特征工程、数据可视化等技能，提高数据准备和预处理能力。

6. **搭建机器学习pipeline**：学习构建完整的机器学习流程，包括数据加载、特征选择、模型训练、模型评估和调优。

7. **参与实践项目**：通过实际项目（如图像分类、文本分析、预测建模等）积累经验，提升解决问题的能力。

8. **持续学习与应用**：保持对新技术更新的学习，将机器学习应用到实际工作中或研究中。

通过系统学习和不断实践，可以逐步掌握机器学习的精髓和技术要点。
2025-06-07 16:41:42,264 - DEBUG - XiDian - Final reasoning response: 嗯，如何学习机器学习呢？首先，我觉得可能需要先了解什么是机器学习。机器学习听起来很高大上，好像是让计算机自己学习数据，然后做出决策或者预测。好像是这样？

然后，我听说过很多机器学习算法，比如线性回归、逻辑回归、决策树、随机森林、神经网络等等。这些算法具体是怎么工作的呢？是不是都有一个标准流程，像数据预处理、模型训练、模型评估这样的步骤？

数据预处理听起来很关键。数据可能有很多缺失值、异常值、需要归一化或者标准化处理。如果不处理好数据，模型效果会不会很差？比如说，如果数据有太多的类别，或者样本不平衡，该怎么处理？

模型训练方面，好像需要选择合适的算法，并且调整超参数，比如学习率、树的深度等。不过这些怎么调呢？是随机试吗？有没有什么系统的方法？

模型评估，应该就是用测试集来评估模型的表现，常用指标有准确率、精确率、召回率、F1分数等等。但这些指标具体怎么计算呢？什么时候用准确率，什么时候用召回率比较合适？

然后，机器学习 frameworks 好像有很多种，比如 Scikit-learn、TensorFlow、PyTorch、Keras 等等。这些框架有什么区别？我应该从哪里开始学？

还有，实践项目很重要。我觉得应该做几个实际项目，比如手写数字识别、房价预测、分类任务之类的。动手实践才能真正理解机器学习的应用场景。

而且，持续学习很重要。机器学习是一个飞速发展的领域，新技术和方法层出不穷。我需要通过阅读文档、参加课程、动手项目来不断提升自己的能力和知识。

不过，我还是觉得自己的数学基础还不够好，特别是概率论、线性代数和微积分。这些都是机器学习的基础，是不是不打好数学基础难以深入理解算法呢？

另外，编程技能也很重要。Python 是机器学习常用的编程语言，我得学会用 Python 进行数据处理、模型训练和评估。可能需要学习一些库，比如 Pandas、Matplotlib、Scikit-learn 等。

可能我刚刚入门，先从基础开始，先理解基本概念和流程，再逐步深入算法和框架。同时，要多做练习和项目，积累实际经验。毕竟，机器学习不是看懂理论就能掌握的，需要不断尝试和实践。

2025-06-07 16:41:42,452 - DEBUG - XiDian - 进入 get_experiment_record_details，整体实验ID: 1, 用户ID: 1
2025-06-07 16:41:42,453 - DEBUG - XiDian - 实验 1 共有 10 个步骤。
2025-06-07 16:41:42,453 - DEBUG - XiDian - 步骤 1: 找到记录 3，状态 'completed', 分数 95.0
2025-06-07 16:41:42,453 - DEBUG - XiDian - 步骤 2: 未找到对应记录，默认为 'pending', 分数 0.0
2025-06-07 16:41:42,453 - DEBUG - XiDian - 步骤 3: 未找到对应记录，默认为 'pending', 分数 0.0
2025-06-07 16:41:42,453 - DEBUG - XiDian - 步骤 4: 找到记录 1，状态 'completed', 分数 90.0
2025-06-07 16:41:42,454 - DEBUG - XiDian - 步骤 5: 未找到对应记录，默认为 'pending', 分数 0.0
2025-06-07 16:41:42,454 - DEBUG - XiDian - 步骤 6: 未找到对应记录，默认为 'pending', 分数 0.0
2025-06-07 16:41:42,454 - DEBUG - XiDian - 步骤 7: 未找到对应记录，默认为 'pending', 分数 0.0
2025-06-07 16:41:42,454 - DEBUG - XiDian - 步骤 8: 未找到对应记录，默认为 'pending', 分数 0.0
2025-06-07 16:41:42,454 - DEBUG - XiDian - 步骤 9: 未找到对应记录，默认为 'pending', 分数 0.0
2025-06-07 16:41:42,454 - DEBUG - XiDian - 步骤 10: 未找到对应记录，默认为 'pending', 分数 0.0
2025-06-07 16:41:44,653 - DEBUG - XiDian - Final response: 

### 学习机器学习的分步指南

1. **掌握Python编程基础**
   - 学习Python语法和基本操作。
   - 熟悉数据结构（如列表、字典、元组等）和基础编程概念。

2. **了解数学基础知识**
   - 学习线性代数、概率论和统计学。
   - 理解向量、矩阵、导数等概念，这些是机器学习算法的基础。

3. **学习机器学习基本概念**
   - 理解机器学习的定义、监督学习与无监督学习的区别。
   - 学习几种基本算法，如线性回归、支持向量机、决策树等。

4. **实践操作——参与机器学习项目**
   - 从Kaggle等平台获取数据集，尝试进行分类、回归等任务。
   - 熟悉数据预处理、特征工程等环节。

5. **学习机器学习框架**
   - 掌握TensorFlow或PyTorch的使用，学习构建和训练模型。

6. **理解模型评估方法**
   - 学习准确率、召回率、F1分数等评估指标。
   - 掌握过拟合检测和防止方法，如正则化。

7. **深入学习进阶算法**
   - 探索神经网络和深度学习算法。
   - 学习复杂的模型和优化算法，如Adam优化器。

8. **参与实际项目或开源贡献**
   - 通过个人项目或参与开源项目，积累real-world经验。
   - 学习社区支持和技术交流，拓宽人脉和知识。

9. **持续学习与自我提升**
   - 阅读经典书籍和算法论文，保持对最新动态的关注。
   - 不断实践，保持思维敏捷和技能更新。

10. **建立良好学习习惯**
    - 制定详细的学习计划，合理安排时间。
    - 设置每日学习目标，确保Progression。
    - 查漏补缺，及时巩固薄弱知识点。

通过系统的知识学习和实践活动，逐步掌握机器学习的原理和应用，最终达到能够独立构建和应用模型的目标。
2025-06-07 16:41:44,659 - DEBUG - XiDian - Final reasoning response: 嗯，如何学习机器学习呢？我知道机器学习是一个非常热门的领域，涉及到很多复杂的算法和概念，但我觉得它背后的基本 idea 应该不那么难理解。首先，我需要意识到机器学习主要是关于让计算机从经验中学习，从而能够进行预测和决策。这是一个动态的过程，可以通过数据不断改进性能。

我想我应该从基础的编程知识开始学起，尤其是 Python，因为它是机器学习中最常用的编程语言。我应该先学习 Python 的语法，然后掌握一些基本的数据结构，比如列表、元组、字典等等。

接下来，我需要了解一些数学基础。机器学习涉及到很多数学，比如线性代数、概率论、统计学等。这些数学知识我想是机器学习算法运行的基础，所以我应该找到一些好的在线课程或者书籍来学习这些内容。

然后，我觉得应该学习一些基本的机器学习概念。比如有监督学习和无监督学习是什么，常见的算法有哪些，比如线性回归、支持向量机、决策树等等。我需要理解这些算法的基本原理和适用场景。

我想我应该尝试一些实际的项目来巩固这些知识。或许我可以从 Kaggle 这样的平台找到一些数据集，尝试进行分类或者回归任务。通过实际操作，我相信我能更好地理解和应用这些算法。

另外，我还听说过评估模型性能的一些指标，比如准确率、召回率、F1 分数等等。我觉得我需要学习这些指标的意义和计算方法，以便能够有效地比较和选择不同的模型。

听说机器学习 frameworks 非常重要，像 TensorFlow 和 PyTorch 这样的工具可以大大简化机器学习的实现过程。我应该花时间学习这些框架的基本用法，甚至可以尝试搭建一些简单的模型。

不过，我担心自己会有很多疑问，不知道从哪里开始学习。我觉得最好是找到一个(step by step)的学习路线，一步步地掌握必要的知识和技能。可能需要从基础的编程和数学开始，然后逐步深入学习各种机器学习算法和模型。

另外，我还想阅读一些经典的机器学习书籍，比如《机器学习》或者《pattern recognition and machine learning》。这些书籍应该能提供更系统和全面的理论知识。

通过不断实践和项目经验，我相信我能够逐渐掌握机器学习的基本原理和实际应用。同时，我也要不断学习和改进自己的编程能力和数学基础，以便能够应对更复杂的机器学习任务。

总之，我需要制定一个详细的学习计划，从基础开始，逐步深入，理论与实践相结合，这样才能真正掌握机器学习。

2025-06-07 16:41:44,817 - DEBUG - XiDian - 进入 get_experiment_record_details，整体实验ID: 1, 用户ID: 1
2025-06-07 16:41:44,818 - DEBUG - XiDian - 实验 1 共有 10 个步骤。
2025-06-07 16:41:44,819 - DEBUG - XiDian - 步骤 1: 找到记录 3，状态 'completed', 分数 95.0
2025-06-07 16:41:44,819 - DEBUG - XiDian - 步骤 2: 未找到对应记录，默认为 'pending', 分数 0.0
2025-06-07 16:41:44,819 - DEBUG - XiDian - 步骤 3: 未找到对应记录，默认为 'pending', 分数 0.0
2025-06-07 16:41:44,819 - DEBUG - XiDian - 步骤 4: 找到记录 1，状态 'completed', 分数 90.0
2025-06-07 16:41:44,819 - DEBUG - XiDian - 步骤 5: 未找到对应记录，默认为 'pending', 分数 0.0
2025-06-07 16:41:44,819 - DEBUG - XiDian - 步骤 6: 未找到对应记录，默认为 'pending', 分数 0.0
2025-06-07 16:41:44,819 - DEBUG - XiDian - 步骤 7: 未找到对应记录，默认为 'pending', 分数 0.0
2025-06-07 16:41:44,819 - DEBUG - XiDian - 步骤 8: 未找到对应记录，默认为 'pending', 分数 0.0
2025-06-07 16:41:44,819 - DEBUG - XiDian - 步骤 9: 未找到对应记录，默认为 'pending', 分数 0.0
2025-06-07 16:41:44,819 - DEBUG - XiDian - 步骤 10: 未找到对应记录，默认为 'pending', 分数 0.0
2025-06-07 16:41:47,436 - DEBUG - XiDian - Final response: 

为了有效学习机器学习，可以从以下几个步骤开始：

1. **编程基础**：掌握Python，这是机器学习中最常用的编程语言。可以从基础的变量、数据类型、循环、条件判断等开始，可以参考《Python编程：从入门到实践》或在线课程。

2. **数学基础**：学习线性代数、统计学和微积分。可以通过教材如《线性代数及其应用》或在线平台学习这些数学知识。

3. **机器学习基础知识**：了解机器学习的基本概念、监督学习与无监督学习的区别，以及常见的算法如线性回归、k-means等。推荐阅读《机器学习实战》。

4. **机器学习库**：学习scikit-learn和TensorFlow等工具的使用。可以通过官方文档和教程逐步掌握这些库的基本用法，解决实际问题。

5. **实践项目**：选择一个实际问题，进行数据收集、特征工程、模型训练和评估。动手实践是巩固知识的重要方式。

6. **持续学习与社区参与**：通过参与在线社区（如Stack Overflow、Kaggle）提问和解答，学习到最新的技术和最佳实践。鼓励持续学习和探索。

通过以上步骤的学习，可以系统地掌握机器学习的理论和实践，逐步提升自己在机器学习领域的技能。
2025-06-07 16:41:47,437 - DEBUG - XiDian - Final reasoning response: 嗯，我想学习机器学习。可是，我之前并没有学过很多编程或者相关的数学知识，可能会影响我学习效果。首先，我应该先从小地方入手，了解机器学习的基本概念。可是，到底哪些是必要的基础知识呢？比如，编程编程语言、数学、算法这些方面，我都得掌握一点吗？

听说机器学习需要编程能力，通常用Python比较流行。那我得先熟悉Python的基础语法，比如变量、数据类型、循环、条件判断这些。但是，我之前对编程不是很熟悉，可能会觉得有点困难。有没有什么快速入门的方法或者资源推荐？

另外，数学方面，机器学习涉及很多数学知识，比如线性代数、统计学、微积分。这些都是基础，但我不太确定自己是否能掌握这些内容。如果我需要学习这些数学知识，应该从哪里开始？或许可以买些相关的书籍或者在线课程。

然后，算法与优化也是机器学习的重要部分。听说有很多不同的机器学习算法，如回归、分类、聚类等。我应该先从简单的方法开始学起，比如线性回归、k-means算法，这样才能一步步深入理解机器学习的思想。

模型训练与评估方面，我得知道如何训练一个模型、如何评估其性能。我需要学习评价指标，比如准确率、召回率、F1分数等，以及如何优化模型以提高其性能。可是，这些具体实现方式我不是很清楚。

Python机器学习库如 scikit-learn 和 TensorFlow 是非常有用的工具。我需要花时间熟悉这些库的用法，包括如何加载数据集、进行模型训练和评估。如果我面对实际项目时不知道从哪里开始，会不会很迷茫呢？

书籍和课程方面，有哪些好的推荐呢？我想找一本系统介绍机器学习的书籍，不仅有基础知识，还有实际案例。课程的话，最好是既有理论又有实践的，可能还要有老师指导，才能更好地学习。

实践也很重要，但我想，如果只是纸上谈兵，实际应用时可能会遇到各种问题。所以，我需要通过项目来实践所学的知识。比如，我可以选择一个实际问题，比如房价预测、图像识别等，然后一步步解决它。但具体该怎么开始呢？数据收集、特征工程、模型选择、评估这些环节都需要掌握，感觉有点复杂。

社区和持续学习方面，我可能需要借助一些在线社区，比如 Stack Overflow 或者 Reddit 的机器学习小组，遇到问题时可以得到帮助。此外，持续学习是很重要的，因为机器学习发展很快，得紧跟时 trends 和最佳实践。

总的来说，学习机器学习需要系统地掌握编程、数学、算法、模型和工具，同时通过不断的实践中提升自己的能力。虽然一开始会遇到很多障碍，但我得保持耐心，逐步推进，找到适合自己的学习方法和节奏。

2025-06-07 16:41:47,593 - DEBUG - XiDian - 进入 get_experiment_record_details，整体实验ID: 1, 用户ID: 1
2025-06-07 16:41:47,596 - DEBUG - XiDian - 实验 1 共有 10 个步骤。
2025-06-07 16:41:47,596 - DEBUG - XiDian - 步骤 1: 找到记录 3，状态 'completed', 分数 95.0
2025-06-07 16:41:47,597 - DEBUG - XiDian - 步骤 2: 未找到对应记录，默认为 'pending', 分数 0.0
2025-06-07 16:41:47,597 - DEBUG - XiDian - 步骤 3: 未找到对应记录，默认为 'pending', 分数 0.0
2025-06-07 16:41:47,597 - DEBUG - XiDian - 步骤 4: 找到记录 1，状态 'completed', 分数 90.0
2025-06-07 16:41:47,597 - DEBUG - XiDian - 步骤 5: 未找到对应记录，默认为 'pending', 分数 0.0
2025-06-07 16:41:47,597 - DEBUG - XiDian - 步骤 6: 未找到对应记录，默认为 'pending', 分数 0.0
2025-06-07 16:41:47,597 - DEBUG - XiDian - 步骤 7: 未找到对应记录，默认为 'pending', 分数 0.0
2025-06-07 16:41:47,597 - DEBUG - XiDian - 步骤 8: 未找到对应记录，默认为 'pending', 分数 0.0
2025-06-07 16:41:47,597 - DEBUG - XiDian - 步骤 9: 未找到对应记录，默认为 'pending', 分数 0.0
2025-06-07 16:41:47,597 - DEBUG - XiDian - 步骤 10: 未找到对应记录，默认为 'pending', 分数 0.0
2025-06-07 16:41:51,444 - DEBUG - XiDian - Final response: 

学习机器学习可以按照以下步骤进行：

1. **掌握基础知识**：
   - 学习编程基础，尤其是Python，这是机器学习中常用的编程语言。
   - 理解数学基础，包括线性代数、概率统计等，这些对机器学习的算法理解至关重要。

2. **学习机器学习基本概念**：
   - 了解监督学习、无监督学习、强化学习等主要的机器学习方法及其应用场景。
   - 学习一些常见的机器学习算法，如线性回归、逻辑回归、决策树、随机森林、支持向量机（SVM）、k-近邻算法（KNN）、聚类算法（如K-means）等。

3. **掌握关键工具和库**：
   - 学习使用Python的numpy库进行数据处理和计算。
   - 学习pandas库进行数据管理和数据分析。
   - 熟悉scikit-learn库，它是机器学习的标准库，用于实现各种机器学习算法。

4. **数据预处理**：
   - 学习如何进行数据清洗，处理缺失值、异常值等。
   - 了解特征工程，如特征提取、归一化、降维（如PCA）等。

5. **学习机器学习的流程**：
   - 了解从数据准备到模型训练、评估和调优的完整流程。
   - 学习如何选择合适的评价指标，如准确率、召回率、F1分数、AUC-ROC曲线等。

6. **实践操作**：
   - 找一个数据集，如Kaggle上的数据集，尝试进行机器学习项目。
   - 使用scikit-learn库实现各种算法，学习如何调优模型以提高性能。

7. **研究和应用**：
   - 参与机器学习竞赛或项目，将所学知识应用到实际问题中。
   - 通过案例研究和论文理解前沿的机器学习技术。

8. **持续学习和优化**：
   - 关注机器学习领域的最新动态和技术发展。
   - 不断尝试改进模型，探索更高效的算法和优化方法。

通过以上步骤，可以系统地学习和掌握机器学习的基本理论和实践应用，最终达到能够独立进行机器学习项目的目标。
2025-06-07 16:41:51,445 - DEBUG - XiDian - Final reasoning response: 好，我现在要思考如何学习机器学习。机器学习真是一个非常热门和强大的领域，听说可以用来做预测、分类、推荐系统等等。但是对于我这个刚开始学编程的人来说，真的是有点不知道从哪里下手。

首先，我想先了解什么是机器学习。听说机器学习包括监督学习、无监督学习、强化学习等等。监督学习好像是有标签的情况，比如分类；无监督学习好像没有标签，主要是找数据之间的关系。强化学习好像和游戏相关，算法通过试错来学习策略。

然后，如何开始呢？我记得之前学编程的时候，先学Python，因为听说Python在机器学习中用得比较多。所以，我应该先回到Python基础，把语法和一些常用库弄懂。听说要学numpy，pandas这些库，用于数据处理和分析。还有scikit-learn，这是机器学习的库，以后可能会用到。

接下来，我需要找个好的学习路径。网上有很多资源，比如教程、视频、博客等等。但我得找一个系统的，从基础开始。可能先从数据预处理开始，包括数据清洗、特征工程，然后是数据可视化，帮助理解数据。

再者，机器学习的算法有很多，像线性回归、逻辑回归、决策树等等。我应该先理解这些基本算法的原理，而不只是用API来调用它们。Python的scikit-learn有现成的API，但是背后的工作还是需要理解。

实践是关键。我相信只有通过实际操作，才能真正掌握机器学习。或许可以找个数据集，比如Kaggle上的一些竞赛数据，做一些练习。或者先从简单的问题开始，比如预测房价或者分类任务。

另外，阅读一些书籍可能会有帮助。比如《机器学习导论》或者《Pattern Recognition and Machine Learning》。不过这些书可能比较厚，需要花时间慢慢读。

还有，如果能够参与项目会更好。比如，帮朋友或者自己做一个预测项目，记录下来学习过程中的思考和错误，这样反馈可以让我更清楚哪些地方没弄懂。

还有，不要害怕犯错误。机器学习有很多陷阱和复杂的算法，可能会很挫折。但是重要的是不要放弃，一步步来，先从简单开始，不要追求 immediately master everything.

最后，查文档和社区也是很重要的。遇到问题的时候，不要犹豫去查scikit-learn的文档或者在Stack Overflow上寻求帮助。社区里的专家经常会给出很多实用的建议。

总之，学习机器学习需要耐心和持续的学习。从基础开始，逐步深入，理论与实践相结合，这样才能真正掌握这门技术。

2025-06-07 16:41:51,572 - DEBUG - XiDian - 进入 get_experiment_record_details，整体实验ID: 1, 用户ID: 1
2025-06-07 16:41:51,574 - DEBUG - XiDian - 实验 1 共有 10 个步骤。
2025-06-07 16:41:51,575 - DEBUG - XiDian - 步骤 1: 找到记录 3，状态 'completed', 分数 95.0
2025-06-07 16:41:51,575 - DEBUG - XiDian - 步骤 2: 未找到对应记录，默认为 'pending', 分数 0.0
2025-06-07 16:41:51,575 - DEBUG - XiDian - 步骤 3: 未找到对应记录，默认为 'pending', 分数 0.0
2025-06-07 16:41:51,575 - DEBUG - XiDian - 步骤 4: 找到记录 1，状态 'completed', 分数 90.0
2025-06-07 16:41:51,575 - DEBUG - XiDian - 步骤 5: 未找到对应记录，默认为 'pending', 分数 0.0
2025-06-07 16:41:51,575 - DEBUG - XiDian - 步骤 6: 未找到对应记录，默认为 'pending', 分数 0.0
2025-06-07 16:41:51,575 - DEBUG - XiDian - 步骤 7: 未找到对应记录，默认为 'pending', 分数 0.0
2025-06-07 16:41:51,575 - DEBUG - XiDian - 步骤 8: 未找到对应记录，默认为 'pending', 分数 0.0
2025-06-07 16:41:51,575 - DEBUG - XiDian - 步骤 9: 未找到对应记录，默认为 'pending', 分数 0.0
2025-06-07 16:41:51,575 - DEBUG - XiDian - 步骤 10: 未找到对应记录，默认为 'pending', 分数 0.0
2025-06-07 16:41:51,602 - DEBUG - XiDian - Final response: 

学习机器学习的整体步骤如下：

1. **掌握基础知识**：了解机器学习的基本概念、类型、应用场景，以及数据处理的基本流程。
2. **学习编程语言**：以Python为例，熟练掌握基础语法和常用库的使用，如scikit-learn、pandas、numpy等。
3. **了解数学基础**：掌握线性代数、概率统计、优化算法等，为理解算法打下坚实基础。
4. **学习机器学习算法**：系统地学习各种算法，理解其原理、应用场景和优缺点。
5. **数据处理与预处理**：掌握数据清洗、特征工程、数据增强等技术，提升数据质量。
6. **实践项目**：选择感兴趣的项目进行实践，如预测房价、图像分类等，积累实际操作经验。
7. **模型评估与调优**：了解如何评估模型性能，进行交叉验证、参数调优等步骤优化模型。
8. **深入学习高级内容**：接触 deepen学习，如神经网络、深度学习、强化学习等，探索前沿技术。
9. **参与社区与交流**：加入机器学习社区，参与讨论，学习他人经验，参加比赛提高能力。
10. **持续学习与更新**：关注行业动态，持续学习新知识和新技术，保持技能的先进性。

通过以上步骤，系统地学习和实践，可以逐步掌握机器学习的核心知识和技能。
2025-06-07 16:41:51,602 - DEBUG - XiDian - Final reasoning response: 嗯，如何学习机器学习呢？这个问题挺大的，我得先理清楚自己的基础。我刚开始接触机器学习，对很多概念都不太熟悉。首先，我需要了解什么是机器学习，它是怎么工作的。好像是让计算机通过数据来学习和改进对新数据的处理能力吧。

我记得有人提到过机器学习有监督、无监督、半监督和强化学习。这些分类好像根据数据是否有标签来区分的吧。监督学习看起来是用带有正确答案的数据来训练模型，可能像分类和回归这样的任务。无监督学习则是用没有标签的数据，应该是让模型自己找数据之间的关系或者模式。

然后，有一些常用的算法，比如线性回归、支持向量机、决策树、随机森林、聚类算法等等。这些好像都是用来解决特定问题的工具。我之前只听说过线性回归，好像它通常用于回归问题，比如预测房价或者温度之类的。

要开始学习机器学习，我需要先掌握一些基础的编程知识。Python好像挺流行的，尤其是针对机器学习的库，比如scikit-learn，还有TensorFlow和Keras。这些库应该能帮我实现各种算法。

数据处理也是必须的。我得学会怎么用Python加载数据，用pandas库进行数据清洗和预处理。数据质量很重要，如果数据不好，模型效果也会差。数据预处理可能包括归一化、异常值处理、特征工程这些步骤。

数学基础也不能忽视。机器学习背后有很多数学原理，尤其是线性代数、概率统计和优化方法。例如，线性回归涉及到最小二乘法，支持向量机用到核函数，神经网络要用微积分和优化算法。如果我对这些数学概念不太熟悉，可能会影响到算法的理解和实现。

算法本身的学习也是重要的一环。我需要理解不同类型算法的原理、优点和缺点，以及适用的问题场景。比如线性回归适合有线性关系的数据，支持向量机在数据线性可分的情况下效果不错，神经网络在复杂非线性问题上表现更好。

选择一个项目来实践也是学习机器学习的关键。实际操作可以帮助我更好地理解理论知识，并且培养解决问题的能力。项目可以是预测房价、分类邮件是否为垃圾邮件之类的常见问题。同时，我也要学习如何评估模型的性能，比如使用均方误差、准确率、召回率等指标。

如果有机会，参与开源项目或者加入机器学习社区会更好。和别人一起学习和讨论可以拓宽视野，接触到不同的思维方式和技术，也能获取更多的学习资源和支持。

持续学习和改进也是长期的课题。机器学习是一个不断发展的领域，新的算法和方法层出不穷。我需要关注最新的研究进展，参加在线课程、阅读书籍、参加比赛来提升自己的技能。

最后，耐心和坚持也很重要。机器学习不像日常编程那样一蹴而就，需要多次尝试和调整模型才能得到满意的结果。要不怕失败，不断学习和改进。

总的来说，学习机器学习需要综合掌握编程、数学、算法和实际应用等方面的知识，通过不断的实践和探索来提升自己的技能。

2025-06-07 16:41:51,749 - DEBUG - XiDian - 进入 get_experiment_record_details，整体实验ID: 1, 用户ID: 1
2025-06-07 16:41:51,752 - DEBUG - XiDian - 实验 1 共有 10 个步骤。
2025-06-07 16:41:51,753 - DEBUG - XiDian - 步骤 1: 找到记录 3，状态 'completed', 分数 95.0
2025-06-07 16:41:51,753 - DEBUG - XiDian - 步骤 2: 未找到对应记录，默认为 'pending', 分数 0.0
2025-06-07 16:41:51,753 - DEBUG - XiDian - 步骤 3: 未找到对应记录，默认为 'pending', 分数 0.0
2025-06-07 16:41:51,753 - DEBUG - XiDian - 步骤 4: 找到记录 1，状态 'completed', 分数 90.0
2025-06-07 16:41:51,753 - DEBUG - XiDian - 步骤 5: 未找到对应记录，默认为 'pending', 分数 0.0
2025-06-07 16:41:51,754 - DEBUG - XiDian - 步骤 6: 未找到对应记录，默认为 'pending', 分数 0.0
2025-06-07 16:41:51,754 - DEBUG - XiDian - 步骤 7: 未找到对应记录，默认为 'pending', 分数 0.0
2025-06-07 16:41:51,754 - DEBUG - XiDian - 步骤 8: 未找到对应记录，默认为 'pending', 分数 0.0
2025-06-07 16:41:51,754 - DEBUG - XiDian - 步骤 9: 未找到对应记录，默认为 'pending', 分数 0.0
2025-06-07 16:41:51,754 - DEBUG - XiDian - 步骤 10: 未找到对应记录，默认为 'pending', 分数 0.0
2025-06-07 16:41:53,651 - DEBUG - XiDian - Final response: 

为了学习机器学习，可以按照以下步骤进行：

1. **了解机器学习的基本概念**：
   - 学习机器学习的定义和核心概念。
   - 了解机器学习与传统编程的不同之处。

2. **掌握必要的数学基础**：
   - 学习线性代数、概率论和统计学的基础知识。
   - 理解这些数学概念在机器学习算法中的应用。

3. **学习编程语言和框架**：
   - 熟练掌握Python编程，特别是关于机器学习的库如Pandas、NumPy、Scikit-learn等。
   - 学习如何处理数据、编写代码等。

4. **学习数据预处理**：
   - 了解如何清洗、归一化、特征提取等数据预处理步骤。
   - 学习数据可视化技术，如Matplotlib和Seaborn。

5. **研究基本机器学习算法**：
   - 学习线性回归、逻辑回归、决策树等基本算法。
   - 理解这些算法的工作原理和应用场景。

6. **实践与项目经验**：
   - 开始自己构建模型，解决实际问题。
   - 参与或创建机器学习项目，如Kaggle平台上的竞赛。

7. **持续学习与实践**：
   - 不断学习新算法和新技术，保持对机器学习的最新动态的关注。
   - 参与机器学习社区，与他人交流学习经验，寻求反馈。

8. **一步步掌握知识**：
   - 制定详细的学习计划，逐步完成每个学习目标。
   - 定期总结学习成果，发现问题并及时解决。

通过以上步骤的学习，逐步积累知识和实践经验，最终达到掌握机器学习的目的。
2025-06-07 16:41:53,659 - DEBUG - XiDian - Final reasoning response: 嗯，学习机器学习看起来挺复杂的。首先，我需要搞清楚机器学习是什么，它是怎么工作的。听说机器学习是让计算机从数据中学习，而不是像传统编程那样有人来告诉它该做什么。但是具体是怎么做到的呢？是不是需要编写很多代码和算法？

然后，我看到有很多不同的算法，比如线性回归、逻辑回归、决策树等等。这些名字听起来有点像数学方法，但我对这些还不是特别了解。我应该先从什么地方开始？是不是应该先了解基础的统计学和数学概念，然后才能学习机器学习？

我记得之前学习过一些编程，特别是Python，它被广泛用于机器学习。所以可能需要学会更高级的Python编程技巧，比如使用库，比如Pandas和NumPy，这些库是不是用来处理数据的？还有Matplotlib和Seaborn，这些是用来做数据可视化吗？

然后是机器学习框架，像Scikit-learn是不是一个流行的库？听说它有各种算法和工具，是不是应该花时间去学习如何使用这些框架来构建模型？

另外，数据预处理也是机器学习中非常重要的一步。数据可能非常复杂，需要清洗、归一化、特征提取等等。我需要学习如何处理不同类型的数据和进行数据增强吗？

模型评估也挺难的。预测模型怎么样才能知道它的好坏？是不是需要学习一些评估指标，比如准确率、精确率、召回率等等？还有过拟合和欠拟合的问题，怎么避免它们呢？

实践项目也是关键，听说通过实际项目来应用所学的知识会更好。我应该找一些公开的数据集，比如Kaggle，然后尝试自己创建一个预测模型。从简单的项目开始，比如预测房价、分类问题等等。

可是，我还是担心自己没有足够的数学基础，影响机器学习的学习。比如，线性代数、概率论和统计推断这些数学知识，到底应该怎么学习？是不是需要用数学公式来深入理解机器学习算法的核心？

可能需要找一些好的学习资源，比如书籍、在线课程、视频教程等等。《机器学习实战》这本书听说过，挺不错。还有Coursera上有很多机器学习的课程，比如Andrew Ng的那门经典课程，是不是应该结合起来学习？

实践方面，除了Kaggle，还能做什么呢？是不是应该把课程中的知识应用到实际项目中，慢慢积累经验？写博客分享自己的学习过程也是一个不错的办法，可以加深理解和标注重点。

不过，时间总是很宝贵，如何在忙碌的日程中合理安排学习时间，也是一个挑战。是不是制定一个学习计划，每天花一定时间来学习和实践，这样才能更好地坚持下去？

记得有人说过，机器学习需要不断的实践和反馈。所以，每完成一个小项目，就需要总结一下学到的经验，分析哪里做得好，哪里可以改进。这样可以帮助我更好地掌握知识。

还有，社区交流也很重要，听说机器学习有很多学习社区，比如Stack Overflow、Reddit、Kaggle Discourse等等。遇到问题的时候，可以去问一问，向老鸟请教，学习他们的经验和技巧。

不过，有时候也会遇到高深的数学概念，看来需要耐心和毅力，一步步来。刚开始可能理解不深刻，但随着实践的增加，慢慢就会有感觉和理解。

最后，我需要设定明确的目标，是想要了解机器学习的基础，还是想真正做一个小型的项目？设定目标后，我可以更有针对性地规划学习路径和时间安排。

总之，学习机器学习需要时间、耐心和持续的实践。通过系统的知识学习、实践项目、不断总结和交流，相信有一天能够掌握并应用机器学习的知识。

2025-06-07 16:41:53,799 - DEBUG - XiDian - 进入 get_experiment_record_details，整体实验ID: 1, 用户ID: 1
2025-06-07 16:41:53,802 - DEBUG - XiDian - 实验 1 共有 10 个步骤。
2025-06-07 16:41:53,802 - DEBUG - XiDian - 步骤 1: 找到记录 3，状态 'completed', 分数 95.0
2025-06-07 16:41:53,802 - DEBUG - XiDian - 步骤 2: 未找到对应记录，默认为 'pending', 分数 0.0
2025-06-07 16:41:53,802 - DEBUG - XiDian - 步骤 3: 未找到对应记录，默认为 'pending', 分数 0.0
2025-06-07 16:41:53,802 - DEBUG - XiDian - 步骤 4: 找到记录 1，状态 'completed', 分数 90.0
2025-06-07 16:41:53,802 - DEBUG - XiDian - 步骤 5: 未找到对应记录，默认为 'pending', 分数 0.0
2025-06-07 16:41:53,803 - DEBUG - XiDian - 步骤 6: 未找到对应记录，默认为 'pending', 分数 0.0
2025-06-07 16:41:53,803 - DEBUG - XiDian - 步骤 7: 未找到对应记录，默认为 'pending', 分数 0.0
2025-06-07 16:41:53,803 - DEBUG - XiDian - 步骤 8: 未找到对应记录，默认为 'pending', 分数 0.0
2025-06-07 16:41:53,803 - DEBUG - XiDian - 步骤 9: 未找到对应记录，默认为 'pending', 分数 0.0
2025-06-07 16:41:53,803 - DEBUG - XiDian - 步骤 10: 未找到对应记录，默认为 'pending', 分数 0.0
2025-06-07 16:41:55,418 - DEBUG - XiDian - Final response: 

### 学习机器学习的系统步骤

为了系统地学习机器学习，可以按照以下步骤进行：

#### 1. **掌握基础知识**
   - **数学基础**：
     - **线性代数**：理解向量、矩阵、特征值等概念，掌握矩阵运算和分解方法。
     - **概率与统计**：学习概率分布、期望、方差、协方差等，了解统计推断的基础。
     - **微积分**：掌握导数、梯度、积分等概念，了解优化方法。
   - **编程基础**：
     - 学习Python，熟练掌握基础语句和常用库（如Pandas、NumPy、Matplotlib）。
     - 学习Scikit-learn库的基本用法，了解数据处理和模型评估的方法。

#### 2. **学习机器学习基础概念**
   - **概念理解**：了解机器学习的定义、类型（监督学习、无监督学习、强化学习）、流程和评估指标（如准确率、召回率、F1分数等）。
   - **基本算法**：
     - 学习线性回归、Logistic回归、决策树、随机森林等基本算法。
     - 学习k-近邻算法（KNN）、朴素贝叶斯、支持向量机（SVM）等。

#### 3. **实践项目**
   - **简单项目**：从Kaggle平台开始，选择基础的预测任务（如房价预测、 murky乘客存活预测）。
   - **中等难度项目**：尝试图像分类、文本分类等稍微复杂的项目，使用Scikit-learn库进行模型训练和评估。

#### 4. **深入学习进阶算法**
   - 学习神经网络和深度学习基础，使用TensorFlow或PyTorch框架进行实践。
   - 探索推荐系统、自然语言处理（NLP）等高级主题。

#### 5. **关注最新发展**
   - 了解机器学习的前沿技术，如生成对抗网络（GAN）、 transformers、强化学习等。
   - 关注实际应用案例，学习如何将机器学习应用到实际问题中。

#### 6. **参与社区与竞赛**
   - 加入机器学习社区（如知乎、Stack Overflow、Kaggle），参与讨论和交流。
   - 参加机器学习竞赛，如Kaggle比赛，锻炼实战能力。

#### 7. **持续学习与优化**
   - 持续关注新技术和算法改进。
   - 不断优化自己的项目，学习从项目中总结经验教训。

#### 8. **建立知识体系**
   - 系统性地整理所学知识，形成完整的理论框架。
   - 制定定期复习和总结计划，巩固所学内容。

通过以上步骤，可以系统地学习机器学习，从基础到应用，逐步提升自己的技能。同时，在实践过程中不断解决问题，增强自信心和实际操作能力。
2025-06-07 16:41:55,418 - DEBUG - XiDian - Final reasoning response: 嗯，我现在有想学习机器学习，但是不太知道从哪里开始，哪里该学，哪里该做。听别人说机器学习很复杂，有很多算法和模型，好像还有深度学习什么的，感觉有点挑战性。

首先，我觉得我需要用一些系统的方法来学习，要不然可能会很混乱。我记得以前学生时代有方法背诵知识点，不知道机器学习有没有类似的框架或者学习路线。想问问有没有那种机器学习基础课程或者教材，可以一步步跟着学。

然后，关于数学基础，机器学习好像用到很多数学知识，比如线性代数、概率统计什么的。我不太确定自己是不是还记得这些内容了。比如，线性代数，我记得矩阵、向量这些概念，但可能已经忘了很多细节，不知道要多久才能把这些重新捡起来，有没有什么有效的方法可以复习这些数学知识。

另外，编程方面，听说Python挺有用，像Pandas、NumPy这些库是机器学习的基石。我已经有了一点Python的基础，比如用过Pandas做数据分析，不过对机器学习的库了解不多。我该先学一些机器学习库，比如Scikit-learn，还是先掌握基础的Python编程再深入学习呢？

再者，机器学习的算法很多，像线性回归、支持向量机、决策树什么的，感觉有点无从下手，不知道应该先学什么。好像很多算法都有各自的用法，我记得在线上的课程里学过一些，但感觉还是不太明白它们之间的关系和使用场景。

实践方面，我觉得需要做一些项目来巩固知识，但不知道该选择什么样的项目。是做预测模型，还是图像识别，或者是一个聊天机器人？会不会太复杂了，有没有简单一点的项目可以开始。

还有，听说机器学习社区里有很多资源和论坛，比如Kaggle，有很多数据集和比赛。想问问有没有推荐的资源或者比赛，可以让我边学边做，体验一下机器学习的乐趣。

最后，当遇到不会的问题或者算法不理解的时候，该怎么解决？网上有很多教程，但有时候看着看着就卡住了，该怎么坚持下去，不让学习中途放弃？

总之，我需要一个系统的学习计划，既能掌握基础知识，又能在实践中应用这些知识，同时遇到问题时有办法解决。希望可以找到一些好的学习资源和方法，帮助我一步步入门机器学习。

2025-06-07 16:41:55,563 - DEBUG - XiDian - 进入 get_experiment_record_details，整体实验ID: 1, 用户ID: 1
2025-06-07 16:41:55,566 - DEBUG - XiDian - 实验 1 共有 10 个步骤。
2025-06-07 16:41:55,567 - DEBUG - XiDian - 步骤 1: 找到记录 3，状态 'completed', 分数 95.0
2025-06-07 16:41:55,567 - DEBUG - XiDian - 步骤 2: 未找到对应记录，默认为 'pending', 分数 0.0
2025-06-07 16:41:55,568 - DEBUG - XiDian - 步骤 3: 未找到对应记录，默认为 'pending', 分数 0.0
2025-06-07 16:41:55,568 - DEBUG - XiDian - 步骤 4: 找到记录 1，状态 'completed', 分数 90.0
2025-06-07 16:41:55,568 - DEBUG - XiDian - 步骤 5: 未找到对应记录，默认为 'pending', 分数 0.0
2025-06-07 16:41:55,568 - DEBUG - XiDian - 步骤 6: 未找到对应记录，默认为 'pending', 分数 0.0
2025-06-07 16:41:55,568 - DEBUG - XiDian - 步骤 7: 未找到对应记录，默认为 'pending', 分数 0.0
2025-06-07 16:41:55,568 - DEBUG - XiDian - 步骤 8: 未找到对应记录，默认为 'pending', 分数 0.0
2025-06-07 16:41:55,568 - DEBUG - XiDian - 步骤 9: 未找到对应记录，默认为 'pending', 分数 0.0
2025-06-07 16:41:55,568 - DEBUG - XiDian - 步骤 10: 未找到对应记录，默认为 'pending', 分数 0.0
2025-06-07 16:41:55,918 - DEBUG - XiDian - Final response: 

学习机器学习可以从以下几个步骤开始：

1. **理解基本概念**：
   - 机器学习是让计算机从数据中学习，从而执行任务而不手动编程。
   - 掌握一些核心术语，如监督学习、无监督学习、训练集、测试集、过拟合等。

2. **掌握必要的数学知识**：
   - 线性代数：理解向量、矩阵和空间。
   - 概率与统计：学习均值、方差、分布等概念。
   - 微积分：了解梯度、导数等概念。

3. **学习编程基础**：
   - 熟悉Python，推荐使用PyCharm或VS Code。
   - 学习Python的列表、循环、函数等基本概念。

4. **学习机器学习库**：
   - 学习Scikit-learn库，用于数据处理和机器学习算法。
   - 学习TensorFlow或PyTorch，这些框架用于构建复杂的机器学习模型。

5. **参加机器学习课程**：
   - 求职平台如Coursera、Udacity、edAcMyth提供机器学习基础课程。
   - 学习由知名机构或专家授课的课程。

6. **做机器学习项目**：
   - 选择一个具体的问题进行解决，如预测房价或分类任务。
   - 通过Kaggle等平台参与公开数据集项目，积累实践经验。

7. **阅读经典书籍和教程**：
   - 建议阅读《机器学习实战》或《机器学习》等书籍。
   - 关注机器学习博客和公众号，获取最新进展和应用案例。

8. **持续学习和实践**：
   - 定期复习学过的知识，保持对技术的更新了解。
   - 参与开源项目或帮助他人解决问题，主动积累经验。

通过以上步骤，你可以系统地学习机器学习，从基础开始逐步掌握其核心概念和实践应用。保持好奇心和耐心，耐心探索，你将能够掌握机器学习并应用到实际问题中。
2025-06-07 16:41:55,922 - DEBUG - XiDian - Final reasoning response: 好吧，我现在想要学习机器学习，但感觉有点复杂，不知道该怎么开始。首先，我得弄清楚机器学习到底是什么。听说它涉及到各种算法，比如线性回归、决策树、神经网络什么的。这些都是什么？我好像听说过回归，但不知道具体是什么用途。

我记得之前学过一些编程，Python我还挺熟悉的，应该用Python来实施机器学习吧？然后，我需要掌握一些数学知识，比如线性代数、概率论这些。可是，我的数学基础还行，但可能有点生疏了。我得找些好的资源来复习这些数学知识。

然后，机器学习需要用到很多库，像TensorFlow、PyTorch、Scikit-learn这些。我应该先从哪个开始用呢？听说Scikit-learn比较简单，适合初学者。如果我先通过它来学习基础概念，可能更容易上手。

接下来，找一些好的教程。听说Coursera和 Udacity 有机器学习的课程，还有edAcMyth只怕是网上的资源。我应该先选一个课程，跟着一步一步学。我还记得有一个叫做机器学习的入门课程，可能内容不错。

实践是关键，我需要做项目来应用所学的知识。比如，我可以尝试做预测性的任务，比如预测房价或者学生成绩。这些都是实际的问题，能帮助我更好地理解机器学习的应用。

另外，我还不太确定具体用哪些算法。线性回归，Support vector machines，Decision trees这些都是我需要学习和实验的东西。可能我得先做一个简单的项目，选择其中一个算法，深入理解它是如何工作的，然后再尝试其他的算法。

困难的部分可能在于数据分析和处理。听说机器学习需要处理大量数据，可能需要用到Pandas和NumPy这些库。我得学习如何使用这些库来管理和分析数据，才能更好地应用机器学习方法。

另外，模型评估也很重要。我知道需要使用一些指标来评估模型的性能，比如准确率、召回率、F1分数等。但我不确定这些具体怎么计算，得好好学习一下。

还有，机器学习模型有监督和无监督的两种，我得了解它们的基本概念和应用场景，以及对应的算法有哪些。这可能帮助我更好地选择适合的问题解决方法。

虽然我有点担心，但我觉得按照步骤来，先从基础的数学和编程入手，再逐步学习机器学习的基础概念和常用算法，最后通过项目实践来巩固所学，应该是个不错的选择。我相信只要耐心学习， eventual master machine learning.

不过，我也听说机器学习的书籍和教程很多，我应该如何选择呢？老师建议我先找一些经典教材看看，比如《机器学习》（The Elements of Statistical Learning）或者《机器学习实战》（Machine Learning in Action）。这两本书各有特点，我得看看哪一本更适合我的学习风格。

还有一点，我需要投入足够的时间和精力，不能急于求成。机器学习需要理解多个概念和实践，所以得给自己制定一个合理的学习计划，每天学习一段时间，逐步深入。

总的来说，虽然机器学习看起来很复杂，但通过系统的学习和不断实践，我相信我能够掌握它。我需要一步一步来，从基础开始，逐步积累知识和技能，最终达到应用机器学习解决实际问题的目标。

2025-06-07 16:41:56,054 - DEBUG - XiDian - 进入 get_experiment_record_details，整体实验ID: 1, 用户ID: 1
2025-06-07 16:41:56,057 - DEBUG - XiDian - 实验 1 共有 10 个步骤。
2025-06-07 16:41:56,057 - DEBUG - XiDian - 步骤 1: 找到记录 3，状态 'completed', 分数 95.0
2025-06-07 16:41:56,057 - DEBUG - XiDian - 步骤 2: 未找到对应记录，默认为 'pending', 分数 0.0
2025-06-07 16:41:56,058 - DEBUG - XiDian - 步骤 3: 未找到对应记录，默认为 'pending', 分数 0.0
2025-06-07 16:41:56,058 - DEBUG - XiDian - 步骤 4: 找到记录 1，状态 'completed', 分数 90.0
2025-06-07 16:41:56,058 - DEBUG - XiDian - 步骤 5: 未找到对应记录，默认为 'pending', 分数 0.0
2025-06-07 16:41:56,058 - DEBUG - XiDian - 步骤 6: 未找到对应记录，默认为 'pending', 分数 0.0
2025-06-07 16:41:56,058 - DEBUG - XiDian - 步骤 7: 未找到对应记录，默认为 'pending', 分数 0.0
2025-06-07 16:41:56,058 - DEBUG - XiDian - 步骤 8: 未找到对应记录，默认为 'pending', 分数 0.0
2025-06-07 16:41:56,058 - DEBUG - XiDian - 步骤 9: 未找到对应记录，默认为 'pending', 分数 0.0
2025-06-07 16:41:56,058 - DEBUG - XiDian - 步骤 10: 未找到对应记录，默认为 'pending', 分数 0.0
2025-06-07 16:41:56,234 - DEBUG - XiDian - Final response: 

### 学习机器学习的步骤指南

1. **奠定基础知识**
   - **数学基础**：
     - **线性代数**：理解向量、矩阵和线性变换，这些是机器学习中的核心概念。
     - **概率论与统计学**：学习概率分布、期望值、方差等，掌握统计推断的基本原理。
     - **微积分**：了解导数、梯度和优化方法，为算法中的优化步骤打下基础。
   - **编程基础**：
     - 学习Python，掌握数据结构、函数、类和模块的使用。
     - 获取必要的软件开发技能，如版本控制和项目管理。

2. **学习编程与机器学习工具**
   - 掌握数据处理库（如NumPy、Pandas）和机器学习库（如TensorFlow、PyTorch）。
   - 熟悉数据可视化工具（如Matplotlib、Seaborn），以更好地理解数据和结果。

3. **理解机器学习的基本概念**
   - 学习机器学习的定义、应用场景和分类，如监督学习、无监督学习等。
   - 掌握基本概念，如特征、标签、训练集、测试集等。

4. **学习监督学习算法**
   - 初步接触回归算法（如线性回归），理解其工作原理和适用场景。
   - 学习分类算法（如逻辑回归、决策树、随机森林、SVM），了解不同算法的特点和适用情况。

5. **学习无监督学习算法**
   - 掌握聚类算法（如K-means、层次聚类）和降维技术（如PCA），理解其在数据理解中的作用。

6. **掌握机器学习流程**
   - 学习从数据准备到模型部署的完整流程，包括数据清洗、特征工程、模型选择、调优和评估。

7. **参与并完成机器学习项目**
   - 通过实际项目巩固知识，尝试解决真实世界的问题，如分类、回归等。
   - 学习使用完整的机器学习工具链，如数据预处理、模型训练和评估。

8. **持续学习与实践**
   - 善用在线资源、文档和社区，如Kaggle、 medium 上的教程。
   - 参与机器学习竞赛和开源项目，积累实践经验。
   - 关注行业动态，学习最新的技术和应用案例。

9. **提升高级能力**
   - 深入学习深度学习和强化学习，探索更复杂和先进的模型和算法。
   - 学习部署和优化机器学习模型的实践，解决实际应用中的问题。

10. **应用机器学习**
    - 在实际工作中利用机器学习解决问题，推动创新和改进。
    - 不断总结经验，提升解决复杂问题的能力。

通过以上步骤，您可以系统地学习并掌握机器学习的基本知识和应用技能，逐步从新手成长为有经验的机器学习 practitioners。
2025-06-07 16:41:56,235 - DEBUG - XiDian - Final reasoning response: 嗯，我最近对机器学习挺感兴趣的，总是想了解这到底是怎么回事。我知道它是一个比较大的领域，涉及到很多技术，像算法、数据、编程等等。可是，作为一个刚开始的人，我应该从哪里开始呢？我听说过机器学习有个机器学习的流程，还有各种模型，比如监督学习、无监督学习等等，但这些具体是什么呢？

首先，我觉得我需要先了解一些基础知识。那数学基础重要吗？我有点数学背景，但可能不够强。比如，线性代数、概率论、统计学这些是不是必须的？我记得在线性代数中，矩阵和向量运算挺重要的，可能在机器学习中也会用到吧。

然后是编程语言，我倾向于学Python，因为它有丰富的库和 frameworks，像TensorFlow、PyTorch这些工具是不是必须学？可是，Python的基础知识，比如数据结构、函数、类这些是不是也需要先掌握呢？

学习算法的时候，监督学习、无监督学习分别是什么样的？监督学习需要有标签数据，比如分类和回归问题，对吧？无监督学习则是在没有标签的情况下寻找数据中的结构。那这些算法具体怎么实现呢？比如，线性回归、支持向量机、决策树这些都是常用的机器学习算法，我需要先理解它们的基本概念和工作原理。

数据准备也是个挑战。数据来源有很多，比如CSV文件、数据库、网络爬虫什么的。清洗数据，去掉缺失值和噪声，数据预处理又是很重要的一步。可是这些具体怎么做呢？我需要了解一些数据清洗和预处理的技巧和工具。

机器学习项目，我应该怎么开始呢？有没有一个入门的项目？比如，做一个简单的分类器，预测房子的价格或者分类邮件是否是垃圾邮件。然后，我需要学习如何设计实验，评估模型的性能。比如，如何划分训练集和测试集，如何计算准确率等等。

实践和应用也是关键。我应该先尝试一些基础的项目，学习如何使用这些工具和库。但是一开始可能会有很多不确定性，遇到的问题怎么解决呢？有没有资源或者社区可以帮忙？

深入学习的话，可能需要读一些书籍或者论文。考虑到我的数学基础有限，可能需要找一些比较基础的书籍。机器学习的原理和应用也是需要深入理解的，而不仅仅是使用工具。

持续学习和应用是长远的。我需要持续关注行业动态，了解最新的技术发展和应用案例。同时，将这些知识应用到实际工作中或项目中，这样才能真正掌握机器学习。

总的来说，我需要制定一个学习计划，先从数学和编程基础开始，然后逐步学习机器学习的概念、算法、项目实践，最后深入研究和应用。过程中可能会遇到很多困难和挑战，但我需要坚持下去，不断学习和改进。

2025-06-07 16:41:56,369 - DEBUG - XiDian - 进入 get_experiment_record_details，整体实验ID: 1, 用户ID: 1
2025-06-07 16:41:56,371 - DEBUG - XiDian - 实验 1 共有 10 个步骤。
2025-06-07 16:41:56,372 - DEBUG - XiDian - 步骤 1: 找到记录 3，状态 'completed', 分数 95.0
2025-06-07 16:41:56,372 - DEBUG - XiDian - 步骤 2: 未找到对应记录，默认为 'pending', 分数 0.0
2025-06-07 16:41:56,372 - DEBUG - XiDian - 步骤 3: 未找到对应记录，默认为 'pending', 分数 0.0
2025-06-07 16:41:56,372 - DEBUG - XiDian - 步骤 4: 找到记录 1，状态 'completed', 分数 90.0
2025-06-07 16:41:56,372 - DEBUG - XiDian - 步骤 5: 未找到对应记录，默认为 'pending', 分数 0.0
2025-06-07 16:41:56,372 - DEBUG - XiDian - 步骤 6: 未找到对应记录，默认为 'pending', 分数 0.0
2025-06-07 16:41:56,373 - DEBUG - XiDian - 步骤 7: 未找到对应记录，默认为 'pending', 分数 0.0
2025-06-07 16:41:56,373 - DEBUG - XiDian - 步骤 8: 未找到对应记录，默认为 'pending', 分数 0.0
2025-06-07 16:41:56,373 - DEBUG - XiDian - 步骤 9: 未找到对应记录，默认为 'pending', 分数 0.0
2025-06-07 16:41:56,373 - DEBUG - XiDian - 步骤 10: 未找到对应记录，默认为 'pending', 分数 0.0
2025-06-07 16:41:56,602 - DEBUG - XiDian - Final response: 

学习机器学习的步骤和资源：

1. **了解机器学习的基础概念**：
   - 学习什么是机器学习，它的应用领域以及与传统编程的不同之处。
   - 掌握基本术语，如监督学习、无监督学习、强化学习等。

2. **选择学习方式**：
   - 按照自己的学习偏好选择学习方式，可以选择在线课程、书籍或者参与培训课程。
   - 常见的在线学习平台有Coursera、edX、Udacity等，提供知名的机器学习课程。

3. **学习必要的数学知识**：
   - 掌握线性代数、概率统计和优化算法的基本知识。
   - 可以参考《机器学习数学基础》书籍或者在线课程，如Andrew Ng的Coursera课程。

4. **学习编程基础**：
   - 学习Python或R编程语言，掌握基本语法和数据结构。
   - 学习数据处理库如NumPy、Pandas，以及机器学习库如Scikit-learn。

5. **学习机器学习算法**：
   - 从小规模问题开始，先学习线性回归、逻辑回归等基础算法。
   - 接着学习决策树、随机森林、支持向量机等中等难度算法。
   - 最后学习较复杂的算法如神经网络和深度学习。

6. **实操与项目练习**：
   - 通过实际项目巩固理论知识，从数据收集、预处理到模型训练和评估。
   - 使用Kaggle平台进行竞赛或参与公开项目，提升实际应用能力。

7. **学习模型调优与评估**：
   - 掌握模型调优方法，如网格搜索、随机搜索等超参数优化。
   - 学习模型评估指标，如准确率、召回率、F1分数、AUC-ROC曲线等，理解过拟合与欠拟合问题。

8. **持续学习与实践**：
   - 不断参与新的项目，保持对新技术和新领域的了解。
   - 参与机器学习社区，如Stack Overflow、Reddit等，主动交流和分享学习经验。

通过以上步骤，逐步掌握机器学习的知识和实践技能，从基础到复杂，从理论到实践，最终达到独立构建和应用机器学习模型的目标。同时，不断挑战自我，持续学习，保持对机器学习领域的热情和探索精神。
2025-06-07 16:41:56,604 - DEBUG - XiDian - Final reasoning response: 嗯，如何学习机器学习呢？我觉得这是一个挺复杂的问题。首先，我得先了解机器学习到底是什么，它和传统编程有什么不同。传统编程是让电脑按照指定的步骤去处理问题，而机器学习好像是让电脑自己学习，从数据中找到模式，然后自己做出决策或者预测。听起来挺酷的，但是我对此还不是很清楚。

然后，我需要知道机器学习的基本概念和原理。比如，监督学习、无监督学习、强化学习这些术语是什么意思呢？有时候这些名字听起来都挺像科幻电影中的词汇，但实际上它们属于不同的学习方式。我得找个资料或者教程来系统地了解这些基本概念。

接下来，我应该选择一种适合自己的学习方式。想一想，我可以自己看书，还是得在线课程，或者是参加一个训练班？网上有很多资源，比如Coursera、edX这些平台有好多机器学习的课程，可能是个不错的选择。或者，我可以阅读一些经典的书籍，比如《机器学习》或者《Pattern Recognition and Machine Learning》这些书，不过看起来有点厚，是不是需要花很多时间。

另外，实践是学习机器学习的重要部分。我应该先从小例子开始，比如用Python或者R去搭建一个简单的分类模型。这样不仅能巩固理论知识，还能真正感受到机器学习的实际应用。可是，我不太会编程，特别是Python，虽然听说它很流行，但具体怎么用还不太清楚。我需要学习一些基础的编程知识，比如Python的基础语法，还有数据处理的库，比如NumPy和Pandas。

然后，我需要掌握一些数学基础。机器学习背后有很多数学原理，比如线性代数、概率统计等。我不太有数学背景，这会不会很难？有没有什么资源或者课程推荐来学习这些必要的数学知识？或者说，有没有机器学习课程会自动涵盖这些数学内容？这一点我得弄清楚。

接着，我还要学习不同的机器学习算法。比如，线性回归、逻辑回归、支持向量机、决策树、随机森林、神经网络等等。每种算法都有它的特点和应用场景。我应该按照难度从小到大来学习这些算法，先从简单的方法开始，慢慢深入复杂的方法。这样既能打好基础，也不会被难的知识所困扰。

建模和验证也是机器学习的关键部分。我应该学会如何使用这些算法构建模型，然后通过一些方法评估模型的性能，比如混淆矩阵、准确率、召回率等等。此外，过拟合和欠拟合是机器学习中常遇到的问题，我需要学习如何避免这些情况，比如采用正则化、交叉验证等方法。

最后，项目实战是非常重要的。我应该自己动手做一个完整的机器学习项目，从数据收集开始，到数据预处理、建模、评估，再到模型调优，看看能不能解决实际问题。这不仅能巩固所学的知识，还能提升解决实际问题的能力。

不过，感觉自己需要同时学习编程、数学和算法，有点不知从何下手。或许可以分阶段来学习，先打好编程基础，再系统地学习机器学习的知识和实践。同时，找一个合适的项目来不断练习和应用，这样学习就会事半功倍。

总之，学习机器学习需要耐心和坚持，得一步步来，不能急于求成。从了解基本概念开始，逐步深入掌握算法和编程技能，通过不断的实践来提升自己的能力。

2025-06-07 16:41:56,730 - DEBUG - XiDian - 进入 get_experiment_record_details，整体实验ID: 1, 用户ID: 1
2025-06-07 16:41:56,733 - DEBUG - XiDian - 实验 1 共有 10 个步骤。
2025-06-07 16:41:56,733 - DEBUG - XiDian - 步骤 1: 找到记录 3，状态 'completed', 分数 95.0
2025-06-07 16:41:56,733 - DEBUG - XiDian - 步骤 2: 未找到对应记录，默认为 'pending', 分数 0.0
2025-06-07 16:41:56,733 - DEBUG - XiDian - 步骤 3: 未找到对应记录，默认为 'pending', 分数 0.0
2025-06-07 16:41:56,733 - DEBUG - XiDian - 步骤 4: 找到记录 1，状态 'completed', 分数 90.0
2025-06-07 16:41:56,733 - DEBUG - XiDian - 步骤 5: 未找到对应记录，默认为 'pending', 分数 0.0
2025-06-07 16:41:56,733 - DEBUG - XiDian - 步骤 6: 未找到对应记录，默认为 'pending', 分数 0.0
2025-06-07 16:41:56,734 - DEBUG - XiDian - 步骤 7: 未找到对应记录，默认为 'pending', 分数 0.0
2025-06-07 16:41:56,734 - DEBUG - XiDian - 步骤 8: 未找到对应记录，默认为 'pending', 分数 0.0
2025-06-07 16:41:56,734 - DEBUG - XiDian - 步骤 9: 未找到对应记录，默认为 'pending', 分数 0.0
2025-06-07 16:41:56,734 - DEBUG - XiDian - 步骤 10: 未找到对应记录，默认为 'pending', 分数 0.0
2025-06-07 16:41:57,093 - DEBUG - XiDian - Final response: 

学习机器学习是一个系统化的过程，需要从基础入手，逐步深入理解其理论和实践。以下是一个清晰的学习路径和建议：

### 学习路径

1. **编程基础确认**
   - 确保你已经熟练掌握Python，这是机器学习中常用的编程语言，尤其是因为它有丰富的库和框架支持。

2. **数学基础巩固**
   - **线性代数**：重点学习向量、矩阵、特征值等，这对理解机器学习算法很重要。
   - **微积分**：了解导数、梯度、多元微积分，为理解优化算法打下基础。
   - **统计学与概率论**：集中学习统计量、分布、假设检验，理解数据和算法背后的统计原理。

3. **机器学习基础**
   - 学习基本概念，如监督学习、无监督学习、半监督学习和强化学习。
   - 掌握常见的机器学习算法，如线性回归、逻辑回归、决策树、随机森林等。
   - 理解评估指标和过拟合/欠拟合的概念，这些都是机器学习的核心。

4. **Python机器学习工具**
   - 学习使用Python库，例如Scikit-learn，它提供了大量机器学习算法和工具。
   - 了解NumPy和Pandas等库的基本用法，用于数据处理和分析。
   - 学习Matplotlib或Seaborn进行数据可视化，帮助理解数据特征。

5. **进阶学习**
   - 学习神经网络和深度学习基础，如使用TensorFlow或PyTorch。
   - 探索机器学习进阶算法，如支持向量机、K近邻、集成学习等。
   - 学习模型调优和优化方法，如网格搜索、随机搜索、交叉验证等。

6. **项目实践**
   - 从基础项目开始，逐步尝试复杂项目，巩固所学知识。
   - 使用Kaggle等平台进行比赛，提升实际操作能力。
   - 学会文档阅读和算法实现，提升自主学习能力。

7. **持续学习**
   - 加入学习社区，参与讨论和交流，获取最新的学习资源。
   - 不断自我反思和总结，制定详细的学习计划，并严格执行。

### 实践建议

- **实践项目**：从简单项目开始，逐步挑战更复杂的任务，如图像分类、自然语言处理等。
- **数据准备**：学习数据清洗、特征工程和数据分割，提升处理真实数据的能力。
- **工具掌握**：熟练掌握用来机器学习的工具和框架，了解它们的优缺点和适用场景。
- **Notebook**：使用Jupyter Notebook来记录思考和实验，方便复现和分享。

### 学习方法

- **系统学习**：遵循从基础到深入的学习路线，确保每个环节都扎实掌握。
- **理解原理**：不仅仅知其然，更要理解算法背后的原理，这样能更好地选择和应用它们。
- **实践结合**：理论学习后，立即动手实践，巩固知识，发现不足，不断改进。
- **持续更新**：机器学习发展迅速，保持对新技术的关注，及时更新知识储备。

### 学习资源

- **书籍**：推荐《机器学习》、《Python机器学习》等。
- **在线课程**：Coursera上的Andrew Ng的机器学习课程，Kaggle Learn的章节。
- **博客和教程**：Medium上的机器学习博客入门教程，Stack Overflow机器学习问题解答。
- **工具文档**：官方文档的学习，如Scikit-learn和TensorFlow的文档。
- **社区参与**：Kaggle比赛和数据科学社区如Reddit和Discord的参与。

通过系统规划和持续努力，你可以逐步掌握机器学习的核心知识和技能，最终达到专业应用的水平。
2025-06-07 16:41:57,095 - DEBUG - XiDian - Final reasoning response: 好吧，我最近对机器学习感兴趣，但是感觉有点困惑。我应该从哪里开始呢？是先弄清楚基本概念，还是直接拿点数据集来实践？在互联网上能找到很多机器学习资料，但是信息量也很大， overwhelming。我应该怎么选择学习路径呢？

我记得以前学过一些编程，特别是Python，所以可能应该从Python入手。但是，除了编程之外，机器学习还需要哪些数学基础？我有点数学底子，但是不确定够不够。有些时候，看到复杂的数学公式，感觉有点难以理解，这是不是意味着我需要先恶补数学知识？

我听说机器学习涉及到很多算法，如线性回归、支持向量机、神经网络等。这些算法背后的原理是什么？是不是有什么直观的例子可以帮助我理解它们？很多教程中会使用图表和case study吗？如果有具体的例子，学习起来会不会更容易一些？

另外，机器学习的工具和框架很多，如TensorFlow、Keras、PyTorch等。这些工具有什么区别和联系？如果我选择学习TensorFlow，以后想改用Keras或者其他工具，会不会有困难？可能需要一些过渡期吗？

实践对我来说很重要，但我应该如何开始？是先从基础的分类算法开始，比如逻辑回归，还是应该先尝试一些更高级的算法？我记得有人推荐使用(Python, TensorFlow, Keras)的组合，但我不确定是否正确。此外，处理真实数据集时，会有数据清洗、特征工程、数据可视化等步骤，这些我需要了解和练习吗？

还有，听说机器学习需要良好的编程习惯和问题解决能力。我平时自我反思的能力如何？是否需要制定详细的学习计划和时间管理？遇到问题时，应该如何有效地解决和学习？

总之，我对机器学习的了解还很浅薄，我需要系统地规划学习路径，明确每一步的学习目标和方法，才能有效地掌握这项技术。

2025-06-07 16:41:57,212 - DEBUG - XiDian - 进入 get_experiment_record_details，整体实验ID: 1, 用户ID: 1
2025-06-07 16:41:57,214 - DEBUG - XiDian - 实验 1 共有 10 个步骤。
2025-06-07 16:41:57,214 - DEBUG - XiDian - 步骤 1: 找到记录 3，状态 'completed', 分数 95.0
2025-06-07 16:41:57,214 - DEBUG - XiDian - 步骤 2: 未找到对应记录，默认为 'pending', 分数 0.0
2025-06-07 16:41:57,214 - DEBUG - XiDian - 步骤 3: 未找到对应记录，默认为 'pending', 分数 0.0
2025-06-07 16:41:57,214 - DEBUG - XiDian - 步骤 4: 找到记录 1，状态 'completed', 分数 90.0
2025-06-07 16:41:57,214 - DEBUG - XiDian - 步骤 5: 未找到对应记录，默认为 'pending', 分数 0.0
2025-06-07 16:41:57,214 - DEBUG - XiDian - 步骤 6: 未找到对应记录，默认为 'pending', 分数 0.0
2025-06-07 16:41:57,214 - DEBUG - XiDian - 步骤 7: 未找到对应记录，默认为 'pending', 分数 0.0
2025-06-07 16:41:57,214 - DEBUG - XiDian - 步骤 8: 未找到对应记录，默认为 'pending', 分数 0.0
2025-06-07 16:41:57,215 - DEBUG - XiDian - 步骤 9: 未找到对应记录，默认为 'pending', 分数 0.0
2025-06-07 16:41:57,215 - DEBUG - XiDian - 步骤 10: 未找到对应记录，默认为 'pending', 分数 0.0
2025-06-07 16:41:58,736 - DEBUG - XiDian - Final response: 

学习机器学习是一个系统而有趣的过程，以下是一个逐步清晰的指南：

### 1. 打好基础知识

- **数学基础**：重点学习线性代数、概率论、微积分，这些是机器学习的基石。
- **编程基础**：熟练掌握Python，推荐使用Jupyter Notebook进行实验和实践。
- **数据处理库**：学习使用NumPy和Pandas library进行数据操作。

### 2. 了解机器学习概述

- **概念理解**：掌握机器学习的定义、类型（监督、非监督、强化学习）及应用场景。
- **机器学习流程**：熟悉数据准备、特征选择、模型训练、评估和优化的流程。

### 3. 掌握核心算法

- **回归算法**：从线性回归、逻辑回归开始，理解其数学基础和应用场景。
- **分类算法**：学习决策树、随机森林、支持向量机（SVM）和朴素贝叶斯等。
- **聚类算法**：如K-均值聚类和层次聚类，了解无监督学习的特点。
- **降维技术**：如主成分分析（PCA）和t-SNE，理解数据降维的重要性。
- **神经网络与深度学习**：从基本的人工神经网络（ANN）到深度学习框架（如TensorFlow、PyTorch）。

### 4. 实践与项目

- **平台使用**：在Kaggle平台上参与实际项目，使用提供的数据集进行实践。
- **数据分析**：用Pandas和Matplotlib进行数据清洗和可视化。
- **模型调优**：通过GridSearchCV和随机搜索等方法优化模型性能。

### 5. 学习资源

- **官方文档**：参考Python库的官方文档，如TensorFlow、Scikit-learn、Keras等。
- **教程与课程**：关注机器之心、Coursera、Udacity等平台上的机器学习课程。
- **视频教程**：观看机器学习基础课程，如3Blue1Brown的线性代数、微积分系列。
- **书籍推荐**：选择入门级书籍如《机器学习实战》或更高级的《机器学习》。

### 6. 加入社区与交流

- **论坛互动**：在Stack Overflow、Reddit等平台上提问或回答问题，积累经验和知识。
- **社区加入**：参与机器学习社区，如加入机器学习 subreddit 或者相关AI群组。
- **线下活动**：参加当地的机器学习工作坊或 meetup。

### 7. 持续学习与更新

- **Stay Updated**：机器学习领域不断 evolve，关注新算法和应用。
- **实践项目**：持续参与项目，将所学应用到实际问题中。
- **自我提升**：保持学习的热情，阅读最新的研究论文，参加在线课程。

通过系统地学习和不断实践，你可以逐步掌握机器学习的核心概念和应用技术，从而在实际项目中运用这些知识解决问题。
2025-06-07 16:41:58,743 - DEBUG - XiDian - Final reasoning response: 嗯，我要学习机器学习，好像有点难。我应该从哪里开始呢？先看看网上的资源，好像有很多教程和文档。是不是先得了解基础知识，比如数学和编程基础？数学方面，我需要复习一些数学知识，比如线性代数、概率论、微积分，这些对机器学习挺重要的。但这些知识我以前学得有点忘了，得先复习一下。

另外，机器学习还需要编程，我通常用Python，但还有其他语言，比如R或者Julia。我觉得Python的生态比较好，有很多库可用，比如TensorFlow和PyTorch，这些应该是学习机器学习的主流工具。但我得先熟悉Python语法，特别是列表、循环、函数这些基础概念。

机器学习有监督和无监督两种类型，我应该先从监督学习开始，比如回归和分类问题。回归问题就是预测一个连续的数值，比如房价预测；分类问题就是把数据分成几个类别，比如识别图片里的物体。这些都是比较基础的内容。我得先理解这些基本概念，然后试着用一些简单的方法来做。

接下来，可能会遇到很多算法，比如线性回归、逻辑回归、支持向量机、决策树、随机森林、神经网络等等。这些算法看起来各不相同，但都基于某种数学模型。我得一个一个学习，先理解每个算法的原理，然后看看如何用Python实现它。

有很多资料可以参考，比如官方文档、教程、博客和视频。维基百科、CRAN和ScikitLearn文档都是不错的选择。Kaggle平台有很多实际的项目和数据集，我可以尝试用这些数据集来练习这些算法。

不过，学起来可能会比较慢，尤其是数学和算法部分。我需要多做练习，写代码实现这些算法，理解每个步骤的作用。不要害怕失败，每一次尝试都是提升的机会。

可能还需要一些 Watches，并与社区交流，比如在Stack Overflow或者Reddit等论坛提问，学习别人的经验和解答问题。加入机器学习的社区，比如参加 meets 或者线上学习小组，可以更好地学习和进步。

总之，学习机器学习需要系统地学习数学基础知识，掌握编程技能，理解各种算法，通过实践来不断改进和提升。虽然过程可能会很充实，但也会遇到很多挑战。我得保持耐心，慢慢来，逐步深入学习。

2025-06-07 16:41:59,008 - DEBUG - XiDian - 进入 get_experiment_record_details，整体实验ID: 1, 用户ID: 1
2025-06-07 16:41:59,012 - DEBUG - XiDian - 实验 1 共有 10 个步骤。
2025-06-07 16:41:59,014 - DEBUG - XiDian - 步骤 1: 找到记录 3，状态 'completed', 分数 95.0
2025-06-07 16:41:59,014 - DEBUG - XiDian - 步骤 2: 未找到对应记录，默认为 'pending', 分数 0.0
2025-06-07 16:41:59,014 - DEBUG - XiDian - 步骤 3: 未找到对应记录，默认为 'pending', 分数 0.0
2025-06-07 16:41:59,015 - DEBUG - XiDian - 步骤 4: 找到记录 1，状态 'completed', 分数 90.0
2025-06-07 16:41:59,015 - DEBUG - XiDian - 步骤 5: 未找到对应记录，默认为 'pending', 分数 0.0
2025-06-07 16:41:59,015 - DEBUG - XiDian - 步骤 6: 未找到对应记录，默认为 'pending', 分数 0.0
2025-06-07 16:41:59,016 - DEBUG - XiDian - 步骤 7: 未找到对应记录，默认为 'pending', 分数 0.0
2025-06-07 16:41:59,016 - DEBUG - XiDian - 步骤 8: 未找到对应记录，默认为 'pending', 分数 0.0
2025-06-07 16:41:59,016 - DEBUG - XiDian - 步骤 9: 未找到对应记录，默认为 'pending', 分数 0.0
2025-06-07 16:41:59,016 - DEBUG - XiDian - 步骤 10: 未找到对应记录，默认为 'pending', 分数 0.0
2025-06-07 16:41:59,756 - DEBUG - XiDian - Final response: 

学习机器学习可以从以下几个步骤开始：

1. **掌握基础知识**：
   - 学习数学基础，尤其是线性代数、概率统计、微积分等，这些是机器学习的基础。
   - 了解机器学习的分类（监督学习、无监督学习等）和常用算法。

2. **选择合适的编程语言**：
   - 优先选择Python，因为它有丰富的库如Pandas、NumPy、Scikit-learn等。
   - 学会使用Jupyter Notebook进行快速开发和实验。

3. **学习机器学习算法**：
   - 从基础的线性回归、逻辑回归开始，逐步学习 Decision Trees、Support Vector Machines（SVM）、k-Means等。
   - 进一步深入学习神经网络和深度学习，比如使用TensorFlow或PyTorch框架。

4. **掌握数据处理和分析**：
   - 学习如何使用Pandas进行数据清洗、数据预处理。
   - 了解数据可视化工具如Matplotlib和Seaborn，以便更好地理解数据。

5. **实践项目**：
   - 通过实际项目来应用学习到的知识，比如分类预测项目、图像分类等。
   - 参与Kaggle等平台的比赛，提升解决实际问题的能力。

6. **利用丰富的学习资源**：
   - 观看在线课程，如Coursera上的Andrew Ng的《机器学习》。
   - 阅读书籍，如《机器学习实战》或《Deep Learning》。
   - 参与社区和论坛，如Stack Overflow，Kaggle讨论区，获取最新的动态和解决方案。

7. **持续学习与改进**：
   - 关注机器学习的最新研究和应用，了解前沿技术。
   - 不断优化学习方法，尝试不同的算法和参数调整，提升模型性能。

通过以上步骤的学习与实践，可以系统地掌握机器学习的知识和技能，逐步成为机器学习的应用者和实践者。
2025-06-07 16:41:59,756 - DEBUG - XiDian - Final reasoning response: 嗯，如何学习机器学习？这个问题听起来有点复杂。我之前对机器学习了解不多，只知道它是一种可以通过数据训练电脑来做预测的东西。但是具体要怎么开始学习呢？

首先，我需要了解机器学习的基础知识。机器学习主要分监督学习、无监督学习和强化学习。监督学习需要输入数据和对应的标签，比如分类任务或回归任务。无监督学习则是处理没有标签的数据，寻找数据的内在结构。强化学习好像是一种通过试错来学习的方法。我需要先搞清楚这些基本概念，才能更好地学习。

接下来是算法。机器学习有很多算法，比如线性回归、逻辑回归、决策树、随机森林、支持向量机、k-means聚类等等。这些都是机器学习中的经典算法。我还听说过神经网络和深度学习，但这两者听起来好像比较复杂。或许我应该先从传统的算法开始学习，待我熟悉了再逐步深入神经网络和深度学习。

然后是编程语言。我知道Python在机器学习中用得非常多，因为它有很多好用的库，比如Pandas、NumPy、Scikit-learn等。还有R语言，但我觉得Python更适合机器学习。Java在大数据处理中也很流行，但可能不如Python强大。我应该选择Python来开始。

数据处理和分析也是机器学习的关键。我需要学会如何获取、清洗和预处理数据。数据清洗可能需要处理缺失值、异常值、数据转换等问题。数据预处理可能包括数据标准化、归一化、特征提取等步骤。如果我的数据质量不高，机器学习模型的性能也会很差。

在模型建立方面，我需要学习如何选择合适的算法，训练模型，并对模型进行评估。评估模型的性能通常使用准确率、精确率、召回率、F1分数、 ROC曲线等指标。另外，过拟合和欠拟合是常见的问题，我需要学习如何解决这些问题，比如正则化、参数调优、数据增强等。

机器学习有大量 publicly available datasets，我可以在网上找到很多数据集，比如Kaggle、UCI Machine Learning Repository等。通过实践项目，我可以把书本上学到的知识应用到实际问题中去。如果能够参与 Kaggle 竞赛，可能会有更大的收获。在实践中，我需要不断尝试不同的算法，调整参数，优化模型，提高预测的准确率。

机器学习的资料和社区也是学习的重要资源。我可以通过阅读书籍、观看在线课程、参加线上讨论来提升我的能力。社区中有很多资源分享，比如教程、代码库、论文等。学习别人的经验和代码可能对我理解机器学习算法有很大帮助。

持续学习和更新也是非常重要的。机器学习技术在不断进步，新的算法和技巧层出不穷。我需要保持学习的热情，关注最新的研究成果和应用。知道如何获取最新的资料和改进方法，可以让我的学习更有效率。

或许我可以制定一个学习计划，每周固定学习时间和内容。比如每周学习一组算法，对应一本教材，完成一些实践项目。通过坚持学习和实践，我相信自己能逐步掌握机器学习的知识和技能。

不过，我还不太确定自己的学习进度和方向。可能有些地方理解得不够深入，或者在实践过程中遇到困难。这时候我需要找到合适的学习资料，刷题或者看视频来加深理解。遇到问题时，可以向更有经验的朋友请教，加入机器学习的社区，和他人交流学习经验。

总的来说，学习机器学习需要不断的学习和实践，从基础开始，逐步深入掌握各种算法和模型。最重要的是坚持，不要急于求成，逐步积累经验，找到适合自己的学习路径和方法。

2025-06-07 16:41:59,927 - DEBUG - XiDian - Final response: 

学习机器学习的步骤如下：

1. **数学基础**：
   - 线性代数：理解向量、矩阵、特征值和奇异值分解等概念。
   - 概率论和统计学：学习概率分布、假设检验、贝叶斯定理等。

2. **编程基础**：
   - 学习 Python 基础语法和编程概念。
   - 掌握常用库，如 NumPy、Pandas、Matplotlib 等。

3. **机器学习基础知识**：
   - 了解监督学习、无监督学习等基本概念。
   - 学习常见算法及其应用场景，如线性回归、决策树、支持向量机等。

4. **数据处理与工程化**：
   - 使用 Pandas 进行数据清洗、预处理和分析。
   - 学习数据可视化技术，如 Matplotlib 和 Seaborn。

5. **模型评估与优化**：
   - 掌握模型评估指标，如准确率、召回率、F1 分数等。
   - 学习交叉验证、正则化和特征工程等优化方法。

6. **实践项目**：
   - 从 simple 项目开始，如手写数字识别、房价预测等。
   - 完成项目后，记录和总结学习过程。

7. **持续学习与实践**：
   - 不断实践，尝试不同算法和参数设置。
   - 参加在线课程、阅读论文、参与机器学习社区和竞赛。

通过以上步骤，你可以系统地学习机器学习，并逐步掌握其核心技术和实践应用。
2025-06-07 16:41:59,928 - DEBUG - XiDian - Final reasoning response: 嗯，如何学习机器学习呢？这是我最近一直在思考的问题。机器学习好像很广泛，涵盖了从数据分析、算法开发到模型构建的各个方面。作为一个刚开始接触这个领域的新人，我应该从哪里开始呢？是不是需要先了解基础知识？还是可以直接尝试一些项目？

首先，我需要明确机器学习的目标是什么。机器学习是一种基于数据训练模型的技术，通过这些模型做出预测或决策。那么，想要学习机器学习，我需要掌握哪些基础知识呢？

我记得机器学习涉及到数学知识，特别是线性代数、概率论和统计学。这些数学知识在机器学习的算法开发中非常重要。例如，线性代数中的矩阵和向量运算在神经网络和降维技术中被广泛应用。概率论和统计学则用于理解数据的分布、假设检验等。不过，我对这些数学知识还有点陌生，可能需要先复习一下基础。

除了数学知识，编程能力也是 Machine Learning 的基础。Python 是机器学习中最常用的编程语言之一，因为它拥有丰富的库和工具，像 scikit-learn、TensorFlow 等。我必须学会 Python 的基础语法和一些常用的库的使用。R 语言也是一个强大的统计编程语言，不过我暂时打算先 focuses on Python。

然后是机器学习的基础概念和算法。我需要了解监督学习、无监督学习、半监督学习等不同类型的机器学习方法。监督学习需要 labeled data，主要用于分类和回归问题。无监督学习则不需要 labeled data，主要用于聚类和降维。有哪些常见的机器学习算法呢？例如，线性回归、逻辑回归、支持向量机、决策树、随机森林、k-均值聚类、 Principle Component Analysis (PCA) 等等。这些算法各有特点，适用于不同的问题场景。

接下来，数据处理和工程化也是机器学习的重要环节。有没有好的工具和库可以帮助我高效地处理和清洗数据？是的，Pandas 是一个强大的数据清洗和处理库， missing values 处理、数据变换、数据可视化等功能都很强大。数据可视化则是理解数据分布、发现潜在模式的重要手段，可能使用 Matplotlib 或 Seaborn 等库。

我还需要了解模型评估和优化方法。如何评估机器学习模型的性能？常见的指标包括准确率、召回率、F1 分数、R² 分数、均方根误差 (RMSE) 等等。通过这些指标，我可以比较不同模型或不同参数设置下的性能表现。此外，过拟合和欠拟合是机器学习中常见的问题，通过正则化、交叉验证、特征选择等方法可以避免这些问题。

项目实战也是学习机器学习的重要方式。通过实际的项目，我可以将理论知识应用到实际问题中，积累经验。刚开始学习的时候，可能可以从小项目开始，比如手写数字识别、房价预测等。通过一步步的实践，我可以深入理解机器学习的各个步骤和方法。

不过，机器学习领域非常广袤，远远不止这些初级内容。随着学习的深入，我需要进一步学习深度学习、强化学习、生成对抗网络等高级内容，同时还需要熟悉更多的工具和框架。不过，现阶段应该先从基础开始，打好基础。

在学习过程中，我还需要不断实践，多尝试不同的算法和参数设置，从失败中总结经验。遇到困难的时候，不要害怕寻求帮助，可以查阅文档、观看教程、参加在线课程、参与社区交流等。

总结一下，我需要做以下几件事：

1. 先掌握必要的数学基础：线性代数、概率论、统计学。
2. 学习 Python 编程基础。
3. 学习机器学习的基础概念和常见算法。
4. 通过使用 Pandas 这样的库来进行数据处理和工程化。
5. 学习模型评估和优化的技巧。
6. 开始实践，完成一些小项目，巩固和应用所学知识。
7. 不断实践和优化，从未知中学习。

通过这样的学习路径，我应该能够系统地学习机器学习，并逐步掌握这一领域的核心思想和方法。

2025-06-07 16:42:00,059 - DEBUG - XiDian - 进入 get_experiment_record_details，整体实验ID: 1, 用户ID: 1
2025-06-07 16:42:00,060 - DEBUG - XiDian - 实验 1 共有 10 个步骤。
2025-06-07 16:42:00,061 - DEBUG - XiDian - 步骤 1: 找到记录 3，状态 'completed', 分数 95.0
2025-06-07 16:42:00,061 - DEBUG - XiDian - 步骤 2: 未找到对应记录，默认为 'pending', 分数 0.0
2025-06-07 16:42:00,061 - DEBUG - XiDian - 步骤 3: 未找到对应记录，默认为 'pending', 分数 0.0
2025-06-07 16:42:00,062 - DEBUG - XiDian - 步骤 4: 找到记录 1，状态 'completed', 分数 90.0
2025-06-07 16:42:00,062 - DEBUG - XiDian - 步骤 5: 未找到对应记录，默认为 'pending', 分数 0.0
2025-06-07 16:42:00,062 - DEBUG - XiDian - 步骤 6: 未找到对应记录，默认为 'pending', 分数 0.0
2025-06-07 16:42:00,062 - DEBUG - XiDian - 步骤 7: 未找到对应记录，默认为 'pending', 分数 0.0
2025-06-07 16:42:00,062 - DEBUG - XiDian - 步骤 8: 未找到对应记录，默认为 'pending', 分数 0.0
2025-06-07 16:42:00,063 - DEBUG - XiDian - 步骤 9: 未找到对应记录，默认为 'pending', 分数 0.0
2025-06-07 16:42:00,063 - DEBUG - XiDian - 步骤 10: 未找到对应记录，默认为 'pending', 分数 0.0
2025-06-07 16:42:00,235 - DEBUG - XiDian - 进入 get_experiment_record_details，整体实验ID: 1, 用户ID: 1
2025-06-07 16:42:00,237 - DEBUG - XiDian - 实验 1 共有 10 个步骤。
2025-06-07 16:42:00,237 - DEBUG - XiDian - 步骤 1: 找到记录 3，状态 'completed', 分数 95.0
2025-06-07 16:42:00,237 - DEBUG - XiDian - 步骤 2: 未找到对应记录，默认为 'pending', 分数 0.0
2025-06-07 16:42:00,237 - DEBUG - XiDian - 步骤 3: 未找到对应记录，默认为 'pending', 分数 0.0
2025-06-07 16:42:00,237 - DEBUG - XiDian - 步骤 4: 找到记录 1，状态 'completed', 分数 90.0
2025-06-07 16:42:00,239 - DEBUG - XiDian - 步骤 5: 未找到对应记录，默认为 'pending', 分数 0.0
2025-06-07 16:42:00,239 - DEBUG - XiDian - 步骤 6: 未找到对应记录，默认为 'pending', 分数 0.0
2025-06-07 16:42:00,239 - DEBUG - XiDian - 步骤 7: 未找到对应记录，默认为 'pending', 分数 0.0
2025-06-07 16:42:00,239 - DEBUG - XiDian - 步骤 8: 未找到对应记录，默认为 'pending', 分数 0.0
2025-06-07 16:42:00,239 - DEBUG - XiDian - 步骤 9: 未找到对应记录，默认为 'pending', 分数 0.0
2025-06-07 16:42:00,239 - DEBUG - XiDian - 步骤 10: 未找到对应记录，默认为 'pending', 分数 0.0
2025-06-07 16:42:00,528 - DEBUG - XiDian - Final response: 

学习机器学习可以从以下几个步骤开始：

1. **掌握基础知识**：
   - **编程基础**：确保熟练掌握Python，尤其是数据结构（列表、字典、元组等）和控制流（循环、条件判断）。
   - **数学基础**：复习线性代数（矩阵运算）、概率与统计（均值、方差、协方差等）、微积分（导数、梯度）。
   - **机器学习基础**：学习监督学习、无监督学习和评估指标（如准确率、召回率、F1分数）。

2. **选择学习资源**：
   - **在线课程**：Andrew Ng 的《机器学习》课程非常适合入门，内容全面且结构清晰。可以搭配Udacity和Coursera上的其他课程进行学习。
   - **书籍**：读取《Pattern Recognition and Machine Learning》作为参考，配合Andrew Ng的笔记和教程。

3. **实践项目**：
   - 利用平台Kaggle进行数据分析和机器学习项目，选择手写数字识别、房价预测等经典问题。
   - 学习数据预处理（清洗、特征工程）和模型构建（选择算法、训练、验证、评估）。

4. **熟悉常用工具和库**：
   - 学习TensorFlow或PyTorch框架，掌握Numpy和Pandas的高效数据处理能力。
   - 尝试编写自己的机器学习模型，从线性回归到神经网络，逐步深入。

5. **构建学习计划**：
   - 制定每日学习目标，逐步推进课程和实践项目。
   - 定期复习和巩固已学的知识，确保持续进步。

通过以上步骤，可以系统地学习机器学习，并通过实践提升自己的能力和项目经验。
2025-06-07 16:42:00,528 - DEBUG - XiDian - Final reasoning response: 今天我想开始学习机器学习，但感觉有点不知道从哪里入手。机器学习听起来很酷，但又好像有很多东西需要学。我应该先学什么？我需要哪些基础知识？还有，我应该怎么开始实践呢？

首先，我听说过机器学习是一个广泛领域，包括监督学习、无监督学习、强化学习等等。监督学习好像就是有标签的数据训练模型，无监督学习是对未标记的数据进行分析。但我还不太确定自己适合哪种方向。

我对编程有一些基础，知道Python是比较常用的编程语言，但具体语法还需要复习一下。听说需要用像Python、TensorFlow、PyTorch这样的工具，还有Numpy和Pandas库。我需要先安装这些工具和库吗？对了，安装Python后的pip应该可以安装这些库吧。

网络课程听起来很受欢迎，但实在是太多了，如何选择？听说 Andrew Ng 的机器学习课程很经典，应该可以从那里开始。还有 Udacity 和 Coursera 上有课程，有哪些区别呢？尤其是后者，是不是有更多的操作系统课程？可能 Andrew Ng 的课更适合入门，而 Udacity 可能更全面。

书籍方面，我听说过 Pattern Recognition and Machine Learning，但好像有点难。机器学习的数学基础是怎样的？我还不太确定自己掌握多少数学知识，可能需要复习一下线性代数、概率论和统计学，以及微积分。听说机器学习 algorithms 需要这些数学基础，但其实如何应用这些数学到实际问题中呢，我还不太清楚。

实践中，我应该怎么做呢？听说需要一个项目来实践，比如手写数字识别、房价预测之类的。我可能先从小项目开始，比如用在线数据集，比如Kaggle平台。但怎么做数据预处理？数据清洗、特征工程这些都很重要吧。我记得在数据分析时，数据预处理是关键步骤，但具体怎么做我还不太确定。

模型构建方面，选择一个合适的问题，选择合适的算法，然后进行训练和评估。我需要明白如何选择评估指标，比如准确率、召回率、F1分数等等。如果过拟合怎么办？记得要用交叉验证来防止过拟合，但具体怎么实现还不太清楚。

实践步骤大概如下：

1. 学习基础编程和Python语法。
2. 学习机器学习的基本概念和算法。
3. 熟悉主流的机器学习库和工具。
4. 学习数据预处理和特征工程。
5. 实践中选择一个小项目进行开发。

具体到学习资源，我应该优先学习Andrew Ng的课程，再结合YouTube上的教程逐步深入。如果时间不够，可以先完成 introductory 课程，然后进入 practice projects。

嗯，不过时间管理也很重要。每天学习多长时间比较合理？可能需要设定一个学习计划，在有限的时间里高效学习。并且，找到一个项目，持续一周进行操作，这样可以更直观地理解机器学习流程。

总之，我需要：
1. 了解机器学习的基础概念和方向。
2. 学习必要的编程和数学知识。
3. 熟悉机器学习工具和库。
4. 通过项目实践加深理解。
5. 名单参考别人的机器学习学习计划，调整更适合自己的节奏。

可能会遇到的问题包括：
- 不确定如何选择学习路径。
- 数学知识不足，影响理解。
- 实践项目中遇到的技术难点。

为了克服这些，我可以逐步深入，先从基础概念和数学知识开始，选择经典的课程和书籍作为辅助，通过项目一步步积累经验。

2025-06-07 16:42:00,881 - DEBUG - XiDian - 进入 get_experiment_record_details，整体实验ID: 1, 用户ID: 1
2025-06-07 16:42:00,886 - DEBUG - XiDian - 实验 1 共有 10 个步骤。
2025-06-07 16:42:00,887 - DEBUG - XiDian - 步骤 1: 找到记录 3，状态 'completed', 分数 95.0
2025-06-07 16:42:00,887 - DEBUG - XiDian - 步骤 2: 未找到对应记录，默认为 'pending', 分数 0.0
2025-06-07 16:42:00,887 - DEBUG - XiDian - 步骤 3: 未找到对应记录，默认为 'pending', 分数 0.0
2025-06-07 16:42:00,887 - DEBUG - XiDian - 步骤 4: 找到记录 1，状态 'completed', 分数 90.0
2025-06-07 16:42:00,888 - DEBUG - XiDian - 步骤 5: 未找到对应记录，默认为 'pending', 分数 0.0
2025-06-07 16:42:00,888 - DEBUG - XiDian - 步骤 6: 未找到对应记录，默认为 'pending', 分数 0.0
2025-06-07 16:42:00,888 - DEBUG - XiDian - 步骤 7: 未找到对应记录，默认为 'pending', 分数 0.0
2025-06-07 16:42:00,888 - DEBUG - XiDian - 步骤 8: 未找到对应记录，默认为 'pending', 分数 0.0
2025-06-07 16:42:00,888 - DEBUG - XiDian - 步骤 9: 未找到对应记录，默认为 'pending', 分数 0.0
2025-06-07 16:42:00,888 - DEBUG - XiDian - 步骤 10: 未找到对应记录，默认为 'pending', 分数 0.0
2025-06-07 16:42:01,463 - DEBUG - XiDian - Final response: 

### 学习机器学习的系统化步骤

1. **基础知识入门**
   - **数学基础**：复习线性代数、概率统计、微积分等数学概念。
   - **编程基础**：选择Python作为学习工具，掌握基本的编程语法和数据结构。

2. **机器学习概述**
   - 了解机器学习的定义、分类（监督、无监督、半监督、强化学习）；
   - 学习机器学习的基本概念如特征、标签、训练集、测试集等。

3. **监督学习**
   - **回归**：学习线性回归、多项式回归等算法，了解损失函数、梯度下降；
   - **分类**：学习K-近邻（KNN）、逻辑回归、决策树、随机森林、SVM等算法。

4. **无监督学习**
   - 学习主成分分析（PCA）、聚类分析（如k-means、层次聚类）等技术。

5. **模型评估与选择**
   - 学习模型评估指标（如准确率、召回率、F1分数、AUC-ROC曲线）；
   - 掌握交叉验证、过拟合与欠拟合的概念和解决方法。

6. **高级算法与框架**
   - 学习集成学习（如Bagging、Boosting）、梯度提升机（GBM）、生成对抗网络（GAN）等；
   - 了解流行的机器学习框架（如Scikit-learn、TensorFlow、Keras、PyTorch）。

7. **数据准备与预处理**
   - 掌握数据清洗、特征工程、数据转换（归一化、标准化）等技巧。

8. **实践与项目**
   - 动手实现机器学习算法，参与实际项目，积累实战经验。

9. **持续学习与探索**
   - 参与社区学习，阅读相关书籍与论文，关注前沿技术动态。

通过以上步骤逐步深入学习机器学习，将理论与实践相结合，不断积累经验，提升自己的能力。
2025-06-07 16:42:01,465 - DEBUG - XiDian - Final reasoning response: 嗯，我现在对机器学习有点兴趣了，想从头开始学习。其实我对这个领域了解不多，只是听说过一些术语，比如“算法”、“模型”、“训练”等等。但是具体要怎么系统地学习呢？我觉得可以从基础知识入手，逐步深入。

首先，基础知识方面，我应该先了解什么是机器学习，机器学习的基本概念，还有相关的数学基础。数学基础可能包括线代、概率统计、微积分这些。我记得之前学过一些线性代数，但是可能还不够深入。所以我可能需要复习一下向量、矩阵、梯度这些概念。概率论和统计学也是机器学习的基础，特别是在理解算法的时候会经常用到。微积分中的导数和优化方法也很重要，因为很多机器学习算法都涉及到优化问题。

然后是编程语言，我觉得Python会是一个不错的选择，因为它有很多机器学习的库可以使用，比如Pandas、NumPy、Scikit-learn等等。我还听说过R语言，但感觉Python更广泛一些。不过我刚开始学编程，还不太确定应该先系统地学Python还是直接尝试用这些库。

接下来是机器学习的基本概念。我记得机器学习大致可以分为监督学习、无监督学习、半监督学习、强化学习等等。监督学习是使用有标签的数据进行训练，无监督学习是使用无标签的数据。监督学习又可以细分为回归和分类，回归是预测连续值，分类是预测类别标签。回归模型常用的是线性回归，分类模型包括逻辑回归、SVM、决策树等等。

然后是监督学习的具体算法，比如逻辑回归、线性回归、决策树和随机森林、SVM、K近邻算法。这些模型的原理和实现方法好像各有不同，尤其是支持向量机（SVM）我还不太清楚。随机森林这个算法听起来像是一个集成学习的方法，用多个决策树来提高准确性。决策树可能比较直观，可以通过图示理解不同节点的条件和分类结果。

无监督学习的话，主成分分析（PCA）是一个常用的降维技术，可以用来处理高维数据。聚类分析比如K-means、层次聚类也是一种探秘数据隐含结构的方法。那我需要先了解一下这些算法的原理和应用场景。

推荐系统也是一个挺有意思的方向，涉及到 Collaborative Filtering 等技术。我之前听说过协同过滤在Netflix等平台上应用广泛，但是具体的数学模型和实现细节还不太清楚。

模型评估与选择方面，评估模型性能的指标有很多，比如准确率、召回率、F1值、AUC-ROC曲线等等。这些都是在机器学习中判断模型好坏的重要指标。交叉验证能够更好地评估模型的泛化能力，过拟合和欠拟合的问题也很重要，需要采取一些措施来防止模型只是记住训练数据而没有泛化到新的数据。

集成学习与提升方法，比如Bagging和Boosting，这些方法通过组合多个弱学习器来提高模型的整体表现。XGBoost和LightGBM这些高级的集成学习工具，据说在很多竞赛中表现很好，可能以后 further study 会涉及。

高级话题方面，生成对抗网络（GAN）和马尔可夫随机场（MRF）是比较前沿的内容，可能更适合有一定基础后深入学习。强化学习也是个有趣的方向，可以考虑以后再学习。

工具与框架部分，掌握Python的一些机器学习库和工具是关键，比如Pandas、NumPy、Scikit-learn、TensorFlow、Keras、PyTorch等等。这些工具的使用会直接影响到机器学习项目的效率。

数据准备阶段，数据预处理非常关键，包括数据清洗、特征工程、数据转换和Normalization/Standardization这些步骤。这些都是为了让数据更适合模型训练。

最后，实践是非常重要的。自己动手实现一些机器学习算法，或者参与一些项目，积累实际经验，才能更好地理解和掌握这些技术。

总的来说，我需要制定一个学习计划，先系统学习基础知识，再逐步深入学习机器学习的具体算法和应用，同时实践操作也是必不可少的。过程中可能会遇到很多问题，需要耐心学习和解决问题。

2025-06-07 16:42:01,769 - DEBUG - XiDian - 进入 get_experiment_record_details，整体实验ID: 1, 用户ID: 1
2025-06-07 16:42:01,777 - DEBUG - XiDian - 实验 1 共有 10 个步骤。
2025-06-07 16:42:01,778 - DEBUG - XiDian - 步骤 1: 找到记录 3，状态 'completed', 分数 95.0
2025-06-07 16:42:01,778 - DEBUG - XiDian - 步骤 2: 未找到对应记录，默认为 'pending', 分数 0.0
2025-06-07 16:42:01,778 - DEBUG - XiDian - 步骤 3: 未找到对应记录，默认为 'pending', 分数 0.0
2025-06-07 16:42:01,778 - DEBUG - XiDian - 步骤 4: 找到记录 1，状态 'completed', 分数 90.0
2025-06-07 16:42:01,778 - DEBUG - XiDian - 步骤 5: 未找到对应记录，默认为 'pending', 分数 0.0
2025-06-07 16:42:01,779 - DEBUG - XiDian - 步骤 6: 未找到对应记录，默认为 'pending', 分数 0.0
2025-06-07 16:42:01,779 - DEBUG - XiDian - 步骤 7: 未找到对应记录，默认为 'pending', 分数 0.0
2025-06-07 16:42:01,779 - DEBUG - XiDian - 步骤 8: 未找到对应记录，默认为 'pending', 分数 0.0
2025-06-07 16:42:01,779 - DEBUG - XiDian - 步骤 9: 未找到对应记录，默认为 'pending', 分数 0.0
2025-06-07 16:42:01,779 - DEBUG - XiDian - 步骤 10: 未找到对应记录，默认为 'pending', 分数 0.0
2025-06-07 16:42:01,829 - DEBUG - XiDian - Final response: 

学习机器学习是一个系统而复杂的过程，需要逐步掌握基础知识和实践应用技能。以下是为您制定的学习计划和建议：

### 制定学习计划

1. **基础知识学习**
   - **编程基础**：确保熟练掌握Python，这是机器学习的主要编程语言。学习数据结构、函数、模块、类等概念。
   - **数学基础**：复习线性代数、概率论、统计学、优化方法等数学知识。这些是机器学习算法的核心。
   - **机器学习基础**：理解机器学习的基本概念、任务分类（如监督学习、无监督学习、强化学习）、评估指标（如准确率、召回率、F1 Score等）。

2. **机器学习算法入门**
   - 掌握几种常见的机器学习算法及其原理，如线性回归、逻辑回归、决策树、随机森林、支持向量机、聚类算法（如K-Means）、无监督学习等。
   - 理解这些算法的核心思想、应用场景和优缺点。

3. **机器学习框架和工具熟悉**
   - 学习TensorFlow或PyTorch等深度学习框架的基本用法，包括搭建模型、编译配置、训练模型等。
   - 熟悉数据处理工具如Pandas、NumPy和Scikit-learn。

4. **实践项目**
   - 编写并执行机器学习项目，如图像分类、文本分类、回归预测等。使用Kaggle平台或自己的数据集进行实践。
   - 完成rimPrev项目的实践，深入理解机器学习的流程，从数据预处理到模型训练和结果评价。

5. **持续学习和提升**
   - 定期阅读机器学习相关书籍、论文和博客，关注最新研究和进展。
   - 参加在线课程和社区讨论，与其他学习者交流，解决遇到的问题。

### 学习资源推荐

- **书籍推荐**：
  - 《机器学习实战》
  - 《统计学习方法》
  - 《机器学习》（Pattern Recognition and Machine Learning）
  - 《Python机器学习》

- **资源平台**：
  - Kaggle（提供丰富的数据集和比赛项目）
  - Coursera、Udemy等在线课程平台

### 学习方法建议

- **系统学习**：按部就班地学习基础知识和算法，确保每个环节都理解透彻。
- **实践为主**：机器学习都是理论与实践结合，通过项目来加深理解。
- **理论与实践结合**：在学习算法的时候，尝试用代码实现，理解其工作原理。

通过严格执行这份学习计划，逐步掌握机器学习的知识和技术，相信您能够在这一领域取得进步。记住，耐心和持续的努力是成功的关键。
2025-06-07 16:42:01,829 - DEBUG - XiDian - Final reasoning response: 嗯，如何学习机器学习呢？首先，我觉得机器学习是一个比较广泛的领域，涉及很多技术，比如统计、算法、编程等等。那我得先从哪里开始呢？是不是需要先了解一些基础知识？

我记得以前学过一些编程，比如Python，这是机器学习中常用的编程语言之一，对吧？所以可能得先复习一下Python的基础知识，比如数据类型的使用、循环、条件语句、函数等等。如果对Python还不太熟悉的话，可能需要花一些时间来学习。

然后，机器学习需要数学基础，特别是线性代数、概率论和统计学等等。我对这些数学知识还不太熟悉，不知道该怎么下手。是不是应该先来复习一下这些数学概念，或者先掌握一些基础的数学工具，比如矩阵运算、概率分布等等。

我记得机器学习的算法有很多，比如线性回归、逻辑回归、决策树、随机森林、支持向量机等等。这些算法背后都有其原理和应用场景，那是不是得先了解这些算法的基本原理？我得找一些关于这些算法的入门资料，看看它们是如何工作的，有什么优缺点。

另外，机器学习还有很多不同的模型和框架，比如TensorFlow、PyTorch、Scikit-learn等等。这些框架是不是用来实现机器学习算法的？可能需要学习一些具体的框架的使用方法，比如安装、搭建项目、编写脚本等等。

我觉得实践是学习机器学习的重要部分。在了解了基础知识和算法原理之后，是不是应该尝试自己动手做一些项目？比如利用机器学习算法来解决实际的问题，比如图像分类、预测房价等等。这样不仅能加深对理论知识的理解，还能提升实际操作能力。

在学习的过程中，可能会遇到很多问题和挑战。比如，如何选择合适的算法和模型？如何调整参数以达到最佳效果？如何处理数据中的缺失值和异常值？这些都是实际应用中可能需要解决的问题。也许需要找一些现有的项目或者案例，学习如何处理这些问题。

此外，了解机器学习的工具和平台也很重要。像Kaggle这样的平台提供了很多机器学习的比赛和项目，提供了一个实践的环境。参加这些比赛，或者完成相关的项目，可以帮助我更好地应用所学的知识。

还有，阅读相关的书籍和论文也是一个提升的方式。购买一些经典的机器学习书籍，阅读学习。同时，关注一些顶尖大学和公司的研究成果，看看他们在机器学习领域的最新进展，了解前沿技术。

除此之外，参加课程或在线学习平台上的课程也是一个好的选择。Coursera、Udemy等等有很多相关的课程，系统地学习机器学习的基础和进阶内容。

我还需要多练习，多实践，这样才能巩固所学的知识。初期可能会遇到很多困难，但只要坚持下去，不断学习和尝试，肯定能够逐渐掌握机器学习的知识和技术。

总的来说，学习机器学习需要全面的知识储备，包括编程、数学、算法、模型和实践应用等方面。需要制定一个学习计划，有条不紊地进行学习和实践，才能逐渐掌握这一复杂而广泛的领域。

2025-06-07 16:42:02,092 - DEBUG - XiDian - 进入 get_experiment_record_details，整体实验ID: 1, 用户ID: 1
2025-06-07 16:42:02,096 - DEBUG - XiDian - 实验 1 共有 10 个步骤。
2025-06-07 16:42:02,097 - DEBUG - XiDian - 步骤 1: 找到记录 3，状态 'completed', 分数 95.0
2025-06-07 16:42:02,098 - DEBUG - XiDian - 步骤 2: 未找到对应记录，默认为 'pending', 分数 0.0
2025-06-07 16:42:02,098 - DEBUG - XiDian - 步骤 3: 未找到对应记录，默认为 'pending', 分数 0.0
2025-06-07 16:42:02,098 - DEBUG - XiDian - 步骤 4: 找到记录 1，状态 'completed', 分数 90.0
2025-06-07 16:42:02,098 - DEBUG - XiDian - 步骤 5: 未找到对应记录，默认为 'pending', 分数 0.0
2025-06-07 16:42:02,098 - DEBUG - XiDian - 步骤 6: 未找到对应记录，默认为 'pending', 分数 0.0
2025-06-07 16:42:02,099 - DEBUG - XiDian - 步骤 7: 未找到对应记录，默认为 'pending', 分数 0.0
2025-06-07 16:42:02,099 - DEBUG - XiDian - 步骤 8: 未找到对应记录，默认为 'pending', 分数 0.0
2025-06-07 16:42:02,099 - DEBUG - XiDian - 步骤 9: 未找到对应记录，默认为 'pending', 分数 0.0
2025-06-07 16:42:02,099 - DEBUG - XiDian - 步骤 10: 未找到对应记录，默认为 'pending', 分数 0.0
2025-06-07 16:42:02,132 - DEBUG - XiDian - Final response: 

如何系统地学习机器学习，可以从以下几个步骤开始：

1. **建立机器学习基础知识**
   - **数学基础**：复习线性代数、微积分、概率和统计学。这些都是机器学习的核心数学工具。
   - **编程基础**：学习Python，掌握基本语法和常用库如NumPy、Pandas和Matplotlib。
   - **数据处理与可视化**：熟悉处理数据和进行可视化的方法，使用Pandas和Matplotlib进行数据预处理。

2. **理解机器学习基本概念**
   - 了解机器学习的定义、类型（如监督学习、无监督学习、强化学习等）以及应用场景。
   - 学习机器学习模型的目标和流程，包括数据准备、模型训练、评估和部署。

3. **学习核心机器学习算法**
   - 开始学习常见算法，例如线性回归、逻辑回归、决策树、随机森林、支持向量机（SVM）、K-均值聚类（K-means）和K-最近邻（KNN）。
   - 理解每种算法的原理、优缺点以及适用场景。

4. **掌握模型评估与调优**
   - 学习评估模型性能的各种指标，如准确率、召回率、F1分数、AUC-ROC曲线等。
   - 了解过拟合与欠拟合的概念，并掌握通过正则化、交叉验证、参数调整等方法进行模型优化。

5. **探索深度学习与神经网络**
   - 学习人工神经网络（ANN）、深度学习的基本概念和原理。
   - 接触和使用深度学习框架如TensorFlow或PyTorch进行模型构建和训练。

6. **参与实际项目与实践**
   - 找一个真实项目进行实践，从数据收集、预处理、模型选择、优化到部署。
   - 参加机器学习竞赛（如Kaggle比赛）来提升实战能力和比赛经验。

7. **加入机器学习社区与交流**
   - 加入相关的论坛、社群或兴趣小组，与他人交流经验，学习别人的项目和经验。
   - 参与开源项目，尽力贡献，同时学习社区如何协作和解决问题。

8. **持续学习与自我提升**
   - 关注机器学习领域的最新动态和进展，了解最新的研究成果和应用技术。
   - 不断进行自我学习和技能提升，保持对新技术和新方法的敏感性。

通过以上步骤，你可以系统地学习机器学习，从基础的数学和编程知识开始，逐步深入到各种算法和实际应用中。同时，实践和持续学习也是非常重要的一环，可以帮助你更好地理解和掌握机器学习的知识和技能。
2025-06-07 16:42:02,132 - DEBUG - XiDian - Final reasoning response: 嗯，如何学习机器学习呢？我对中国的人工智能和科技发展还挺感兴趣的，所以想学一学机器学习。但是，我觉得机器学习挺复杂的，有很多技术、算法和数学知识。不知道该怎么开始。

首先，我需要了解机器学习是什么，它的基本概念和原理。听说过机器学习是让计算机从数据中学习，而不是像传统编程那样手动编写代码。对吧？那机器学习有哪些常见的应用场景呢？比如图像识别、自然语言处理、推荐系统等等。

然后，我需要了解一下机器学习不同的方法和技术。好像有监督学习、无监督学习、 reinforcement learning 等等。监督学习需要有标签数据，无监督学习则不需要标签数据，至于强化学习，我还不太确定具体应用场景。

接下来，我觉得需要掌握一些基础知识，比如数学基础、编程语言、数据处理等。数学方面，linear algebra、calculus、probability 和 statistics 都是必要的吧。对于编程来说，Python 是机器学习的常用语言，我得先学会Python basics。

数据处理和可视化也是很重要的。我会用Pandas和Matplotlib这样的库来处理和可视化的数据。数据预处理，比如清洗数据、特征工程等，也是必要的步骤。

机器学习算法主要有线性回归、逻辑回归、决策树、随机森林、支持向量机、K-means、KNN等。我应该如何学习这些算法呢？是先理解原理，再看代码实现吗？或者有什么好的学习资源和书籍可以推荐？

然后是模型评估与调优。模型需要有评估指标，比如准确率、召回率、F1分数等等。在评估模型时，可能会遇到过拟合和欠拟合的问题，该怎么解决呢？是通过正则化、交叉验证、调整参数等方法吗？

后面还需要了解深度学习和神经网络，虽然听起来更高级，但我对人工神经网络有一定的兴趣，可能想在这方面深入学习。

应用部分也是必要的，了解机器学习在实际项目中的应用，比如像ImageNet这样的大数据集，或者在自动化、医疗等领域实现一些项目。

实践是关键，我得找一个真实项目来做，从数据收集、处理、模型选择、优化到部署，都亲自试试。

同时，参加一些比赛或者加入机器学习社区，比如Kaggle，可以提升能力和交流经验。

最后，持续学习和自我提升，机器学习是一个快速发展的领域，得时刻关注最新的进展和工具。

好像是这样，但具体每一步怎么实施呢？我需要具体的学习计划和资源推荐。可能还需要准备一些工具和软件，比如Anaconda、Jupyter Notebook等。

不过，我担心自己的数学基础不够，是不是会影响理解？这个时候，应该先复习一下相关的数学知识，比如线性代数基础、微积分、概率统计等。可以找一些在线课程或者教材来学习。

还有，要看一看机器学习的书籍。听说有些经典的书籍，比如《机器学习》、《机器学习实战》等等。可能需要结合教材和实践来学习。

改天，我可能需要制定一个详细的学习计划，包括每周学习目标，学习资源的安排，以及完成的具体任务。这样才能有条不紊地学习机器学习。

2025-06-07 16:42:02,442 - DEBUG - XiDian - 进入 get_experiment_record_details，整体实验ID: 1, 用户ID: 1
2025-06-07 16:42:02,446 - DEBUG - XiDian - 实验 1 共有 10 个步骤。
2025-06-07 16:42:02,448 - DEBUG - XiDian - 步骤 1: 找到记录 3，状态 'completed', 分数 95.0
2025-06-07 16:42:02,448 - DEBUG - XiDian - 步骤 2: 未找到对应记录，默认为 'pending', 分数 0.0
2025-06-07 16:42:02,448 - DEBUG - XiDian - 步骤 3: 未找到对应记录，默认为 'pending', 分数 0.0
2025-06-07 16:42:02,449 - DEBUG - XiDian - 步骤 4: 找到记录 1，状态 'completed', 分数 90.0
2025-06-07 16:42:02,449 - DEBUG - XiDian - 步骤 5: 未找到对应记录，默认为 'pending', 分数 0.0
2025-06-07 16:42:02,449 - DEBUG - XiDian - 步骤 6: 未找到对应记录，默认为 'pending', 分数 0.0
2025-06-07 16:42:02,449 - DEBUG - XiDian - 步骤 7: 未找到对应记录，默认为 'pending', 分数 0.0
2025-06-07 16:42:02,450 - DEBUG - XiDian - 步骤 8: 未找到对应记录，默认为 'pending', 分数 0.0
2025-06-07 16:42:02,450 - DEBUG - XiDian - 步骤 9: 未找到对应记录，默认为 'pending', 分数 0.0
2025-06-07 16:42:02,450 - DEBUG - XiDian - 步骤 10: 未找到对应记录，默认为 'pending', 分数 0.0
2025-06-07 16:42:03,263 - DEBUG - XiDian - Final response: 

学习机器学习是一个循序渐进的过程，需要系统化的计划和不断的实践。以下是一个简单易懂的学习路线：

### 1. 确定学习目标
- **短期目标**：如理解基本概念、完成简单项目。
- **长期目标**：如掌握高级算法、参与 competitions 或进行研究。

### 2. 学习基础知识
- **数学基础**：
  - **线性代数**：理解向量、矩阵和线性变换，推荐《线性代数及其应用》。
  - **概率与统计**：学习基本概念和分布，推荐《概率论基础》。
  - **微积分**：掌握导数和积分，推荐《微积分入门》。
- **编程基础**：
  - 学习 Python，熟练掌握基本语法和常用库（如 NumPy、Pandas）。
  - 推荐书籍《Python programming: An introduction to computer science》。

### 3. 机器学习入门
- **概念和原理**：
  - 学习什么是机器学习，了解监督学习、非监督学习和强化学习。
  - 推荐 resources：Coursera 上 Andrew Ng 的《机器学习》课程。
- **算法基础**：
  - 学习基本算法如线性回归、k近邻法、决策树和随机森林。
  - 通过代码实现这些算法，加深理解。

### 4. 实践项目
- **开始项目**：选择一个常见的项目，如房价预测、手写数字识别。
- **使用工具**：学习使用机器学习库如 Scikit-learn、TensorFlow、Keras。
- **记录学习**：在 GitHub 或个人博客中记录项目和代码，帮助梳理思路。

### 5. 深入学习进阶算法
- **高级算法**：
  - 学习支持向量机、神经网络、梯度下降等。
  - 推荐书籍《机器学习实战》和《深度学习》。
- **优化技巧**：
  - 学习数据预处理、特征工程、模型调优技巧。

### 6. 参与比赛和社区
- **参加竞赛**：在 Kaggle 这样的平台上参加机器学习竞赛。
- **参与社区**：加入机器学习论坛（如 Reddit 的 r/machinelearning）和社区（如 Kaggle 讨论区），向他人学习和分享经验。
- **学习资源**：
  - 书籍：《机器学习 Hundred Questions》、《机器学习系统设计》。
  - 博客：如 ml2 profitability、chuck311 等。
  - 视频课程：Coursera、Udemy、Google 的 Machine Learning Nano degree。

### 7. 持续学习和改进
- **保持好奇心**：探索新算法和新技术，保持对领域发展的关注。
- **实践与反思**：定期自我评估，找出自己的知识盲点，并集中精力解决。

### 8. 应用与分享
- **应用知识**：将机器学习应用到实际工作中或个人项目中。
- **分享学习成果**：在社交媒体、领导圈层分享自己的学习和项目，吸引更多的学习资源。

### 总结
学习机器学习是一个长期而有趣的过程，通过不断的学习、实践和反思，可以逐步掌握其核心概念和技能。关键在于坚持和持续探索。希望以上步骤能帮助你顺利入门！
2025-06-07 16:42:03,271 - DEBUG - XiDian - Final reasoning response: 嗯，如何学习机器学习呢？可能有很多方法和资源，但我作为一个刚入门的新手，还是有些困惑。首先，我需要理解什么是机器学习，它的基本概念和原理是什么。然后，我需要确定自己的目标，是要参加比赛、做研究，还是仅仅是为了掌握技能？不同的目标可能需要不同的学习路径。

接下来，我应该寻找好的学习资源。听说有很多在线课程和书籍，比如Coursera、edX这些平台上的课程，还有像《机器学习》这样经典的书籍。我需要决定是通过线上课程还是线下课程来学习。线上课程的优势是可以反复观看，可以根据自己的进度来学习，而且有很多练习和测试。

另外，实践非常重要。我需要找到一个合适的项目来练习，比如自己写一个预测房价的模型，或者识别手写数字的程序。通过实际操作，我可以更好地理解理论知识，并且发现自己哪里还没掌握。

我还担心自己的数学基础不够，机器学习涉及到很多数学知识，如线性代数、概率论和统计学。可能需要回去复习这些数学知识，或者通过学习相关的数学课程来补充。另外，编程技能也很重要，我需要确保自己熟悉Python，因为很多机器学习库都是用Python编写的。

评估和反馈也是学习过程中的关键。我需要定期评估自己的学习进度，看看自己的模型表现如何，并且找到需要改进的地方。同时，向有经验的人请教，获取他们的建议和反馈，可能会帮助我更快地成长。

此外，加入机器学习社区也是一个好办法。通过参与论坛、社交媒体或者加入学习小组，我可以与他人交流经验，学习别人的成功和失败，从而避免走弯路。

不过，我也担心自己可能会感到枯燥或者被难住。这时候，保持耐心和坚持是很重要的。遇到问题时，不要害怕请教别人，可以参加更多的资源和课程，多学习不同的方法，找到最适合自己的学习方式。

总之，学习机器学习需要系统的学习计划、不断的实践和不断的学习。�子我需要给自己制定一个详细的学习计划，先从基础的数学和编程知识开始，逐步深入机器学习的核心概念和方法。通过不断地实践项目和参与社区，我可以逐步掌握机器学习的技能，解决实际问题。

2025-06-07 16:42:03,389 - DEBUG - XiDian - Final response: 

### 如何学习机器学习

1. **掌握基础知识**：
   - **编程基础**：学习或复习Python编程，掌握基本语法和数据结构。
   - **数学基础**：理解线性代数、概率论和统计学，这些是机器学习的核心数学基础。
   - **数据处理工具**：熟悉NumPy、Pandas和Matplotlib等库，用于数据处理和可视化。

2. **学习机器学习基础知识**：
   - **概念理解**：了解机器学习的基本概念，如监督学习、无监督学习、半监督学习和强化学习。
   - **算法学习**：掌握核心算法，如线性回归、k近邻算法、决策树、随机森林、支持向量机（SVM）、聚类算法（K-means、层次聚类）等。
   - **评估方法**：了解如何评估模型的性能，如准确率、精确率、召回率、F1分数、 ROC曲线等。

3. **实践项目**：
   - **动手实践**：通过实际项目来巩固知识，如分类问题、回归问题、聚类分析等。
   - **解决问题**：尝试解决实际问题，增强对机器学习技术的应用能力。

4. **使用学习平台和资源**：
   - **在线课程**：利用Coursera、edX、Udacity等平台提供的机器学习课程。
   - **书籍和教程**：阅读经典书籍如《Pattern Recognition and Machine Learning》、《机器学习实战》等。
   - **在线 communities**：参加如Kaggle、GitHub上的项目和讨论，与他人交流学习。

5. **持续学习和探索**：
   - **订阅 newsletters和博客**：关注机器学习领域的内容，获取最新的研究进展和技巧。
   - **关注研究前沿**：了解当前机器学习的最新研究和应用，扩大知识面。
   - **参与比赛和挑战**：参加机器学习比赛（如Kaggle竞赛）和挑战（如Google机器学习 contest），提升竞争力。

6. **保持耐心和坚持**：
   - **不急于求成**：学习是一个长期的过程，不能急于获得所有知识。
   - **自我激励**：设定学习目标，定期回顾进展，保持学习的热情和动力。

通过系统的知识学习、实践操作和持续的努力， you can master machine learning and apply it to various real-world problems.
2025-06-07 16:42:03,392 - DEBUG - XiDian - Final reasoning response: 好的，我现在需要回答如何学习机器学习这个问题。作为一个刚开始接触机器学习的人，我对这个问题充满好奇和一些困惑。我想先了解一下机器学习到底是什么，为什么会学习它，以及有哪些方法可以有效地学习它。

首先，关于什么是机器学习，我记得在计算机编程课上，老师提到了“机器学习”这个词，但具体含义不是很清楚。后来在网上搜索后，了解到机器学习是让计算机能够在没有明确程序的情况下，通过分析数据学习。也就是说，机器学习算法可以从数据中发现模式和知识，进而用来进行预测或决策。这听起来挺有意思的，但具体怎么做呢？

接下来，我想了解一下为什么要学习机器学习。在现代社会，数据无处不在，从社交媒体上的点赞数，到医疗领域的诊断记录，机器学习似乎都能从中提取有价值的信息。此外，智能助手、自动驾驶汽车、推荐系统等都是基于机器学习的应用。因此，学习机器学习似乎是一个重要的技能，因为我需要用到它来处理和分析各种数据。

那么，学习机器学习需要哪些基础呢？我记得有些学校和课程提到了Python，因为它是一种解释性语言，被广泛用于数据科学和机器学习领域。所以，我首先要学习Python编程基础。

但是，Python的基础知识对我来说并不是完全没有，但需要系统地复习和加强。除了编程，了解数据科学的库也很重要，比如NumPy、Pandas和Matplotlib。这些库可以帮助我处理和可视化数据，是机器学习的基础工具。

接下来，数学知识也是机器学习的重要部分。机器学习算法涉及大量的线性代数、概率论和统计学知识。虽然我对这些数学概念有一些模糊的记忆，但需要系统地学习和理解它们。例如，线性代数中的矩阵运算在机器学习中广泛应用，概率论和统计学用来处理数据的分布和不确定性。

在语言方面，英语也是一个障碍。日本的高中课程我学过日语，但大学课程转为英语授课后，学习机器学习的论文、教程和相关资源都是用英语写的，这对于我来说是一个挑战。为了应对这个问题，我需要提高英语交流的能力，通过阅读英文教程、参与在线讨论，并与国际学生的交流来提升自己的英语水平。

关于学习资源，我需要找到合适的学习平台和书籍。常见的学习平台包括Coursera、 edX、Udacity和Kaggle等，这些平台提供许多与机器学习相关的课程和项目。书籍方面，经典的机器学习书籍如《机器学习实战》和《机器学习Js入门》可能会对我有帮助。

同时，实践部分也是学习机器学习的关键。我需要通过完成实际项目来巩固所学的知识，并了解如何将理论应用于实际问题。通过这些实践，我能够解决 encountered的问题，提高自己的综合能力。

此外，了解当前的研究前沿也是一个重要方面。通过阅读最新的研究论文和参与计算机视觉和自然语言处理方面的讨论，我可以了解机器学习的最新发展和趋势。参加相关的研讨会和会议也能帮助我结识同行，获取更多学习资源。

坚强的意志和耐心也是不可或缺的。机器学习需要时间和努力才能掌握，不能急于求成。我需要有持续学习和实践的精神，遇到困难时不能放弃，而是要积极寻求解决方案。

综上所述，学习机器学习需要一个系统的计划和持续的努力。通过学习必要的编程语言、掌握数学知识、提高英语能力，参与学习和实践项目，了解前沿的研究，逐步掌握机器学习的基本原理和应用技术。虽然过程可能会遇到挑战和困难，但我相信通过坚持和不断的学习，我一定能够掌握这个领域的技能。

2025-06-07 16:42:03,532 - DEBUG - XiDian - 进入 get_experiment_record_details，整体实验ID: 1, 用户ID: 1
2025-06-07 16:42:03,537 - DEBUG - XiDian - 实验 1 共有 10 个步骤。
2025-06-07 16:42:03,538 - DEBUG - XiDian - 步骤 1: 找到记录 3，状态 'completed', 分数 95.0
2025-06-07 16:42:03,539 - DEBUG - XiDian - 步骤 2: 未找到对应记录，默认为 'pending', 分数 0.0
2025-06-07 16:42:03,539 - DEBUG - XiDian - 步骤 3: 未找到对应记录，默认为 'pending', 分数 0.0
2025-06-07 16:42:03,540 - DEBUG - XiDian - 步骤 4: 找到记录 1，状态 'completed', 分数 90.0
2025-06-07 16:42:03,540 - DEBUG - XiDian - 步骤 5: 未找到对应记录，默认为 'pending', 分数 0.0
2025-06-07 16:42:03,541 - DEBUG - XiDian - 步骤 6: 未找到对应记录，默认为 'pending', 分数 0.0
2025-06-07 16:42:03,541 - DEBUG - XiDian - 步骤 7: 未找到对应记录，默认为 'pending', 分数 0.0
2025-06-07 16:42:03,541 - DEBUG - XiDian - 步骤 8: 未找到对应记录，默认为 'pending', 分数 0.0
2025-06-07 16:42:03,542 - DEBUG - XiDian - 步骤 9: 未找到对应记录，默认为 'pending', 分数 0.0
2025-06-07 16:42:03,542 - DEBUG - XiDian - 步骤 10: 未找到对应记录，默认为 'pending', 分数 0.0
2025-06-07 16:42:03,671 - DEBUG - XiDian - 进入 get_experiment_record_details，整体实验ID: 1, 用户ID: 1
2025-06-07 16:42:03,673 - DEBUG - XiDian - 实验 1 共有 10 个步骤。
2025-06-07 16:42:03,674 - DEBUG - XiDian - 步骤 1: 找到记录 3，状态 'completed', 分数 95.0
2025-06-07 16:42:03,674 - DEBUG - XiDian - 步骤 2: 未找到对应记录，默认为 'pending', 分数 0.0
2025-06-07 16:42:03,674 - DEBUG - XiDian - 步骤 3: 未找到对应记录，默认为 'pending', 分数 0.0
2025-06-07 16:42:03,674 - DEBUG - XiDian - 步骤 4: 找到记录 1，状态 'completed', 分数 90.0
2025-06-07 16:42:03,674 - DEBUG - XiDian - 步骤 5: 未找到对应记录，默认为 'pending', 分数 0.0
2025-06-07 16:42:03,674 - DEBUG - XiDian - 步骤 6: 未找到对应记录，默认为 'pending', 分数 0.0
2025-06-07 16:42:03,674 - DEBUG - XiDian - 步骤 7: 未找到对应记录，默认为 'pending', 分数 0.0
2025-06-07 16:42:03,674 - DEBUG - XiDian - 步骤 8: 未找到对应记录，默认为 'pending', 分数 0.0
2025-06-07 16:42:03,676 - DEBUG - XiDian - 步骤 9: 未找到对应记录，默认为 'pending', 分数 0.0
2025-06-07 16:42:03,676 - DEBUG - XiDian - 步骤 10: 未找到对应记录，默认为 'pending', 分数 0.0
2025-06-07 16:42:05,322 - DEBUG - XiDian - Final response: 

学习机器学习的步骤如下：

1. **掌握编程基础**：
   - 学习Python编程，理解变量、数据结构（列表、字典等）、函数、类等基本概念。
   - 学习NumPy、Pandas等数据处理库，掌握数据输入、输出、分析和可视化的技巧。

2. **理解数学基础**：
   - 系统学习线性代数，理解向量和矩阵的操作，掌握特征分解等概念。
   - 学习概率论和统计学，理解均值、方差、分布、假设检验等。
   - 掌握微积分的基本概念，特别是导数和梯度，这些是机器学习优化的基础。

3. **学习机器学习基础概念**：
   - 理解机器学习的总体概念，包括监督学习、无监督学习、有监督学习等。
   - 掌握机器学习的评估指标，如准确率、召回率、F1分数、ROC曲线等。

4. **学习基础算法**：
   - 从简单算法开始，如线性回归、逻辑回归、决策树、随机森林等。
   - 学习支持向量机（SVM）、K-近邻算法（KNN）、聚类算法（如K-Means）等。

5. **实践与项目经验**：
   - 手动实现基础算法，加深对算法原理和工作流程的理解。
   - 使用Scikit-learn、TensorFlow、PyTorch等框架进行实际项目，解决实际问题，积累实战经验。

6. **深入学习与优化技巧**：
   - 学习过拟合与欠拟合的处理方法，如正则化、交叉验证等。
   - 掌握数据预处理和特征工程，提升模型表现。
   - 学习神经网络、深度学习、卷积神经网络等高级算法和框架。

7. **持续学习与积累**：
   - 参与机器学习竞赛，解决实际项目，积累经验。
   - 阅读相关书籍和论文，学习最新的研究成果和发展动态。
   - 参与论坛、社区交流，与他人分享学习经验，解决疑惑。

8. **应用与职业发展**：
   - 应用机器学习知识到具体领域，如数据分析、图像处理、自然语言处理等。
   - 积累作品和经验，建立个人作品集，提升求职竞争力。
   - 关注行业动态和趋势，了解机器学习在不同行业中的应用，保持学习和创新。

通过以上步骤的系统学习和实践，可以逐渐掌握机器学习的核心知识和技能，进一步提升在相关领域的应用能力。
2025-06-07 16:42:05,323 - DEBUG - XiDian - Final reasoning response: 嗯，如何学习机器学习呢？我现在对这个领域有点感兴趣，但不知道从哪里开始。听说机器学习很重要，很多大公司都在使用它来提高效率和竞争力，但具体要学些什么，怎么学，还存在很多疑惑。

首先，我记得机器学习是一种让计算机具有学习能力的技术，但它到底是怎么工作的？是不是像人类一样学习？好像是不是通过不断地学习数据来做出预测或者决策？对吗？我以前学过一些编程，比如Python，所以可能可以通过编程来学习机器学习。

我记得有听说过主流的机器学习库，像TensorFlow和PyTorch，可能这些工具可以用来构建和训练模型。那我应该先学习一些基本的编程知识，比如Python，然后逐渐接触这些库。可是这些库看起来有点难，我该如何开始？

我还听说过监督学习和无监督学习，这两者有什么区别呢？好像监督学习需要有标签数据，而无监督学习不需要标签数据。那如何区分这两类学习方法，又如何选择适合自己的？

听说要在机器学习中添加模型，进行分类或回归等任务，但是具体步骤是什么呢？是通过训练数据来调整模型参数，然后用测试数据来评估模型的表现吗？是的，可能需要学习一些评估指标，比如准确率、召回率、F1分数等。

对了，构建一个简单的模型应该是一个不错的入门方法。比如使用Classification dataset和一些基础算法，甚至可以用Scikit-learn库来实现。这样的话，我可以先不直接面对复杂的深度学习框架，先掌握基础的概念和方法。

那我需要学习哪些基础知识？统计学、线性代数、微积分、机器学习基础、编程基础，似乎都是必要的。比如了解均值、方差这些统计概念，理解矩阵和向量运算，这些都是机器学习中非常基本的数学工具。

微积分的基础知识也很重要，尤其是导数和梯度的概念，因为在训练模型时，通常需要求解损失函数的最小值，这会用到这些数学工具。所以，我应该先确保自己在数学方面有一定的基础。

那编程方面我应该学习什么呢？Python当然是必要的，但可能还需要学习一些数据处理和可视化库，比如NumPy、Pandas、Matplotlib等。这些库可以帮助我对数据进行分析和处理，绘制图表，更好地理解数据分布。

听说机器学习模型通常需要处理大量的数据，所以学习一些数据预处理技巧是必要的，比如数据清洗、特征工程、数据归一化等。这些步骤听起来很重要，因为数据的质量直接影响模型的表现。

再就是算法部分，我需要了解多种机器学习算法，选择适合特定问题的算法也是一个重要技能。从简单的线性回归开始，到更复杂的支持向量机、随机森林、神经网络等，可能需要系统地学习每种算法的工作原理和适用场景。

深入学习的话，可能还需要学习一些高级技巧，比如过拟合和欠拟合的处理，数据增强、特征提取等，这些都能帮助提升模型的性能。

实践是关键，需要通过参与项目或实践来巩固所学知识。单靠理论学习是不够的，必须在实践中不断尝试和实验，才能真正掌握机器学习的方法和技巧。

未来的学习路径可能是按照从小到大，简单到复杂，基础到应用的顺序逐步推进。先打好编程和数学的基础，再深入学习各种算法和高级技巧，最终能独立设计和实现复杂的机器学习模型。

综合以上思考，我应该先系统学习编程基础和数学知识，再熟悉机器学习的基础概念和常用算法，逐步积累实战经验，最终提升自己的机器学习能力。

2025-06-07 16:42:05,601 - DEBUG - XiDian - 进入 get_experiment_record_details，整体实验ID: 1, 用户ID: 1
2025-06-07 16:42:05,604 - DEBUG - XiDian - 实验 1 共有 10 个步骤。
2025-06-07 16:42:05,606 - DEBUG - XiDian - 步骤 1: 找到记录 3，状态 'completed', 分数 95.0
2025-06-07 16:42:05,606 - DEBUG - XiDian - 步骤 2: 未找到对应记录，默认为 'pending', 分数 0.0
2025-06-07 16:42:05,606 - DEBUG - XiDian - 步骤 3: 未找到对应记录，默认为 'pending', 分数 0.0
2025-06-07 16:42:05,606 - DEBUG - XiDian - 步骤 4: 找到记录 1，状态 'completed', 分数 90.0
2025-06-07 16:42:05,606 - DEBUG - XiDian - 步骤 5: 未找到对应记录，默认为 'pending', 分数 0.0
2025-06-07 16:42:05,607 - DEBUG - XiDian - 步骤 6: 未找到对应记录，默认为 'pending', 分数 0.0
2025-06-07 16:42:05,607 - DEBUG - XiDian - 步骤 7: 未找到对应记录，默认为 'pending', 分数 0.0
2025-06-07 16:42:05,607 - DEBUG - XiDian - 步骤 8: 未找到对应记录，默认为 'pending', 分数 0.0
2025-06-07 16:42:05,607 - DEBUG - XiDian - 步骤 9: 未找到对应记录，默认为 'pending', 分数 0.0
2025-06-07 16:42:05,607 - DEBUG - XiDian - 步骤 10: 未找到对应记录，默认为 'pending', 分数 0.0
2025-06-07 16:42:13,530 - DEBUG - XiDian - Final response: 

### 学习机器学习的步骤指南

1. **明确学习目标**
   - 确定你是想进行理论研究、应用开发，还是商业应用。不同目标需要不同的学习重点。

2. **学习基础知识**
   - 数学：掌握线性代数、概率论、统计学、微积分、优化理论等。
   - 编程：学习Python编程，熟悉基本语法、数据结构和算法。
   - 数据处理：掌握使用Python库如NumPy、pandas和Matplotlib进行数据操作和可视化。

3. **选择学习资源**
   - 教材：阅读《机器学习》（Tom Mitchell）、《统计学习导论》（An Introduction to Statistical Learning）等经典书籍。
   - 在线课程：学习Coursera、edX、Udacity等平台上的机器学习课程。
   - 文档和社区：参考scikit-learn、TensorFlow等机器学习框架的官方文档和教程。

4. **实践项目**
   - 开展实际项目，比如分类、回归、聚类等任务。使用Kaggle平台上的公开数据集进行训练和测试。
   - 通过GitHub上的开源项目学习和复现当前的研究成果。

5. **逐步学习机器学习算法**
   - 从简单到复杂，先学习线性回归、逻辑回归等基础算法。
   - 接下来是决策树、随机森林、支持向量机等中等难度的算法。
   - 最后接触深度学习算法如神经网络、卷积神经网络等。

6. **工具和框架**
   - 学习和使用scikit-learn库进行传统机器学习。
   - 探索TensorFlow或PyTorch等深度学习框架。
   - 掌握PyTorch这个动态计算图框架，适合需要频繁修改模型结构的情况。

7. **持续学习与更新**
   - 关注机器学习的前沿技术和最新方法。
   - 参与机器学习社区，如Stack Overflow、Kaggle discourse等。
   - 参加机器学习会议和研讨会，扩大知识面和人脉。

8. **保持实践**
   - 不断参与项目，完善自己的技术栈。
   - 参与开源项目，亲自贡献代码，提升实际操作能力。
   - 参加线上或线下的机器学习竞赛，挑战自己的极限。

9. **巩固与提升**
   - 定期复习和巩固已学知识，避免遗忘。
   - 参考高票回答和优秀案例，学习他人解决问题的方法和技巧。
   - 不断挑战自己，尝试解决更复杂和更具挑战性的问题。

通过以上系统的学习和不断的实践，你将逐步掌握机器学习的核心思想和各种算法，提升自己的技术能力，并能够应用这些知识解决实际问题。
2025-06-07 16:42:13,540 - DEBUG - XiDian - Final reasoning response: 好的，我现在要思考如何学习机器学习。首先，我需要了解机器学习的基本概念和流程。机器学习是一个让计算机在看到数据后自动学习并改进的科学。作为一个刚开始学习的初学者，我需要从哪里开始呢？

首先，我应该了解机器学习的基本概念，包括监督学习、非监督学习、半监督学习和强化学习。监督学习需要有输入和输出数据，用于模型学习；非监督学习则不需要输出数据，主要用于数据聚类；半监督学习是介于二者之间的；强化学习涉及到模型与环境的互动，感觉有点复杂。

接下来，我需要掌握一些必要的数学知识。机器学习涉及到很多数学，比如线性代数、概率论和统计学、微积分、优化理论等。作为一个基础较差的学生，我需要先从基础的数学知识开始复习，比如矩阵运算、概率分布、导数和梯度下降等。

然后是编程技能。机器学习需要编程来实现算法，Python是机器学习中最常用的编程语言。我需要学习Python的基本语法， especially if I'm starting from scratch, I need to get familiar with arrays, loops, functions, etc.

There are also some libraries that are essential for machine learning in Python, such as NumPy, pandas, and Matplotlib for data manipulation and visualization, and scikit-learn for implementing machine learning algorithms. I should learn how to use these libraries effectively.

机器学习的流程大致包括以下几个步骤:首先是数据准备和预处理，比如数据清洗、缺失值处理、特征工程等；其次是选择合适的机器学习算法；然后是训练模型，接着要用测试数据来评估模型的性能，最后是调优模型以优化其表现。

我需要通过实践来巩固所学的知识。可以通过一些入门的机器学习项目来练习，比如分类、回归等任务。初学的话，可以使用一些现成的库和数据集，例如用scikit-learn库来实现基本的分类算法，如逻辑回归、决策树、随机森林等。

此外，了解一些机器学习的基础算法和模型是必要的。比如线性回归、logistic回归、决策树、随机森林、支持向量机、无监督学习中的聚类算法等等。每个算法都有其独特的应用场景和优缺点，我需要逐一学习并实践。

阅读相关书籍和在线资源也是学习机器学习的重要途径。有很多经典的书籍，像《机器学习》（Machine Learning by Tom Mitchell）和《统计学习导论》（An Introduction to Statistical Learning）都是很好的入门书籍。

还有，加入机器学习的社区和参与项目也能帮助我提升技能。与他人交流可以提供很多新的见解和建议，同样，参与实际项目既可以锻炼自己的能力，也能让我应对各种实际问题。

机器学习是一个不断迭代的领域，我需要保持学习的热情，关注最新的进展和技术变革。同时，持续改进和优化自己的技能是非常重要的。

总的来说，学习机器学习需要系统的知识积累和不断的实践。我应该制定一个学习计划，按照顺序逐步学习相关知识，同时通过项目来验证和巩固所学的内容。坚持下去，我相信自己能够掌握机器学习的核心思想和方法。

2025-06-07 16:42:13,821 - DEBUG - XiDian - 进入 get_experiment_record_details，整体实验ID: 1, 用户ID: 1
2025-06-07 16:42:13,824 - DEBUG - XiDian - 实验 1 共有 10 个步骤。
2025-06-07 16:42:13,826 - DEBUG - XiDian - 步骤 1: 找到记录 3，状态 'completed', 分数 95.0
2025-06-07 16:42:13,827 - DEBUG - XiDian - 步骤 2: 未找到对应记录，默认为 'pending', 分数 0.0
2025-06-07 16:42:13,827 - DEBUG - XiDian - 步骤 3: 未找到对应记录，默认为 'pending', 分数 0.0
2025-06-07 16:42:13,827 - DEBUG - XiDian - 步骤 4: 找到记录 1，状态 'completed', 分数 90.0
2025-06-07 16:42:13,828 - DEBUG - XiDian - 步骤 5: 未找到对应记录，默认为 'pending', 分数 0.0
2025-06-07 16:42:13,828 - DEBUG - XiDian - 步骤 6: 未找到对应记录，默认为 'pending', 分数 0.0
2025-06-07 16:42:13,829 - DEBUG - XiDian - 步骤 7: 未找到对应记录，默认为 'pending', 分数 0.0
2025-06-07 16:42:13,829 - DEBUG - XiDian - 步骤 8: 未找到对应记录，默认为 'pending', 分数 0.0
2025-06-07 16:42:13,829 - DEBUG - XiDian - 步骤 9: 未找到对应记录，默认为 'pending', 分数 0.0
2025-06-07 16:42:13,830 - DEBUG - XiDian - 步骤 10: 未找到对应记录，默认为 'pending', 分数 0.0
2025-06-07 16:42:14,886 - DEBUG - XiDian - Final response: 

学习机器学习可以按照以下步骤进行：

1. **基础知识入门**：
   - 掌握机器学习的基本概念和类型（监督、无监督、强化学习）。
   - 学习线性代数、概率统计和微积分的基础知识。

2. **选择学习路径**：
   - 通过平台（如Kaggle、Coursera、edX）学习机器学习课程。
   - 重点选择Python编程和机器学习库的课程（如TensorFlow、PyTorch和Scikit-learn）。

3. **数学基础加强**：
   - 刷数学基础课程（如Khan Academy的线性代数和概率统计）。
   - 应用数学知识到实际的机器学习项目中，加深理解。

4. **编程技能提升**：
   - 复习和练习Python编程，掌握数据结构和常用函数。
   - 实践使用Pandas进行数据清洗和处理。

5. **学习常用机器学习算法**：
   - 分步学习并实践线性回归、逻辑回归、决策树等算法。
   - 了解模型评估指标，如准确率、精确率、召回率等。

6. **参与机器学习项目**：
   - 选择一个实际问题进行建模和解决。
   - 在Kaggle等平台参与机器学习竞赛，积累经验。

7. **利用机器学习库和工具**：
   - 深入学习TensorFlow、PyTorch等深度学习框架。
   - 扩展使用Scikit-learn的机器学习模块，掌握经典算法的实现。

8. **持续学习与社区参与**：
   - 关注机器学习的最新动态和新技术。
   - 参与机器学习社区（如Stack Overflow、GitHub）和论坛，与他人交流学习。

通过以上步骤的系统学习和不断实践，逐步掌握机器学习的知识和技能，成为一位合格的机器学习工程师。记得保持好奇心和耐心，机器学习的复杂性和多样性将伴随着你的成长而变得更加有趣和充实。
2025-06-07 16:42:14,888 - DEBUG - XiDian - Final reasoning response: 今天，我决定开始学习机器学习。我知道机器学习是一个非常热门的领域，它在人工智能、数据科学、金融和医疗等多个领域都有广泛应用。但我对机器学习的基础知识还非常模糊，甚至有很多基本的概念需要理清楚。

首先，我需要了解机器学习的定义和不同类型。听说机器学习有监督学习、无监督学习和强化学习。监督学习似乎是利用有标签数据来进行预测，比如分类和回归。无监督学习则是在没有标签的情况下发现数据中的潜在结构，比如聚类。强化学习好像类似于游戏AI，通过奖励机制来学习最优策略。这些概念我还不太清楚，需要进一步学习。

接下来，机器学习需要大量的数学基础。我想知道具体都需要哪些数学知识。听说需要线性代数，特别是向量和矩阵操作，这对于理解和实现机器学习算法很重要。还有概率和统计，因为机器学习涉及到很多不确定性分析和模式识别。微积分中的梯度下降算法也经常被提到。这些是我必须掌握的基础知识。

编程能力也是必须的。都说Python是机器学习的首选语言，因为有丰富的库支持，比如TensorFlow、PyTorch和Pandas。我觉得Python的基础语法和数据结构需要先复习一下，比如列表、字典、条件语句和循环等。此外，了解如何安装和使用这些库对我编程能力也是一个挑战，我需要多练习使用这些库。

然后是算法和模型。我要学习基本的算法，比如线性回归、逻辑回归、支持向量机、决策树和随机森林。这些模型有不同的假设和应用场景，了解它们的工作原理和适用情况非常重要。此外，了解监督学习的评估指标，如准确率、精确率、召回率和F1分数，可以帮助我评估模型的表现。

机器学习项目是理论和实践结合的好机会。我需要找一个实际的问题，比如预测房价或分类邮件，来应用所学的知识。通过项目，我可以将算法和编程能力结合起来，提升实际操作能力。但是，我担心自己在选择项目时可能会找不到合适的，或者不知道从哪里开始，可能需要更多的指导和支持。

数据预处理也是机器学习中的一个重要环节。数据质量直接影响模型表现，我需要学习如何处理缺失值、异常值和类别变量。数据分割也是一个关键步骤，通常将数据分成训练集、验证集和测试集，以评估模型的泛化能力。这些步骤如果不做好，会影响整个模型的性能。

数学基础方面，我需要深入学习线性代数、概率论和统计学、微积分。这些数学知识将帮助我更好地理解机器学习算法背后的原理。听起来有点挑战性，但我觉得是必要的。网上有很多资源，比如Khan Academy、Coursera和edX上的课程，我可以利用这些平台学习数学知识，逐步掌握。

机器学习库和工具的学习也是重点。我需要熟悉TensorFlow或PyTorch中的模型构建，scikit-learn中的经典算法实现，以及Pandas的数据操作工具。通过实际操作这些工具，我可以更好地理解和应用机器学习方法。不过，实际操作可能会遇到很多问题，我需要多练习和查资料来解决。

实践是关键。我需要积极参与机器学习竞赛，通过Kaggle平台拿到更多的经验。参与项目时，记录和总结我的思考过程，看看自己有什么不足，这样不断进步。实践不仅能提升技能，还能让我面对各种问题时更加从容。

持续学习非常重要。机器学习是一个快速发展的领域，新技术和新方法层出不穷。我需要订阅相关信息的账号，关注博客和文章，参加社区讨论，与他人交流经验。通过持续学习，我能保持对前沿技术的关注。

到现在为止，我发现自己需要从多个方面入手学习机器学习，包括基础知识、编程能力、算法模型、实践应用等。每个方面都需要付出时间和努力。我需要制定一个学习计划，合理安排时间和任务，逐步积累知识和技能，最终达到掌握机器学习的目标。

在这个过程中，我可能会遇到很多困难和挑战。比如数学概念复杂，编程中遇到错误，项目进展缓慢等。这些情况都会让我感到沮丧，但重要的是不放弃，找到问题的根源，并尝试解决。每一次的失败都是成长的机会，只要坚持下去，我相信自己能掌握机器学习的知识。

2025-06-07 16:42:14,951 - DEBUG - XiDian - Final response: 

学习机器学习是一个系统化的过程，需要逐步掌握以下几个方面的知识和技能：

1. **数学基础**：
   - **线性代数**：理解向量、矩阵、特征值等概念，这些在机器学习模型中广泛应用。
   - **微积分**：掌握导数、梯度、优化算法（如梯度下降）等，对于理解模型优化至关重要。
   - **概率统计**：包括概率分布、贝叶斯定理、假设检验等，帮助理解数据分布和模型评估。
   - **优化算法**：了解梯度下降、动量加速等优化方法，用于训练模型。

2. **编程基础**：
   - **Python 语言**：机器学习框架如 TensorFlow、PyTorch 皆以 Python 为基础。
   - **数据结构与算法**：掌握 arrays、dictionary、列表、循环、递归等基本知识。
   - **编程思维**：培养逻辑思维和问题解决能力，理解算法的实现和优化。

3. **机器学习基础知识**：
   - **监督学习**：如线性回归、逻辑回归、支持向量机（SVM）、决策树等。
   - **无监督学习**：如聚类（K-means）、关联规则学习。
   - **深度学习**：了解神经网络、卷积神经网络（CNN）、循环神经网络（RNN）等。

4. **算法与 toolkit**：
   - **数据预处理**：包括数据清洗、特征提取、数据转换等步骤，提高数据质量。
   - **模型评估**：了解交叉验证、准确率、召回率、F1 分数等评估指标。
   - **机器学习 framework**：如 Scikit-learn、TensorFlow、PyTorch，掌握它们的基本用法。

5. **实践项目**：
   - 通过实际项目来应用学习到的理论和技能，如图像分类、文本分类、回归预测等。
   - 将所学知识应用于真实问题，增强理解和实战能力。

6. **持续学习与社区参与**：
   - 随着技术的发展，不断更新知识和技能。
   - 参加社区讨论、在线论坛，如 Kaggle、GitHub、Stack Overflow，获取最新信息和帮助。

通过系统化的学习和不断的实践，可以逐步掌握机器学习的知识，并将其应用到实际问题中。
2025-06-07 16:42:14,952 - DEBUG - XiDian - Final reasoning response: 嗯，我最近对机器学习产生了浓厚的兴趣，想系统地学习一下。可是，我之前没学过编程或者算法，这让我有点困惑。首先，我需要明确什么是机器学习，以及它需要哪些基础知识。

我听说过机器学习是一种让计算机在无需 humans 来做任务的情况下，通过 experience 来 improve 的技术。听起来有点像让计算机通过学习来解决复杂的问题。比如说，自动驾驶汽车和 facial recognition 都是机器学习的应用对吧？

那么，学习机器学习需要哪些基础知识呢？我记得在编程方面，基础的数据结构和算法是必不可少的。比如，掌握基本的编程语言，如 Python，然后是数据结构，比如 arrays, lists, dictionaries 等等。我还知道算法是解决问题的基本方法，比如 sorting, searching, etc. 这些基础知识如果没打好数学基础，可能会在后面的学习中遇到困难。

除了编程，数学逻辑也是非常重要的一部分。线性代数、微积分、统计学这些都是机器学习中常用的数学工具，对吧？比如，在机器学习模型中，线性代数用于处理数据，微积分用于优化算法，统计学用于分析数据。看来我需要花点时间复习这些数学知识。

接下来，我需要选择学习路径。网上有很多资源，包括 Coursera, edX, Udacity 等教育平台上的课程，还有 Manybooks 这样的书籍资源库。我不知道从哪里开始，会不会先学习数学？还是先学习一些基础编程知识？

我担心如果我先学习编程，可能会忽略掉数学的基础，导致理解机器学习中的算法时困难重重。反之，如果我先学习数学，可能会觉得编程方面的学习太吃力。怎么办呢？也许我可以同时学习编程和数学，两者结合在一起。

我还不太确定现有的数学基础如何，我应该回顾一下高中和大学的数学课程。比如，高中学过的代数、几何，还有大学里的微积分、线性代数，这些都有哪些联系？机器学习是否只需要基础的线性代数和微积分？

另外，我还听说过支持向量机（SVM）、决策树（Decision Tree）、神经网络等机器学习算法。这些算法具体是什么？它们背后的操作机制是怎样的？这需要我先了解一些统计学，甚至概率论的基础知识。我应该如何开始系统的理解和学习这些内容呢？

我发现有些资源提到数据预处理也很重要，包括数据清洗、特征工程、数据可视化等。这些都是机器学习过程中不可或缺的步骤，但我觉得这些可能比算法本身更偏向于实践，可以根据实际项目来学习。

我还听说过数据集的重要性。机器学习模型需要大量的数据来训练和测试。如果是这样的话，我需要学会如何获取数据、预处理数据，以及选择合适的模型来应用这些数据。

我还不太确定是不是需要掌握硬件知识，比如 GPU 或者 CPU 的使用，这可能涉及到深度学习框架如 TensorFlow 或 PyTorch 的使用。我觉得这些工具在机器学习中非常重要，但对我来说还是有点遥远。

经过这么多思考，我觉得学习机器学习需要一个系统化的方法：数学知识、编程知识、机器学习算法和实践项目。我可能需要先从数学和编程的基础开始，然后再逐步深入学习机器学习的各个部分。

至于数学，我需要复习和掌握线性代数、微积分、概率统计和优化方法的基础。编程方面，我需要掌握 Python，可能还需要学习一些机器学习 frameworks 的基础用法。然后，我可以通过在线课程、书籍和实践项目来逐步掌握机器学习的算法和应用。

不过，这些都是很大的学习路径，可能会花费很长时间。我觉得可以从某些经典的书籍或在线课程开始，逐步深入学习。比如，贾外观《机器学习实战》这本书，或者参加 Andrew Ng 的机器学习课程，这些都是很推荐的资源。

我需要制定一个学习计划，每周学习固定的时间，逐步完成学习目标。记得遇到问题不要害怕，要主动去解决问题，多做练习，多实践才能真正掌握机器学习的知识。

总之，学习机器学习需要耐心和持续的努力，但我相信只要系统地学习和实践，一定能逐渐掌握这门技术。

2025-06-07 16:42:15,143 - DEBUG - XiDian - 进入 get_experiment_record_details，整体实验ID: 1, 用户ID: 1
2025-06-07 16:42:15,148 - DEBUG - XiDian - 实验 1 共有 10 个步骤。
2025-06-07 16:42:15,149 - DEBUG - XiDian - 步骤 1: 找到记录 3，状态 'completed', 分数 95.0
2025-06-07 16:42:15,149 - DEBUG - XiDian - 步骤 2: 未找到对应记录，默认为 'pending', 分数 0.0
2025-06-07 16:42:15,149 - DEBUG - XiDian - 步骤 3: 未找到对应记录，默认为 'pending', 分数 0.0
2025-06-07 16:42:15,150 - DEBUG - XiDian - 步骤 4: 找到记录 1，状态 'completed', 分数 90.0
2025-06-07 16:42:15,150 - DEBUG - XiDian - 步骤 5: 未找到对应记录，默认为 'pending', 分数 0.0
2025-06-07 16:42:15,150 - DEBUG - XiDian - 步骤 6: 未找到对应记录，默认为 'pending', 分数 0.0
2025-06-07 16:42:15,150 - DEBUG - XiDian - 步骤 7: 未找到对应记录，默认为 'pending', 分数 0.0
2025-06-07 16:42:15,150 - DEBUG - XiDian - 步骤 8: 未找到对应记录，默认为 'pending', 分数 0.0
2025-06-07 16:42:15,150 - DEBUG - XiDian - 步骤 9: 未找到对应记录，默认为 'pending', 分数 0.0
2025-06-07 16:42:15,151 - DEBUG - XiDian - 步骤 10: 未找到对应记录，默认为 'pending', 分数 0.0
2025-06-07 16:42:15,219 - DEBUG - XiDian - 进入 get_experiment_record_details，整体实验ID: 1, 用户ID: 1
2025-06-07 16:42:15,222 - DEBUG - XiDian - 实验 1 共有 10 个步骤。
2025-06-07 16:42:15,224 - DEBUG - XiDian - 步骤 1: 找到记录 3，状态 'completed', 分数 95.0
2025-06-07 16:42:15,224 - DEBUG - XiDian - 步骤 2: 未找到对应记录，默认为 'pending', 分数 0.0
2025-06-07 16:42:15,224 - DEBUG - XiDian - 步骤 3: 未找到对应记录，默认为 'pending', 分数 0.0
2025-06-07 16:42:15,224 - DEBUG - XiDian - 步骤 4: 找到记录 1，状态 'completed', 分数 90.0
2025-06-07 16:42:15,225 - DEBUG - XiDian - 步骤 5: 未找到对应记录，默认为 'pending', 分数 0.0
2025-06-07 16:42:15,225 - DEBUG - XiDian - 步骤 6: 未找到对应记录，默认为 'pending', 分数 0.0
2025-06-07 16:42:15,226 - DEBUG - XiDian - 步骤 7: 未找到对应记录，默认为 'pending', 分数 0.0
2025-06-07 16:42:15,226 - DEBUG - XiDian - 步骤 8: 未找到对应记录，默认为 'pending', 分数 0.0
2025-06-07 16:42:15,226 - DEBUG - XiDian - 步骤 9: 未找到对应记录，默认为 'pending', 分数 0.0
2025-06-07 16:42:15,227 - DEBUG - XiDian - 步骤 10: 未找到对应记录，默认为 'pending', 分数 0.0
2025-06-07 16:42:15,653 - DEBUG - XiDian - Final response: 

学习机器学习是一个系统而有趣的旅程，以下是逐步指南：

### 1. **了解机器学习 basics**
   - **定义与概念**：机器学习是通过训练数据让计算机具备自主学习能力的技术。理解机器学习的类型，如监督学习、无监督学习、半监督学习和强化学习。
   - **学习目标**：确定是进行分类、回归、聚类等任务。

### 2. **掌握基础知识**
   - **数学基础**：
     - 线性代数：理解向量、矩阵、范数等概念。
     - 概率统计：学习概率分布、贝叶斯定理等知识。
   - **编程技能**：
     - 学习Python编程，掌握数据结构、函数、类和模块。
     - 掌握NumPy和Pandas库用于数据处理。

### 3. **数据预处理**
   - **数据清洗**：处理缺失值、去除重复数据、处理异常值。
   - **归一化/标准化**：特征缩放，使特征具有相似的范围。
   - **特征工程**：提取、创建新特征、降维（PCA等）。

### 4. **学习机器学习算法**
   - **监督学习**：
     - **回归**：线性回归、多项式回归。
     - **分类**：逻辑回归、决策树、随机森林、SVM。
   - **无监督学习**：聚类（K-means、DBSCAN）、降维、可视化。
   - **半监督学习**和**强化学习**：了解基本概念，视需求学习。

### 5. **机器学习库**
   - **Scikit-learn**：熟悉机器学习模型的API。
   - **TensorFlow/Keras/Torch**：了解深度学习框架，构建和训练模型。

### 6. **实践与项目**
   - **数据集选择**：从Kaggle、UCI等平台获取合适的数据集。
   - **项目实践**：进行分类、回归、聚类等项目，逐步应用所学知识。
   - **模型调优**：通过网格搜索、交叉验证优化模型参数。

### 7. **评估与改进**
   - **模型评估**：选择合适的评价指标（如准确率、召回率、F1分数、ROC-AUC等）。
   - **模型优化**：调整参数，减小偏差和方差（过拟合与欠拟合）。

### 8. **深入学习与应用**
   - **深度学习**：学习神经网络、卷积神经网络（CNN）、循环神经网络（RNN）等。
   - **实际应用案例**：研究图像识别、自然语言处理、推荐系统等应用案例。

### 9. **持续学习与社区参与**
   - **在线课程与书籍**：阅读经典的机器学习书籍，如《机器学习实战》、《 Pattern Recognition and Machine Learning }。
   - **参与社区**：加入机器学习论坛（如知乎、Kaggle、GitHub），参与项目，与他人交流学习。

### 10. **保持好奇心与实践**
   - **探索新技术**：了解最新的算法和框架，如生成对抗网络（GAN）、 transformers等。
   - **独立项目**：开发一个完整的机器学习项目，记录过程，分享成果。

通过以上步骤，您可以系统地学习和掌握机器学习的基本概念、算法和实践应用，逐步提升自己的机器学习能力。
2025-06-07 16:42:15,655 - DEBUG - XiDian - Final reasoning response: 嗯，学习机器学习到底是怎么样的呢？这个问题听起来有点复杂，但我觉得只要按部就班地去学，应该不难。首先，我需要了解一下什么是机器学习，它到底在说什么。听说机器学习是通过训练数据让计算机具备自主学习的能力，听起来很酷，但具体怎么实现的呢？

我记得之前听说过一些术语，比如“监督学习”、“无监督学习”、“半监督学习”，还有“强化学习”等等。这些都听起来像不同的学习方法或模式。那它们之间有什么区别呢？是不是根据数据的不同特点选择不同的方法？

接下来，我会想，学习机器学习需要哪些基础知识呢？数学，尤其是线性代数、概率统计这些，是不是很必要？还有编程技能，尤其是Python，因为听说Python在机器学习中被广泛使用。对了，还需要学一些机器学习库，比如Scikit-learn、TensorFlow之类的。

那具体的步骤是什么呢？是不是先从学习基本概念开始，然后逐步深入到算法和模型的构建？我还不太确定，可能得一步步来。

我想到，应该先从基础开始学起。比如什么是特征工程，特征选择，数据预处理等等。这些在机器学习中非常重要，因为数据的质量直接关系到模型的性能。那么，如何进行特征工程呢？是不是包括数据清洗、归一化、降维这些步骤？

然后，再学习各种机器学习算法。比如线性回归、逻辑回归、支持向量机、随机森林等等。这些算法各有特点，适用不同的场景。我需要理解它们的基本原理，知道它们的应用场景和优缺点。

接下来，我需要掌握Python编程基础。Python的数据结构、函数、类、模块等等，这些都是必须掌握的。再加上一些机器学习库的使用，比如Pandas处理数据，Matplotlib和Seaborn进行数据可视化，Scikit-learn中的机器学习模型API等。

然后，可能需要学习一些深度学习的内容，尤其是神经网络相关的内容。TensorFlow和Keras可能是比较流行的框架，我应该学习如何使用它们来构建和训练深度学习模型。

在实践方面，我觉得 hands-on 的练习是必不可少的。通过编写代码，实际操作数据集，解决问题，才能更好地理解机器学习的概念。所以，我需要找到一些适合练习的机器学习项目，比如分类、回归、聚类等任务。

当然，有时可能会遇到困难和挑战。比如数据预处理中的数据缺失、过拟合、欠拟合等问题，这些都需要学习和实践来解决。遇到问题时，我应该主动去查找资料，或者参加一些在线课程来加强理解。

另外，了解机器学习的评估指标也很重要。如何评估模型的性能，选择合适的评价标准，这对于模型的优化和选择模型类型都是关键。

我还想了解一下机器学习的实际应用，比如图像识别、自然语言处理、推荐系统等。这些应用案例可以帮助我更好地理解机器学习的原理和实际操作流程。

总之，学习机器学习需要系统地掌握基础知识，逐步深入，实践结合理论，遇到问题主动解决。如果能制定一个学习计划，并坚持执行，相信是能够掌握机器学习的。

2025-06-07 16:42:15,948 - DEBUG - XiDian - 进入 get_experiment_record_details，整体实验ID: 1, 用户ID: 1
2025-06-07 16:42:15,952 - DEBUG - XiDian - 实验 1 共有 10 个步骤。
2025-06-07 16:42:15,954 - DEBUG - XiDian - 步骤 1: 找到记录 3，状态 'completed', 分数 95.0
2025-06-07 16:42:15,954 - DEBUG - XiDian - 步骤 2: 未找到对应记录，默认为 'pending', 分数 0.0
2025-06-07 16:42:15,954 - DEBUG - XiDian - 步骤 3: 未找到对应记录，默认为 'pending', 分数 0.0
2025-06-07 16:42:15,954 - DEBUG - XiDian - 步骤 4: 找到记录 1，状态 'completed', 分数 90.0
2025-06-07 16:42:15,954 - DEBUG - XiDian - 步骤 5: 未找到对应记录，默认为 'pending', 分数 0.0
2025-06-07 16:42:15,954 - DEBUG - XiDian - 步骤 6: 未找到对应记录，默认为 'pending', 分数 0.0
2025-06-07 16:42:15,954 - DEBUG - XiDian - 步骤 7: 未找到对应记录，默认为 'pending', 分数 0.0
2025-06-07 16:42:15,954 - DEBUG - XiDian - 步骤 8: 未找到对应记录，默认为 'pending', 分数 0.0
2025-06-07 16:42:15,956 - DEBUG - XiDian - 步骤 9: 未找到对应记录，默认为 'pending', 分数 0.0
2025-06-07 16:42:15,956 - DEBUG - XiDian - 步骤 10: 未找到对应记录，默认为 'pending', 分数 0.0
2025-06-07 16:42:17,443 - DEBUG - XiDian - Final response: 

现在，我来一步步解释如何学习机器学习：

### 第一步：理解机器学习的基础概念

1. **定义**：机器学习是通过算法让计算机利用数据学习，从而改进任务性能。
2. **监督学习**：使用带标签的数据训练模型。
3. **无监督学习**：使用无标签的数据，用于聚类和降维。
4. **半监督学习和强化学习**：介于上述两者之间的学习方式。

### 第二步：掌握必要的数学知识

1. **线性代数**：理解向量和矩阵运算，用于数据表示。
2. **概率统计**：用于数据的理解和分析。
3. **微积分和优化**：理解算法背后的优化原理，如梯度下降。

### 第三步：学习数据预处理和Python编程

1. **数据预处理**：清洗数据，处理缺失值和异常值，数据转换和归一化。
2. **Python编程**：学习Python库如Pandas、NumPy和Matplotlib，用于数据处理和可视化。

### 第四步：学习机器学习算法

1. **回归算法**：如线性回归、逻辑回归。
2. **分类算法**：如决策树、随机森林、SVM。
3. **聚类算法**：如K-means。
4. **降维算法**：如PCA。
5. **模型评估**：了解各种评估指标和交叉验证技术。

### 第五步：学习机器学习框架和库

1. **Scikit-learn**：一个功能丰富的机器学习库。
2. **TensorFlow和PyTorch**：流行的人工智能框架，适合深度学习。
3. **Keras**：基于TensorFlow的高级API，简化深度学习开发。

### 第六步：实践项目

1. **选择项目**：从Kaggle等平台选择感兴趣的问题。
2. **数据准备**：下载数据集，进行清洗和特征工程。
3. **模型开发**：选择合适的算法，进行训练和调优。
4. **模型评估**：使用合适的指标评估模型性能。
5. **模型优化**：通过调整超参数和正则化等方法改进模型。

### 第七步：持续学习和提高

1. **在线课程和书籍**：如Andrew Ng的Coursera课程，机器学习书籍如《机器学习实战》。
2. **视野扩展**：了解最新的研究进展和新技术，通过阅读论文和参与讨论。

### 第八步：加入机器学习社区

1. **参与论坛和社区**：如Stack Overflow、Reddit、GitHub上的开源项目。
2. **与其他学习者交流**：通过这些平台学习和交流，获取反馈和指导。

### 第九步：持续实践

1. **反复练习**：通过不断的项目实践巩固和提升自己的技能。
2. **应用到实际问题**：将机器学习应用到实际工作或研究中，发现问题并进行解决。

通过以上步骤，你可以系统地学习并掌握机器学习的知识和技能，最终能够独立设计和部署机器学习模型，解决实际问题。
2025-06-07 16:42:17,449 - DEBUG - XiDian - Final reasoning response: 好，我现在想要开始学习机器学习。我对机器学习有点兴趣，但是不太清楚从哪里下手。首先，我需要明确机器学习是什么，以及它主要包含哪些内容。我知道它涉及算法和模型来分析数据，但具体分成哪些领域呢？听说有监督学习、无监督学习、强化学习等，这些具体是什么意思呢？

我得先了解机器学习的基本概念。机器学习是一种利用数据训练模型，使模型能够自动学习和改进的算法技术。数据是机器学习的基础，所以我需要学习如何准备和处理数据，包括数据清洗、特征工程等。数据预处理对我来说有点复杂，如果数据质量不好，模型性能会大打折扣。

接下来，我需要了解各种机器学习算法。有监督学习需要有标签数据，比如分类和回归；无监督学习则用于聚类和降维；强化学习则是模型在环境中通过试错来学习策略。每种算法都有自己的优缺点，我需要理解不同的应用场景。

我觉得我应该先掌握一些基础的编程技能。之前学过Python，但感觉还不够，我需要深入学习数据科学相关的库，比如Pandas和Numpy用于数据处理，Scikit-learn用于模型实现，Matplotlib和Seaborn用于数据可视化。这些工具都是机器学习常用的，我需要熟悉它们的使用方法。

数学是机器学习的核心，我得 brushing up on数学知识，尤其是线性代数、概率统计、微积分这些。因为很多算法都是基于这些数学原理的，如果数学基础不扎实，理解算法会很困难。我可能需要找一些在线课程或教材来系统地学习这些数学知识。

机器学习的模型训练也是关键，我知道需要选择合适的算法，调整超参数，进行模型评估。机器学习模型的评估指标如准确率、 precision、 recall、 F1分数、 ROC-AUC等，我得了解它们的作用和适用场景。过拟合和欠拟合是常见的问题，我需要学习如何通过正则化、交叉验证等方法来解决这些问题。

实践也很重要，我需要动笔写代码，应用所学知识，做一些项目。比如，我可以从Kaggle平台找一些数据集，尝试用机器学习模型预测房价或分类。实践不仅能加深理解，还能帮助我积累经验。但刚开始我觉得可能找不到合适的项目，或者不知道从哪里下手，是不是应该先选一些简单的问题，逐步积累经验？

我听说书本和在线课程是学习机器学习的好资源。比如，Andrew Ng的Coursera课程是机器学习的入门课程，这是一个很好的起点。此外，我还发现了一些优秀的书籍和博客，里面的讲解很细致，可以辅助学习。至于工具方面，我应该选择哪一种呢？听说TensorFlow和PyTorch是两个流行的框架，但它们的上手难度如何？哪个更容易开始学习？

还有，加入机器学习社区，如Reddit的机器学习版块或者GitHub上的开源项目，可以让我更容易学习到最新技术，了解项目的最新进展。与他人交流也能激发灵感，帮助我解决学习中的问题。

时间管理也是我需要考虑的。机器学习涉及广泛的知识和技能，我需要制定一个学习计划，合理安排时间，逐步推进。每天学习多少时间，每周完成哪些任务，这些都需要明确计划。

通过实践应用，我可能会发现自己的不足，比如对某些算法不熟悉，或者不知道如何选择合适的算法对于特定的问题。这时候我需要回过头来重新学习相关的基础知识，巩固理论知识，提升实际应用能力。

总的来说，我需要系统地学习机器学习的基本概念、数学基础、常用算法、编程工具和实践应用。从入门到应用，逐步构建自己的机器学习知识体系和技能，通过不断的实践和学习，最终达到能够独立设计和部署机器学习项目的目标。

2025-06-07 16:42:17,488 - DEBUG - XiDian - Final response: 

学习机器学习可以按照以下步骤进行：

1. **了解机器学习的基础概念**：
   - 学习机器学习的定义、特点、分类（如监督学习、无监督学习、半监督学习等）。
   - 了解机器学习的基本流程，包括数据采集、数据预处理、模型训练、模型评估等。

2. **掌握必要的数学知识**：
   - 学习线性代数、概率论和统计学等数学基础，理解机器学习算法背后的数学原理。
   - 了解微积分中的梯度下降算法，掌握优化方法。

3. **学习编程语言（Python）**：
   - 熟练掌握Python编程语言，理解对象-oriented programming（OOP）的相关概念。
   - 学习如何使用Jupyter Notebook进行代码调试和运行。

4. **学习必要的机器学习库和工具**：
   - 熟练使用NumPy进行数值计算。
   - 掌握Pandas用于数据处理和分析。
   - 学习Matplotlib和Seaborn进行数据可视化。
   - 熟悉Scikit-learn库中的机器学习模型、数据预处理工具和评估指标。

5. **学习机器学习的基本算法**：
   - 掌握线性回归、逻辑回归、支持向量机（SVM）、决策树、随机森林、k-近邻算法（KNN）等基础算法。
   - 学习聚类算法（如K-means）和降维技术（如PCA）。
   - 了解神经网络和深度学习的基本概念及相关算法，如神经网络架构、激活函数、前向传播、反向传播等。

6. **学习机器学习的流程和实践**：
   - 学习数据准备和特征工程，如数据清洗、特征选择、数据转换等。
   - 了解过拟合与欠拟合的问题，学习正则化等防止过拟合的技术。
   - 掌握模型训练、评估和调优的方法，如交叉验证、网格搜索等。
   - 理解机器学习模型的评估指标，如准确率、召回率、F1分数、ROC-AUC等。

7. **参与机器学习项目实践**：
   - 选择一个感兴趣的机器学习项目，如图像分类、文本分类、推荐系统等。
   - 获取相关数据集，进行数据清洗、特征提取和预处理。
   - 根据项目需求，选择合适的模型进行训练和调参。
   - 评估模型性能，优化模型，最终完成项目并撰写报告。

8. **持续学习和提升**：
   - 关注机器学习领域的最新研究和进展，学习新算法和新技术。
   - 参加在线课程和 restrained learning community，与其他学习者交流。
   - 多做项目，积累实战经验，巩固和提升自己的机器学习能力。

通过以上步骤的学习和实践，可以系统地掌握机器学习的基础知识和技能， eventually成为机器学习的 practitioners。
2025-06-07 16:42:17,489 - DEBUG - XiDian - Final reasoning response: 嗯，如何学习机器学习呢？我记得机器学习是一个涉及到很多技术的领域，而且听起来挺复杂的。首先，我应该从哪里开始呢？好像是先从了解基本概念开始吧。那什么是机器学习？它是让计算机从数据中学习，从而做出决策或预测的技术对吧？

然后，我听说有很多不同的机器学习算法，比如线性回归、决策树、神经网络等等。这些算法有什么区别呢？好像线性回归是用于回归问题，比如预测房价之类的；而决策树看起来更简单，是一种树状模型，可能用来分类问题。神经网络听起来很高级，可能涉及到很多层的计算，像是深度学习的一部分。

可是，我感觉这些算法听起来好像很多，我应该先学哪些呢？是不是应该先掌握一些基础的数学知识，比如线性代数、概率论和统计学？因为这些可能和机器学习的很多概念有关联。比如，机器学习中的特征是什么，特征工程又是什么意思呢？好像是指从数据中提取有用的特征，或者对数据进行预处理，使得模型更容易学习。

然后，我还需要学编程吗？对，我需要熟练掌握至少一种编程语言，比如Python。因为我听说Python在机器学习领域用得比较多。那Python的具体库有哪些呢？好像有NumPy、Pandas、Matplotlib、Scikit-learn这些库是必要的。是不是需要逐一学习这些库，了解它们的功能和用法？

还有一个问题是，机器学习模型的训练过程是什么样的？比如，如何选择合适的模型，如何训练模型，如何评估模型的性能，如何进行调优等等。这些都是我需要学习的内容。比如，过拟合是什么意思？数据不足会导致什么问题？正则化是什么技术可以用来防止过拟合？

还有机器学习中的评估指标，比如准确率、召回率、F1分数、ROC曲线等等，这些到底怎么计算，怎么用来评价模型的表现呢？我需要通过一些案例来理解这些概念。

另外，我还听说机器学习可以应用在很多领域，比如图像识别、自然语言处理、推荐系统等等。这些应用的具体实现方式是怎样的呢？是不是有一些现成的工具和发展平台，比如Kaggle，我可以在那里练习和实践？

听说还要学习一些高级的机器学习技术，比如支持向量机、随机森林、梯度下降算法、神经网络和 deep learning 等等。但这些都是建立在基础之上的复杂算法。

那学习的步骤大概是怎样的呢？是不是应该先了解基础知识，然后掌握基本算法，接着学习机器学习的流程，最后实践项目？或者是不是应该同时学习算法和实践项目，以 reinforce理论知识？

此外，阅读一些经典的机器学习书籍和论文似乎也是必要的，比如《机器学习》（Machine Learning）或《深度学习》（Deep Learning）之类的书。但那么多书籍，应该读哪些比较权威或适合入门呢？

还有，实践项目是学习机器学习的重要环节，通过实际操作来巩固理论知识。在实践中，如何选择合适的 dataset？如何处理数据？如何选择合适的模型和调参？这些都是我需要思考和解决的问题。

总之，学习机器学习是一个系统的工程，需要持续学习和不断实践。我应该制定一个有条不紊的学习计划，逐步掌握机器学习的基础知识和技能。

2025-06-07 16:42:17,550 - DEBUG - XiDian - Final response: 

如何学习机器学习是一个系统化的过程，需要一定的规划和持续的努力。以下是一个学习机器学习的分步指南：

### 1. 学习基础知识
- **数学**：掌握线性代数、概率论和微积分等数学基础，这些知识是机器学习模型的核心。
- **编程**：熟练掌握Python，了解数据结构、函数、循环、条件语句等基本概念。
- **机器学习概念**：理解监督学习、无监督学习、半监督学习和强化学习等基本概念。

### 2. 学习机器学习算法
- **基础算法**：学习线性回归、逻辑回归、决策树和随机森林等基本算法。
- **进阶算法**：了解支持向量机(SVM)、k近邻算法(KNN)和聚类算法(K-means)。

### 3. 数据收集与处理
- **数据来源**：探索如何从内部数据、公开数据集、网络爬取和实时数据中获取数据。
- **数据预处理**：掌握数据清洗、归一化、特征工程和处理缺失值的方法。

### 4. 模型评估与调优
- **评估指标**：了解准确率、精确率、召回率、F1分数等评估指标。
- **交叉验证**：使用交叉验证来客观评估模型性能。
- **过拟合与欠拟合**：学习如何防止模型过拟合或欠拟合。

### 5. 模型部署
- **部署工具**：使用Flask、Django等Web框架或Fluents等微服务框架，将模型部署到实际应用中。

### 6. 实践项目
- **小项目**：从简单项目（如手写数字识别）开始，逐步积累项目经验。
- **复杂项目**：逐步挑战更复杂的问题，如图像分类或文本处理。

### 7. 持续学习与改进
- **最新进展**：关注机器学习领域的最新算法和应用，了解前沿技术。
- **在线课程**：通过Coursera、Udemy等平台学习机器学习课程。
- **社区参与**：加入机器学习社区，参与讨论和协作项目。

### 8. 实践与试错
- **算法比较**：尝试不同算法解决同一问题，比较其效果。
- **疑问解决**：遇到问题及时查阅资料或参与讨论，加深理解。

### 持续成长
- **设定目标**：明确学习目标，如掌握特定领域的机器学习方法或解决实际问题。
- **反思与调整**：定期反思学习进展，根据效果调整学习策略和方法。

通过以上步骤的系统学习和持续实践，你可以逐步掌握机器学习的基本知识和技能，最终达到应用机器学习技术解决实际问题的目标。
2025-06-07 16:42:17,550 - DEBUG - XiDian - Final reasoning response: 嗯，如何学习机器学习呢？这对我来说有点复杂，因为之前我对这个领域了解不多。首先，我应该怎么开始呢？我觉得可能需要先学习一些基础知识，比如数学和编程技能。数学方面，我需要了解线性代数、概率统计和微积分，这些对机器学习的基础模型肯定很重要。

然后是编程，特别是Python，好像现在机器学习 mostly用python做的。我得学一下Python的基础语法，比如变量、函数、循环、条件语句等等。我还听说PyTorch和TensorFlow是不错的工具，它们可以用来构建和训练机器学习模型。也许我应该先从PyTorch开始，因为听说它更简单一些。

接下来，机器学习的概念是什么？可能需要了解一些监督学习和无监督学习的区别。监督学习是根据标记数据来训练模型，而无监督学习则是在没有标签的数据下找出数据中的模式。我还听说过semi-supervised learning和reinforcement learning，但这些可能需要更高级的知识。

然后是算法和模型。我应该先学一些基础的算法，像线性回归、逻辑回归、决策树和随机森林等等。这些算法都是机器学习的基础，理解它们的工作原理后，才能更好地应用到实际问题中。我还想了解一下支持向量机(SVM)、k近邻算法(KNN)和聚类算法(K-means)。

资料收集和处理部分，应该也是一个重要的步骤。如果我需要训练一个模型，首先得有好的数据。数据来源可能有内部数据、公开数据集、爬取网络数据、实时数据等等。数据预处理方面，清洗、归一化、特征工程和处理缺失值也很关键。这些步骤能提高模型的性能。

模型评估方面，我需要了解如何评估模型的性能，常用的指标有准确率、精确率、召回率、F1分数等等。交叉验证也是一个不错的方法，可以更客观地评估模型的性能。在评估过程中，可能会遇到过拟合和欠拟合的问题，这也是需要特别注意的地方。

部署模型成了我接下来需要考虑的问题。如果模型已经训练完成并验证通过后，如何将它部署到实际应用中，无论是前端还是后端。可能需要用到Flask或者Django这样的Web框架，或者Fluents这样的机器学习微服务框架来快速构建模型服务。

接下来是应用项目。通过实际的项目来验证学习成果。对于一个机器学习初学者来说，简单的小项目可能需要从 startsomething小项目开始，比如手写数字识别、文本分类或图像分类。这些项目的完成可以帮助巩固知识，同时积累实践经验。

持续学习也很重要。机器学习是一个快速发展的领域，每天都要关注最新的进展和最佳实践。通过阅读论文、参加在线课程、加入机器学习社区等，可以不断充实自己的知识和技能。

另外，理解数学和算法的原理也是必要的。例如，线性回归背后的数学推导，梯度下降算法如何优化模型参数等。只记住API和模型名字是不够的，真正理解这些算法才能更好地应用它们解决复杂的问题。

实践和试错也是学习过程中的重要一环。尝试不同的算法来解决同一个问题，比较它们的效果，学着什么时候选择哪一种算法。疑惑的地方及时查阅资料或者参与讨论，可以帮助更深入理解。

最后，站在更高的视角来看整个学习过程，明确自己想要达到的目标，是进一步学习的驱动力。目标可以是掌握某个具体领域中的机器学习方法，或者解决某些实际问题。一旦目标明确了，学习过程也将更有方向感和动力。

2025-06-07 16:42:17,741 - DEBUG - XiDian - 进入 get_experiment_record_details，整体实验ID: 1, 用户ID: 1
2025-06-07 16:42:17,743 - DEBUG - XiDian - 实验 1 共有 10 个步骤。
2025-06-07 16:42:17,744 - DEBUG - XiDian - 步骤 1: 找到记录 3，状态 'completed', 分数 95.0
2025-06-07 16:42:17,744 - DEBUG - XiDian - 步骤 2: 未找到对应记录，默认为 'pending', 分数 0.0
2025-06-07 16:42:17,744 - DEBUG - XiDian - 步骤 3: 未找到对应记录，默认为 'pending', 分数 0.0
2025-06-07 16:42:17,744 - DEBUG - XiDian - 步骤 4: 找到记录 1，状态 'completed', 分数 90.0
2025-06-07 16:42:17,745 - DEBUG - XiDian - 步骤 5: 未找到对应记录，默认为 'pending', 分数 0.0
2025-06-07 16:42:17,745 - DEBUG - XiDian - 步骤 6: 未找到对应记录，默认为 'pending', 分数 0.0
2025-06-07 16:42:17,745 - DEBUG - XiDian - 步骤 7: 未找到对应记录，默认为 'pending', 分数 0.0
2025-06-07 16:42:17,745 - DEBUG - XiDian - 步骤 8: 未找到对应记录，默认为 'pending', 分数 0.0
2025-06-07 16:42:17,745 - DEBUG - XiDian - 步骤 9: 未找到对应记录，默认为 'pending', 分数 0.0
2025-06-07 16:42:17,746 - DEBUG - XiDian - 步骤 10: 未找到对应记录，默认为 'pending', 分数 0.0
2025-06-07 16:42:17,779 - DEBUG - XiDian - 进入 get_experiment_record_details，整体实验ID: 1, 用户ID: 1
2025-06-07 16:42:17,780 - DEBUG - XiDian - 实验 1 共有 10 个步骤。
2025-06-07 16:42:17,782 - DEBUG - XiDian - 步骤 1: 找到记录 3，状态 'completed', 分数 95.0
2025-06-07 16:42:17,782 - DEBUG - XiDian - 步骤 2: 未找到对应记录，默认为 'pending', 分数 0.0
2025-06-07 16:42:17,782 - DEBUG - XiDian - 步骤 3: 未找到对应记录，默认为 'pending', 分数 0.0
2025-06-07 16:42:17,782 - DEBUG - XiDian - 步骤 4: 找到记录 1，状态 'completed', 分数 90.0
2025-06-07 16:42:17,782 - DEBUG - XiDian - 步骤 5: 未找到对应记录，默认为 'pending', 分数 0.0
2025-06-07 16:42:17,783 - DEBUG - XiDian - 步骤 6: 未找到对应记录，默认为 'pending', 分数 0.0
2025-06-07 16:42:17,783 - DEBUG - XiDian - 步骤 7: 未找到对应记录，默认为 'pending', 分数 0.0
2025-06-07 16:42:17,783 - DEBUG - XiDian - 步骤 8: 未找到对应记录，默认为 'pending', 分数 0.0
2025-06-07 16:42:17,783 - DEBUG - XiDian - 步骤 9: 未找到对应记录，默认为 'pending', 分数 0.0
2025-06-07 16:42:17,783 - DEBUG - XiDian - 步骤 10: 未找到对应记录，默认为 'pending', 分数 0.0
2025-06-07 16:42:17,851 - DEBUG - XiDian - 进入 get_experiment_record_details，整体实验ID: 1, 用户ID: 1
2025-06-07 16:42:17,852 - DEBUG - XiDian - 实验 1 共有 10 个步骤。
2025-06-07 16:42:17,853 - DEBUG - XiDian - 步骤 1: 找到记录 3，状态 'completed', 分数 95.0
2025-06-07 16:42:17,854 - DEBUG - XiDian - 步骤 2: 未找到对应记录，默认为 'pending', 分数 0.0
2025-06-07 16:42:17,854 - DEBUG - XiDian - 步骤 3: 未找到对应记录，默认为 'pending', 分数 0.0
2025-06-07 16:42:17,854 - DEBUG - XiDian - 步骤 4: 找到记录 1，状态 'completed', 分数 90.0
2025-06-07 16:42:17,854 - DEBUG - XiDian - 步骤 5: 未找到对应记录，默认为 'pending', 分数 0.0
2025-06-07 16:42:17,854 - DEBUG - XiDian - 步骤 6: 未找到对应记录，默认为 'pending', 分数 0.0
2025-06-07 16:42:17,854 - DEBUG - XiDian - 步骤 7: 未找到对应记录，默认为 'pending', 分数 0.0
2025-06-07 16:42:17,854 - DEBUG - XiDian - 步骤 8: 未找到对应记录，默认为 'pending', 分数 0.0
2025-06-07 16:42:17,854 - DEBUG - XiDian - 步骤 9: 未找到对应记录，默认为 'pending', 分数 0.0
2025-06-07 16:42:17,854 - DEBUG - XiDian - 步骤 10: 未找到对应记录，默认为 'pending', 分数 0.0
2025-06-07 16:42:18,201 - DEBUG - XiDian - Final response: 

学习机器学习可以按照以下步骤进行：

1. **数学基础**：
   - **线性代数**：理解向量、矩阵、特征值和奇异值分解等概念。
   - **概率与统计**：学习概率分布、贝叶斯定理、期望值等。
   - **微积分**：掌握导数、梯度、多元微积分等，理解优化算法。
   - **优化方法**：了解梯度下降、约束优化等技术。

2. **编程基础**：
   - 学习Python，掌握基本语法、数据结构、模块和库（如NumPy、Pandas）。
   - 学习版本控制工具（如Git），以便管理和版本控制代码。

3. **机器学习基础**：
   - 起步：理解监督学习、无监督学习、强化学习的概念。
   - 基本算法：学习线性回归、 logistic回归、决策树、随机森林、支持向量机、k-近邻算法等。

4. **机器学习库与框架**：
   - **Python库**：开始使用scikit-learn库来实现各种基础的机器学习算法。
   - **深度学习框架**：学习TensorFlow或PyTorch，探索构建和训练深度神经网络。

5. **数据处理与工程**：
   - 数据清洗：处理缺失值、异常值、数据标准化/归一化。
   - 特征工程：提取、选择和转换特征，提高模型性能。

6. **实际项目实践**：
   - 从简单项目开始，如预测任务、分类任务等。
   - 参与 Kaggle 竞赛，提升实际操作能力。

7. **学习资源**：
   - **书籍**：《Python机器学习》、《机器学习实战》。
   - **在线课程**：Coursera、Udemy 上的机器学习课程。
   - **博客与教程**：Towards Data Science、Medium 上的相关文章。

8. **持续学习与改进**：
   - 关注机器学习领域的最新发展和创新。
   - 不断尝试优化模型，解决过拟合和欠拟合等问题。

9. **职业发展**：
   - 加入机器学习社区，参与讨论和分享。
   - 学习如何与数据科学家、工程师和业务决策者沟通，提升职业竞争力。

通过系统地学习和不断实践，逐步掌握机器学习的核心概念、算法和应用方法，提升自己的技术能力。
2025-06-07 16:42:18,201 - DEBUG - XiDian - Final reasoning response: 嗯，如何学习机器学习呢？这个问题好像挺广泛的，我需要先弄清楚机器学习到底是什么，然后再思考学习它的方法和路径是什么。

首先，我觉得机器学习是一种通过数据训练模型来学习和改进的过程。它可以用在很多领域，比如图像识别、自然语言处理、推荐系统等等。但是具体要怎么开始学习呢？是不是需要先了解一些数学知识，比如线性代数、概率统计等等？

我记得以前学过线性代数，但可能已经忘了大部分了。机器学习好像和这些数学知识有关系，比如向量、矩阵这些。如果我再重新学习一下这些数学基础，可能会对我理解机器学习有帮助。

然后，算法是机器学习的重要部分。我听说过监督学习、无监督学习这些概念，但是具体又是什么意思呢？监督学习是不是就是利用有标签的数据来训练模型？无监督学习是不是用来从无标签的数据中发现隐藏的模式？我需要先弄清楚这些基本概念。

接下来，编程能力也很重要。机器学习常用的编程语言是Python，但是我听R的使用也挺多的。我应该选择学Python还是R呢？听说Python在机器学习社区非常流行，有很多现成的库和框架可以使用。比如像scikit-learn、TensorFlow、PyTorch这些库，所以我可能选择学习Python。

然后就是机器学习的库和框架了。scikit-learn是一个功能强大的库，提供了很多预构建的算法和模型。TensorFlow和PyTorch是更专注于深度学习的框架，适合构建复杂的神经网络模型。我应该先从哪个库开始呢？scikit-learn好像比较简单，可能适合入门，而TensorFlow和PyTorch可能需要更多的学习成本。

数据处理和预处理也是机器学习中的一个关键部分。数据的质量直接影响模型的性能，所以数据预处理包括清洗数据、特征工程、数据标准化等等。我记得数据清洗包括处理缺失值、处理异常值、标准化或归一化数据。这些步骤可能比较繁琐，但却是机器学习中非常重要的环节。

接下来是实际项目和应用。机器学习不仅仅是理论，还需要通过实际项目来练习和巩固知识。我应该从简单的项目开始，比如预测房价、分类任务等等。通过实际操作，我可以更好地理解机器学习的流程和各个部分的作用。

但是，我之前很少做项目，可能需要先从基础的课程和书籍开始学习。听说《机器学习实战》这本书挺不错，里面有很多实际案例。另外，还有各种在线课程，比如Coursera上的机器学习课程，可能有 melodies等人讲的课程。

我还不太清楚如何系统地学习机器学习。可能需要制定一个学习计划，逐步深入学习。首先学习数学基础，然后是编程基础，接着是机器学习的基本概念和算法，之后接触一些库和框架，再通过项目来应用所学的知识。

在学习过程中，可能会遇到各种问题和挑战。比如，如何选择合适的算法来解决具体问题？如何调优模型以提高性能？如何处理过拟合或者欠拟合的问题？这些问题可能需要不断实践和调整。

另外，获取资料和资源也是关键。互联网上有很多免费的资料和教程，但如何筛选出高质量的学习资源是一个挑战。好像有很多博客、视频教程、文档等等，我需要找到一个学习路径，按照一定顺序来学习。

还有，实践和应用场景也很重要。机器学习不仅仅是算法，还需要了解如何将其应用到实际生活中，解决实际问题。可能需要学习一些机器学习的工具和平台，了解它们的应用场景和限制。

总的来说，学习机器学习需要逐步积累知识，从数学和编程基础开始，逐步深入理解机器学习的概念和算法，通过实践项目来巩固和应用所学的知识。同时，要不断学习和解决遇到的问题，积累经验，才能真正掌握机器学习。

2025-06-07 16:42:18,462 - DEBUG - XiDian - 进入 get_experiment_record_details，整体实验ID: 1, 用户ID: 1
2025-06-07 16:42:18,466 - DEBUG - XiDian - 实验 1 共有 10 个步骤。
2025-06-07 16:42:18,468 - DEBUG - XiDian - 步骤 1: 找到记录 3，状态 'completed', 分数 95.0
2025-06-07 16:42:18,468 - DEBUG - XiDian - 步骤 2: 未找到对应记录，默认为 'pending', 分数 0.0
2025-06-07 16:42:18,469 - DEBUG - XiDian - 步骤 3: 未找到对应记录，默认为 'pending', 分数 0.0
2025-06-07 16:42:18,469 - DEBUG - XiDian - 步骤 4: 找到记录 1，状态 'completed', 分数 90.0
2025-06-07 16:42:18,469 - DEBUG - XiDian - 步骤 5: 未找到对应记录，默认为 'pending', 分数 0.0
2025-06-07 16:42:18,469 - DEBUG - XiDian - 步骤 6: 未找到对应记录，默认为 'pending', 分数 0.0
2025-06-07 16:42:18,469 - DEBUG - XiDian - 步骤 7: 未找到对应记录，默认为 'pending', 分数 0.0
2025-06-07 16:42:18,469 - DEBUG - XiDian - 步骤 8: 未找到对应记录，默认为 'pending', 分数 0.0
2025-06-07 16:42:18,470 - DEBUG - XiDian - 步骤 9: 未找到对应记录，默认为 'pending', 分数 0.0
2025-06-07 16:42:18,470 - DEBUG - XiDian - 步骤 10: 未找到对应记录，默认为 'pending', 分数 0.0
2025-06-07 16:42:20,832 - DEBUG - XiDian - Final response: 

学习机器学习的步骤如下：

1. **掌握基础知识**
   - **统计学和概率论**：理解描述性统计、推断性统计、分布、均值、方差等相关概念。
   - **线性代数**：学习向量、矩阵、行列式、特征值、特征向量等基本知识。

2. **学习编程技能**
   - **Python编程**：掌握Python基础语法、数据结构、函数、类、模块等。
   - **数学库**：熟悉NumPy、Pandas等库，了解其在数据处理、分析中的应用。

3. **学习机器学习理论**
   - **监督学习**：理解分类和回归算法，如线性回归、逻辑回归、支持向量机、决策树、随机森林等。
   - **无监督学习**：学习聚类和降维方法，如K-means、层次聚类、主成分分析等。

4. **掌握算法和技巧**
   - **算法优化**：了解过拟合、欠拟合，学习正则化、交叉验证等方法。
   - **特征工程**：掌握数据清洗、特征选择、工程等技术。
   - **集成学习**：理解投票法、提升法等集成方法和梯度下降等优化算法。

5. **熟悉工具和框架**
   - **机器学习框架**：熟练使用Scikit-learn，了解其模型、数据集、评估指标等。
   - **数据可视化**：学习使用Matplotlib、Pandas等工具进行数据可视化。

6. **实践项目**
   - **项目经验**：从简单项目开始，如手写数字识别、房价预测等，积累实际经验。
   - **文档编写**：学习如何编写代码注释和项目文档，提高代码可读性和可维护性。

7. **持续学习与社区参与**
   - **学习资源**：订阅学习平台、在线课程、书籍，关注行业动态。
   - **社区互动**：加入机器学习社区，参与讨论，与他人交流学习经验。

8. **时间规划与自我管理**
   - **学习计划**：制定详细的学习计划，设定短期和长期目标，安排每日学习时间。
   - **调整与优化**：根据学习进度，灵活调整计划，解决遇到的问题。

9. **社会责任感培养**
   - **伦理意识**：关注数据隐私、伦理问题，确保技术应用符合社会道德规范。

通过系统地遵循以上步骤，结合持续的学习与实践，逐步掌握机器学习所需的知识和技能，为未来从事机器学习相关工作打下坚实的基础。
2025-06-07 16:42:20,832 - DEBUG - XiDian - Final reasoning response: 好吧，我最近对机器学习产生了浓厚的兴趣，但是我觉得自己对这领域还不是很了解。我应该从哪里开始呢？听说机器学习涉及到很多技术和数学知识，还有编程方面的要求也挺高的。首先，我需要总结一下我需要学习哪些方面的知识。

首先，机器学习的理论基础。听起来像是统计学和概率论。毕竟，机器学习 heavily rely on statistics 和 probability 来处理数据和预测。我要先复习一下基础的统计概念，比如 descriptive statistics 和 inferential statistics。分布、均值、方差这些基本的概念，可能需要花些时间理解和应用。

接下来，线性代数也很重要。机器学习中的很多算法都是基于向量和矩阵的操作，所以要掌握向量、矩阵的基本运算，行列式、特征值这些概念。我是否需要深入学习这些呢？可能在学习机器学习的算法时会涉及到这些数学知识，所以我觉得打好数学基础会很有帮助。

然后是编程能力。机器学习需要编程的知识，特别是Python。听说Python 是机器学习的首选语言，因为它有很多库可以使用，比如 NumPy、Pandas、Scikit-learn等等。我需要先掌握基础的 Python programming concepts，比如数据结构、函数、类，然后才能进行进一步的学习。

接下来是机器学习的基础算法，应该先从监督学习和无监督学习开始。监督学习包括分类和回归，而无监督学习则包括聚类和降维。我要先理解这些基本概念和它们的用途，然后再学习具体的算法，比如线性回归、逻辑回归、决策树、随机森林、支持向量机等有监督的学习方法，以及 K-means、层次聚类等无监督的学习方法。

然后是算法和建模技巧。过拟合和欠拟合是机器学习中常遇到的问题，需要学习如何通过正则化、交叉验证等方法来解决。特征工程也是一个重要的方面，包括数据清洗、特征选择、工程等。集成学习和梯度下降也是机器学习中常用的优化方法，我需要深入理解这些概念。

关于工具和框架，我确信我会使用Scikit-learn 这个库，它提供了很多现成的机器学习模型和工具。另外，可能还需要学习一些数据可视化的方法，比如Matplotlib 和 Pandas 的绘图功能，这些可以帮助我更好地理解数据和模型的表现。

实践项目也是学习机器学习的重要部分。我认为应该先从简单的项目开始，比如手写数字识别或者房子价格预测。通过实际操作，可以更好地理解和应用理论知识。代码和文档编写也很重要，需要学习如何写出清晰易懂的代码，并制作文档来解释所做的工作。

持续学习和社区参与也是我需要考虑的。机器学习是一个快速发展的领域，需要不断学习和更新知识。参加在线课程、阅读书籍、关注行业新闻和动态，这些都是很好的学习方式。此外，加入机器学习社区，与他人交流和分享学习成果，能够提供很多有用的经验和建议。

时间管理也是关键。机器学习的学习过程可能会比较紧张，因为需要掌握很多知识和技能。我需要制定一个合理的学习计划，设定短期和长期的目标。每天花一定的时间练习，逐步积累知识。遇到困难时，要有耐心，不要急于放弃，可以通过查阅资料、请教他人或参加在线课程来解决。

最后，我觉得学习机器学习不仅仅是学习算法，还需要有实际的应用场景和社会责任感。应用机器学习技术时，要尊重数据，遵循伦理，确保结果对社会是有益的。这需要在学习的过程中不断培养社会责任感，关注当前的数据隐私和伦理问题。

通过这样的思考，我认为我有一个清晰的学习路径。接下来，我需要制定一个详细的学习计划，并根据实际情况调整，尽量在规定时间内完成学习目标。

2025-06-07 16:42:21,093 - DEBUG - XiDian - 进入 get_experiment_record_details，整体实验ID: 1, 用户ID: 1
2025-06-07 16:42:21,098 - DEBUG - XiDian - 实验 1 共有 10 个步骤。
2025-06-07 16:42:21,099 - DEBUG - XiDian - 步骤 1: 找到记录 3，状态 'completed', 分数 95.0
2025-06-07 16:42:21,100 - DEBUG - XiDian - 步骤 2: 未找到对应记录，默认为 'pending', 分数 0.0
2025-06-07 16:42:21,100 - DEBUG - XiDian - 步骤 3: 未找到对应记录，默认为 'pending', 分数 0.0
2025-06-07 16:42:21,100 - DEBUG - XiDian - 步骤 4: 找到记录 1，状态 'completed', 分数 90.0
2025-06-07 16:42:21,100 - DEBUG - XiDian - 步骤 5: 未找到对应记录，默认为 'pending', 分数 0.0
2025-06-07 16:42:21,101 - DEBUG - XiDian - 步骤 6: 未找到对应记录，默认为 'pending', 分数 0.0
2025-06-07 16:42:21,101 - DEBUG - XiDian - 步骤 7: 未找到对应记录，默认为 'pending', 分数 0.0
2025-06-07 16:42:21,101 - DEBUG - XiDian - 步骤 8: 未找到对应记录，默认为 'pending', 分数 0.0
2025-06-07 16:42:21,101 - DEBUG - XiDian - 步骤 9: 未找到对应记录，默认为 'pending', 分数 0.0
2025-06-07 16:42:21,101 - DEBUG - XiDian - 步骤 10: 未找到对应记录，默认为 'pending', 分数 0.0
2025-06-07 16:42:21,660 - DEBUG - XiDian - Final response: 

学习机器学习是一个系统化的过程，需要理论知识和实践相结合。以下是一些学习机器学习的步骤和资源推荐，帮助你从零开始学习机器学习：

---

### **1. 理解基础概念**
在学习机器学习之前，需要先了解以下几个基本概念：
- **机器学习的定义**、分类（如监督学习、无监督学习、强化学习）。
- **监督学习**：有标签数据的模型训练，如回归（预测任务）和分类（分类任务）。
- **无监督学习**：没有标签数据的模型训练，如聚类（K-means、层次聚类）和降维（PCA、主成分分析）。
- **评估指标**：如准确率、召回率、F1分数、AUC-ROC曲线等。
- **偏差-方差权衡**：理解模型的复杂度与欠拟合/过拟合之间的关系。

---

### **2. 掌握数学基础**
机器学习算法的核心依赖于数学知识，以下是需要掌握的数学基础：
- **线性代数**：矩阵运算、向量空间、特征值分解等。
- **概率与统计**：贝叶斯定理、条件概率、统计推断。
- **微积分**：导数、梯度下降、优化算法。
- **算法复杂度**：时间复杂度和空间复杂度的分析。

你可以从 familiarity 的方式入手，例如从 [Coursera 的 "Mathematics for Machine Learning" 专项课程](https://www.coursera.org/learn/mathematics-machine-learning) 开始。

---

### **3. 学习机器学习算法**
了解常用的机器学习算法，并尝试实现它们。这是理解机器学习逻辑的关键步骤。
- **线性回归**：最简单的监督学习算法，适合解决回归问题。
- **逻辑回归**：用于分类任务的基础算法。
- **决策树**：一种直观的分类和回归算法，可以手动决策树。
- **随机森林**：集成学习方法，可以提高模型的准确性。
- **支持向量机 (SVM)**：一种强大的分类算法。
- **K-means 聚类**：一种经典的无监督学习算法。
- **神经网络**：深度学习的基础，可以学习搭建简单的神经网络。

你可以通过 [机器学习 cheatsheet](https://www.$max.book/机器学习 cheatsheet) 来快速了解常用算法的实现。

---

### **4. 学习 Python 和相关库**
掌握 Python 是学习机器学习的关键，因为它是机器学习社区的主要编程语言。一些常用的库包括：
- **NumPy**：用于快速处理数组和矩阵运算。
- **Pandas**：用于数据清洗、预处理和数据分析。
- **Matplotlib 和 Seaborn**：用于数据可视化。
- **Scikit-learn**：机器学习框架，提供了许多预包装的算法和工具。
- **TensorFlow 或 PyTorch**：用于深度学习的框架。

你可以从 [机器学习入门教程](https://www_python机器学习入门教程) 开始学习。

---

### **5. 参考书籍和资料**
- **《机器学习实战》**（ hands-on 实战的书）。
- **《机器学习 Deep Dive》**：深入学习机器学习。
- **Andrew Ng 的 Coursera 机器学习课程**：深度学习的基础课程。
- **Kaggle 上的教程和比赛**：Kaggle 是一个练习机器学习的好地方，你可以通过参与比赛来提升技能。

---

### **6. 完成项目实践**
机器学习理论知识需要通过实践来巩固。尝试 Sounds of AI 或其他平台上的项目，例如：
- 使用线性回归预测房价。
- 用分类算法识别手写数字。
- 用聚类算法分析顾客行为。

---

### **7. 关注前沿动态**
机器学习是一个快速发展的领域，你需要关注最新的研究和应用：
- 关注 Kaggle、Google、Meta 和 OpenAI 的研究成果。
- 关注 GitHub 上的开源项目。
- 参加机器学习会议和社区活动，如 ICML、NeurIPS 和 PyData。

---

### **总结**
学习机器学习的整体步骤可以总结为：
1. 学习基础概念和数学知识。
2. 学习基础算法并实现。
3. 学习 Python 和相关库。
4. 上手实践项目，巩固理论知识。
5. 关注最新动态，持续学习。

---

### **资源推荐**
- **书籍**：
  - 《机器学习》（机器学习领域的经典书籍）。
  - 《Pattern Recognition and Machine Learning》。
- **在线课程**：
  - [机器学习 iversity](https://www.coursera.org/learn/machine-learning)。
  - [Andrew Ng 的 Coursera 机器学习课程](https://www.coursera.org/learn/machine-learning)。
- **实践平台**：
  - Kaggle：[机器学习竞赛](https://www.kaggle.com/competitions)。
  - 听声说的AI基础：[机器学习基础](https://www_python机器学习基础)。

通过以上步骤的学习，你可以逐步掌握机器学习的知识和技能，最终达到能够独立开发和部署模型的程度。
2025-06-07 16:42:21,664 - DEBUG - XiDian - Final reasoning response: 好的，我需要帮助用户了解如何学习机器学习。这位用户之前问过关于冒泡排序的问题，现在转而关注机器学习，可能有学习进阶的需求或者之前的算法基础。

首先，我应该分析用户的需求。他可能是一名刚开始接触机器学习的学生，或者是想入门的程序员。默认情况下，用户可能已经有一定的编程基础，特别是之前学过像Python这样的语言，因此需要推荐一些资源和方法。

接下来，我应该考虑机器学习的入门步骤。通常，第一步是理解基本概念，比如监督学习、无监督学习和大数定律。然后是掌握必要的数学知识，如线性代数、统计学和概率论。接下来是学习算法，比如线性回归、决策树和神经网络。

用户可能需要具体的资源推荐，比如书籍、在线课程和实践平台。同样，需要提到实践的重要性，强调需要动手操作，练习数据预处理和模型调优。

我还需要考虑用户的时间管理，推荐分阶段的学习方法，比如基础阶段、应用阶段和进阶阶段。此外，鼓励用户保持好奇心和持续学习，机器学习是一个快速发展的领域，持续关注前沿动态很重要。

最后，总结一下，提醒用户机器学习不仅需要理论知识，还需要实践和项目经验。这些点能够帮助用户系统地开始学习，打好数学基础，掌握核心算法，并通过实践提升技能。

2025-06-07 16:42:21,931 - DEBUG - XiDian - 进入 get_experiment_record_details，整体实验ID: 1, 用户ID: 1
2025-06-07 16:42:21,936 - DEBUG - XiDian - 实验 1 共有 10 个步骤。
2025-06-07 16:42:21,937 - DEBUG - XiDian - 步骤 1: 找到记录 3，状态 'completed', 分数 95.0
2025-06-07 16:42:21,937 - DEBUG - XiDian - 步骤 2: 未找到对应记录，默认为 'pending', 分数 0.0
2025-06-07 16:42:21,938 - DEBUG - XiDian - 步骤 3: 未找到对应记录，默认为 'pending', 分数 0.0
2025-06-07 16:42:21,938 - DEBUG - XiDian - 步骤 4: 找到记录 1，状态 'completed', 分数 90.0
2025-06-07 16:42:21,938 - DEBUG - XiDian - 步骤 5: 未找到对应记录，默认为 'pending', 分数 0.0
2025-06-07 16:42:21,939 - DEBUG - XiDian - 步骤 6: 未找到对应记录，默认为 'pending', 分数 0.0
2025-06-07 16:42:21,939 - DEBUG - XiDian - 步骤 7: 未找到对应记录，默认为 'pending', 分数 0.0
2025-06-07 16:42:21,940 - DEBUG - XiDian - 步骤 8: 未找到对应记录，默认为 'pending', 分数 0.0
2025-06-07 16:42:21,940 - DEBUG - XiDian - 步骤 9: 未找到对应记录，默认为 'pending', 分数 0.0
2025-06-07 16:42:21,941 - DEBUG - XiDian - 步骤 10: 未找到对应记录，默认为 'pending', 分数 0.0
2025-06-07 16:42:22,716 - DEBUG - XiDian - Final response: 

### 学习机器学习的步骤指南

学习机器学习可以从以下几个步骤开始：

1. **掌握基础知识**：
   - **编程基础**：从Python开始，因为它在机器学习中非常流行。学习数据结构、函数、列表、循环、条件语句等基本概念。
   - **数学基础**：学习线性代数、概率论和统计学，特别是向量和矩阵的操作，这些是理解机器学习算法的基础。
   - **数据处理**：学习如何使用Pandas、Numpy等库进行数据清洗和处理，掌握基本的数据显示技能。

2. **学习机器学习的基本概念**：
   - 理解机器学习的定义、类型（监督学习、无监督学习、半监督学习等）、应用场景以及基本工作原理。
   - 学习评估模型性能的方法，如准确率、精确率、召回率、F1分数等。

3. **学习基本算法**：
   - 从基础的算法开始，如线性回归、逻辑回归、k-近邻算法（KNN）、决策树、随机森林、支持向量机（SVM）等。
   - 每个算法都有其特点和应用场景，要理解它们的工作原理和适用场景。

4. **实践与项目**：
   - 安装并配置机器学习框架，如TensorFlow、PyTorch。
   - 选择一个感兴趣的项目进行实践，如分类问题、回归问题等，逐步应用所学算法。
   - 使用数据集进行训练和验证，记录实验结果，分析模型性能。

5. **学习进阶算法和技巧**：
   - 学习神经网络和深度学习的概念，了解更深的算法如卷积神经网络（CNN）、循环神经网络（RNN）等。
   - 掌握优化算法，如梯度下降、Adam等，并理解它们的作用。
   - 学习特征工程、过拟合处理、正则化、交叉验证等技巧。

6. **学习机器学习工具和框架**：
   - 选择一个主要的框架（如TensorFlow或PyTorch）深入学习，掌握其 APIs 和使用场景。
   - 学习使用Keras进行快速原型开发。
   - 掌握数据增强、调参和优化等技巧。

7. **参与社区和交流**：
   - 加入机器学习相关的论坛和社区，参与讨论，分享学习经验。
   - 加入开源项目，贡献代码，学习经验的同时也能提高自己的技能。
   - 参加在线比赛和公开数据集上的机器学习竞赛，积累实战经验。

8. **持续学习与自我提升**：
   - 定期阅读机器学习的论文和书籍，了解最新的研究成果和发展趋势。
   - 关注AI行业动态，了解技术的发展和应用领域。
   - 参加线下或线上的机器学习课程和暑期学校，拓宽视野和知识面。

通过以上步骤的学习和实践，逐步积累机器学习的知识和经验，最终达到能够独立开发和应用机器学习模型的目的。
2025-06-07 16:42:22,716 - DEBUG - XiDian - Final reasoning response: 嗯，我要学习机器学习，可是对这个领域还不太了解。首先，我需要弄清楚机器学习到底是什么呢？好像是利用一些算法来让计算机学习数据，然后进行预测或者分类吧？那我应该从哪里开始呢？是不是先要了解一些基础的编程知识，比如Python或者R？我记得以前听说过Python在机器学习中很流行，所以可能先从Python学起。

接下来，我需要了解一下数学基础。因为听说机器学习背后有很多数学知识，比如线性代数、概率论和统计学。这些数学知识对理解算法很重要，要不然可能会遇到很多“黑箱”概念，理解不了是什么原理。所以，我得先学这些数学知识。可是，数学对我来说有点难，是不是有好的学习资源呢？比如说书本、在线课程或者视频教程？

然后是算法和模型。机器学习有很多不同的算法，比如线性回归、支持向量机、随机森林等等。这些算法有什么区别和联系呢？我应该先从基础的开始学起，比如线性回归，毕竟名字听起来挺简单的。然后逐步深入学习复杂的算法，同时实践这些算法，用Python实现，这样理论和实践相结合更好吧？

还有各种框架和技术，比如TensorFlow或者PyTorch，还有Pandas、Matplotlib这些工具。它们都是处理数据和整合模型之间的桥梁。不过，我对这些工具还不是很熟悉，不知道从哪里入手。是不是先学TensorFlow比较容易上手呢？或者PyTorch？听说PyTorch有自动微分优势，可能更强大一些，但学习曲线是不是更陡峭呢？

数据预处理也是机器学习的重要部分。数据可能并不干净，有很多缺失值、异常值或者需要归一化处理。我需要学习如何清洗数据，特征工程什么的，让数据更适合机器学习模型。这部分知识对我来说有点挑战，因为数据预处理看起来很具体，但实际操作起来会有很多细节。

机器学习的评价指标也需要掌握。比如准确率、精确率、召回率、F1分数等等，这些指标怎么计算，怎么用来评估模型的好坏呢？我记得有些指标特别适合分类问题，有些特别适合回归问题，我得知道怎么根据不同任务选择合适的指标。

然后，我应该尝试一些实际的项目，把学到的知识应用到实际问题中去。比如，我可以尝试根据身高和体重预测体重，或者根据邮件内容自动分类垃圾邮件。通过实际操作，我可以更好地理解和巩固知识。

不过，我担心自己缺乏耐心，可能会中途感到枯燥。有没有什么方法能够保持学习的动力呢？也许设定短期目标，比如每天学习1小时，完成一个小项目，这样可以慢慢积累成就感。

另外，有很多资料和社区，我可以利用这些资源来帮助学习。比如说，维基百科、Kaggle上的比赛数据、YouTube上的教程视频等等。遇到问题的时候，可以在Stack Overflow或者Reddit的相关版块寻求帮助，和他人交流也能加深理解。

不过，学习的速度和进度可能会不一致。有些地方可能需要更多的时间理解和实践，而有些地方可能比较快就能掌握。这时候，我需要学会调整自己的学习策略，比如针对卡住的地方多花时间，或者复习已经掌握的知识保持稳定性。

时间管理也是一个问题。我需要合理安排时间，确保每天都有固定的学习和实践时间，不要拖延或者过度劳累。这样做可以保持学习的连续性和效果。

总的来说，学习机器学习需要数学基础、编程技能、算法理解、数据处理以及项目实践。这些方面需要逐步掌握，互相 reinforcing。同时，通过不断的学习和实践，逐步提升自己的机器学习能力。我相信，只要坚持下去，就一定能够掌握这项技术。

2025-06-07 16:42:22,872 - DEBUG - XiDian - Final response: 

学习机器学习是一个系统化的过程，需要从基础知识到实践应用逐步掌握。以下是详细的指南：

### 1. 明确学习目标
确定你为什么会学习机器学习，是为了就业、学术研究还是个人兴趣。根据目标选择合适的学习路径。

### 2. 学习基础知识
- **编程基础**：
  - 学习 Python，尤其是常用库如 NumPy、Pandas、Matplotlib 和 Scikit-learn。
  - 掌握基本语法、数据结构和编程逻辑。

- **数学基础**：
  - **线性代数**：理解向量、矩阵、特征值等概念。
  - **概率与统计**：学习概率分布、假设检验、回归分析等。
  - **微积分**：掌握导数、梯度、优化方法等。

- **机器学习基础**：
  - 学习机器学习的定义、监督学习、无监督学习、半监督学习和强化学习。
  - 了解常见算法如线性回归、决策树、SVM、K-means 等。

### 3. 制定学习计划
- **阶段划分**：
  - 阶段 1：基础概念和数学学习。
  - 阶段 2：学习和实践基本算法。
  - 阶段 3：深入学习高级算法和应用。
  - 阶段 4：参与项目或竞赛，提升实战能力。

- **时间分配**：
  - 根据自身情况合理安排每天的学习时间，逐步推进。

### 4. 选择学习资源
- **在线课程**：
  - Coursera、 edX、Udacity、Kaggle Learn 和 Apache Institute 的机器学习课程。
  - 书籍推荐：《机器学习实战》、《Elements of Statistical Learning》等。

- **实践平台**：
  - Kaggle 提供丰富的数据集和竞赛，实践你的算法。
  - HackerRank、LeetCode 等平台提供编程练习。

### 5. 开始学习
- **第一步：学习编程基础**：
  - 将 NumPy、Pandas、Matplotlib 等库安装到电脑上。
  - 通过官方文档和 tutorials 学习基础操作。

- **第二步：掌握数学知识**：
  - 通过在线课程、书籍和练习题逐步理解数学概念。
  - 找到实际应用中的数学模型，加深理解。

- **第三步：学习机器学习算法**：
  - 从简单开始，如线性回归和决策树。
  - 使用 Python 的 Scikit-learn 库实践这些算法。

### 6. 实践与项目
- **实践**：
  - 使用 Kaggle 数据集尝试不同的算法。
  - 为项目生成报告和解释结果，提升分析能力。

- **项目构建**：
  - 选择一个你感兴趣的项目，如预测房价、识别手写数字等。
  - 通过一步步实现算法和优化模型，巩固知识。

### 7. 深入学习与提升
- **学习进阶算法**：
  - 学习深度学习、神经网络、自然语言处理等高级内容。
  - 探索 Kaggle 的比赛，学习优秀选手的解决方案。

- **加入社区**：
  - 加入 Reddit 的机器学习小组，Stack Overflow 交流编程问题。
  - 与他人讨论学习内容，提升应对复杂问题的能力。

### 8. 参与比赛和竞赛
- **机器学习竞赛**：
  - 参加 Kaggle、Handling Data 等平台的比赛，积累实战经验。
  - 根据比赛结果调整学习策略，提升模型性能。

### 9. 持续学习和更新知识
- **订阅 newsletters 和博客**：
  - 关注 Analytics Vidhya、Medium 的机器学习专栏。
  - 保持对新算法、新技术的关注与学习。

- **关注最新发展**：
  - 随着技术进步，了解最新的研究成果和应用案例。
  - 保持对学术论文、技术博客和会议报告的关注。

### 10. 不断实践和调整
- **实践 regularly**：
  - 每天花一定时间练习和实践，避免 plateau。
  - 持续改进个人代码和模型，积累经验。

- **保持积极心态**：
  - 如机器学习难度较大，不气馁，逐步深入学习。
  - 调整心态，享受学习和实践的过程。

### 11. 总结和反思
- 定期回顾自己的学习进展，发现不足的地方进行改进。
- 总结已经掌握的知识，思考如何继续提升。
- 参加学习分享会，与他人交流经验，拓宽视野。

通过这个系统化的学习过程，你能够逐步掌握机器学习的基础知识和实际应用，最终达到专业级的水平。记得，学习是一个持续的过程，保持好奇心和耐心，你会在机器学习的道路上取得 prescribing 的成果。
2025-06-07 16:42:22,881 - DEBUG - XiDian - Final reasoning response: 嗯，我最近对机器学习挺感兴趣的，但感觉有点 overwhelmed。不知道该如何开始学习，尤其是数学部分，好像有很多概念和公式。我应该先看看哪些地方是基础的部分，然后一步步来。可能可以从算法、模型、数据处理这些方面入手。而且，我觉得编程也是必要的，不知道要学 Python 还是其他的语言。听说 Python 在机器学习中很常见，专注于它可能更有效率。


首先，我需要了解机器学习的基本概念和框架。可能先看一些入门的资料和教程，跟着别人学，或者自己研究一些教程。然后，要熟悉 Python 的语法和常用库，比如 NumPy 和 Pandas，因为它们在数据处理中很重要。还有一部分数学知识，比如线性代数、概率统计，这些是机器学习的基础，得先搞明白。

接下来，我应该学习一些具体的机器学习算法，比如线性回归、决策树、支持向量机等。通过实践，写下代码，理解这些算法的工作原理。然后，尝试用这些算法来解决一些实际的问题或者数据集，看看效果如何。

我还不太清楚机器学习和传统统计分析的区别在哪里，可能需要对比一下，明确机器学习的特殊之处。另外，模型的评估也很重要，怎么评估一个模型的好坏呢？可能需要学习一些评估指标。

数据预处理和特征工程也是关键部分。如何处理缺失的数据，如何进行特征选择或降维，这些都是需要掌握的。数据集的划分，比如训练集、验证集、测试集，这些也是必须了解的。

如果想深入一点，可以了解一下深度学习的概念和基础，比如神经网络、卷积神经网络等。这些可能需要更多的数学知识和计算资源，比如 GPU 等。

持续学习和实践是非常重要的，可能需要经常复习知识，参加一些在线课程或者加入机器学习的社群，向别人请教，也有助于自我提升。同时，参与一些项目或竞赛，实际操作，积累经验。

不过，我担心自己数学基础不够好，可能会遇到很多困难。那怎么办呢？也许可以从基础的数学知识开始复习，比如线性代数、概率统计，花时间去理解这些概念，而不是急于上手算法和编程。

总之，学习机器学习是一个循序渐进的过程，需要系统地掌握基础知识，逐步深入，不断实践和验证，才能真正理解并掌握这一领域。

2025-06-07 16:42:22,988 - DEBUG - XiDian - 进入 get_experiment_record_details，整体实验ID: 1, 用户ID: 1
2025-06-07 16:42:22,992 - DEBUG - XiDian - 实验 1 共有 10 个步骤。
2025-06-07 16:42:22,993 - DEBUG - XiDian - 步骤 1: 找到记录 3，状态 'completed', 分数 95.0
2025-06-07 16:42:22,993 - DEBUG - XiDian - 步骤 2: 未找到对应记录，默认为 'pending', 分数 0.0
2025-06-07 16:42:22,994 - DEBUG - XiDian - 步骤 3: 未找到对应记录，默认为 'pending', 分数 0.0
2025-06-07 16:42:22,994 - DEBUG - XiDian - 步骤 4: 找到记录 1，状态 'completed', 分数 90.0
2025-06-07 16:42:22,994 - DEBUG - XiDian - 步骤 5: 未找到对应记录，默认为 'pending', 分数 0.0
2025-06-07 16:42:22,994 - DEBUG - XiDian - 步骤 6: 未找到对应记录，默认为 'pending', 分数 0.0
2025-06-07 16:42:22,994 - DEBUG - XiDian - 步骤 7: 未找到对应记录，默认为 'pending', 分数 0.0
2025-06-07 16:42:22,994 - DEBUG - XiDian - 步骤 8: 未找到对应记录，默认为 'pending', 分数 0.0
2025-06-07 16:42:22,994 - DEBUG - XiDian - 步骤 9: 未找到对应记录，默认为 'pending', 分数 0.0
2025-06-07 16:42:22,994 - DEBUG - XiDian - 步骤 10: 未找到对应记录，默认为 'pending', 分数 0.0
2025-06-07 16:42:23,165 - DEBUG - XiDian - 进入 get_experiment_record_details，整体实验ID: 1, 用户ID: 1
2025-06-07 16:42:23,167 - DEBUG - XiDian - 实验 1 共有 10 个步骤。
2025-06-07 16:42:23,168 - DEBUG - XiDian - 步骤 1: 找到记录 3，状态 'completed', 分数 95.0
2025-06-07 16:42:23,168 - DEBUG - XiDian - 步骤 2: 未找到对应记录，默认为 'pending', 分数 0.0
2025-06-07 16:42:23,168 - DEBUG - XiDian - 步骤 3: 未找到对应记录，默认为 'pending', 分数 0.0
2025-06-07 16:42:23,168 - DEBUG - XiDian - 步骤 4: 找到记录 1，状态 'completed', 分数 90.0
2025-06-07 16:42:23,169 - DEBUG - XiDian - 步骤 5: 未找到对应记录，默认为 'pending', 分数 0.0
2025-06-07 16:42:23,169 - DEBUG - XiDian - 步骤 6: 未找到对应记录，默认为 'pending', 分数 0.0
2025-06-07 16:42:23,169 - DEBUG - XiDian - 步骤 7: 未找到对应记录，默认为 'pending', 分数 0.0
2025-06-07 16:42:23,169 - DEBUG - XiDian - 步骤 8: 未找到对应记录，默认为 'pending', 分数 0.0
2025-06-07 16:42:23,169 - DEBUG - XiDian - 步骤 9: 未找到对应记录，默认为 'pending', 分数 0.0
2025-06-07 16:42:23,170 - DEBUG - XiDian - 步骤 10: 未找到对应记录，默认为 'pending', 分数 0.0
2025-06-07 16:42:23,675 - DEBUG - XiDian - Final response: 

### 学习机器学习的步骤和建议

学习机器学习是一个系统而复杂的过程，但你可以按照以下步骤逐步掌握：

1. ** Strengthen Mathematical Foundations**
   - **Linear Algebra**: Machine learning algorithms heavily rely on linear algebra. Focus on vectors, matrices, eigenvalues, and eigenvectors.
   - **Probability and Statistics**: Understand concepts like probability distributions, hypothesis testing, and confidence intervals.
   - **Calculus**: Learn about derivatives, gradients, and optimization techniques, which are fundamental to understanding how algorithms work.

2. **Master Programming Basics in Python**
   - **Python Basics**: Ensure you are comfortable with Python syntax, data structures, and control flow.
   - **Python Advanced Features**: Explore concepts like object-oriented programming, functions, and classes.
   - **Libraries**: Familiarize yourself with libraries like NumPy for numerical operations and Pandas for data manipulation.

3. **Learn Machine Learning Fundamentals**
   - **Introduction to Machine Learning**: Understand key terminologies like supervised learning, unsupervised learning, and reinforcement learning.
   - **Supervised Learning Algorithms**: Start with regression techniques (e.g., linear regression) and classification methods (e.g., logistic regression).
   - **Unsupervised Learning Algorithms**: Explore clustering techniques (e.g., K-means) and dimensionality reduction methods (e.g., PCA).

4. **Data Handling and Preprocessing**
   - **Data Cleaning**: Learn how to handle missing data, outliers, and categorical variables.
   - **Feature Engineering**: Understand how to create and select features that improve model performance.
   - **Data Transformation**: Explore techniques like scaling, normalization, and encoding to prepare data for machine learning models.

5. **Model Building and Evaluation**
   - **Model Selection**: Learn about different algorithms and how to choose the right one for your problem.
   - **Model Evaluation**: Understand evaluation metrics such as accuracy, precision, recall, F1-score, and ROC-AUC.
   - **Hyperparameter Tuning**: Learn techniques like grid search and random search to optimize model performance.

6. **Machine Learning Frameworks**
   - **Introduction to Frameworks**: Get acquainted with popular machine learning libraries and frameworks like Scikit-learn, TensorFlow, and Keras.
   - **Practical Implementation**: Apply these frameworks to build and train models on real datasets.

7. **Practice and Projects**
   - **Apply Concepts**: Work on practical projects to apply what you've learned. Start with simple projects and gradually move to more complex ones.
   - **Real-World Datasets**: Use datasets from sources like Kaggle to practice feature engineering and model deployment.
   - **Iterative Learning**: Continuously iterate over your models to improve their performance.

8. **Stay Updated and Explore Advanced Topics**
   - **Follow Cutting-Edge Research**: Keep up with the latest advancements in machine learning through journals, blogs, and conferences.
   - **Advanced Topics**: Explore deep learning, neural networks, and specialized models like CNNs, RNNs, and transformers if you're interested in more complex tasks.

9. **Community and Collaboration**
   - **Join Communities**: Participate in online communities like Kaggle, GitHub, and Reddit to learn from experienced practitioners.
   - **Collaborate and Learn**: Work with peers on projects to gain different perspectives and approaches to problem-solving.

10. **Continuous Learning and Application**
   - **Real-Time Applications**: Apply machine learning in real-world scenarios through internships, freelance projects, or personal applications.
   - **Continuous Improvement**: Stay committed to learning and improving your skills over time.
  
By following this structured approach and persistently applying your knowledge through practice and projects, you will gradually build a strong foundation in machine learning and enhance your ability to develop and deploy effective models.
2025-06-07 16:42:23,687 - DEBUG - XiDian - Final reasoning response: 嗯，学习机器学习看起来有点复杂，但是我还是想试着理解一下。首先，机器学习是一个广泛的技术领域，涵盖了从数据预处理到模型部署的多个方面。我觉得可以从基础的编程知识入手，因为很多机器学习算法都是基于编程实现的。

我记得之前学过Python，可能这对学习机器学习会有帮助。Python有很多机器学习的框架和库，比如说TensorFlow和PyTorch，这些工具让我能够更方便地构建和训练模型。但是，我还不太确定应该先学什么基础内容。

我想先从学习必要的数学知识开始。机器学习涉及到很多数学概念，比如线性代数、概率论和统计学，还有微积分。这对我来说有点挑战，因为我之前对数学了解得不深。不过，我觉得机器学习的核心思想可以用数学模型来描述，所以必须得把基础打牢。

然后，应该学习一些基本的编程技能。虽然我已经有一点Python的经验，但可能还需要掌握一些更高级的编程概念，比如面向对象编程、数据结构和算法。这些知识在机器学习中似乎也很重要。

接下来，我需要了解机器学习的基础概念和核心算法。比如，监督学习和无监督学习的区别，各种模型的基本原理和应用。我应该先从简单的算法开始，比如线性回归和逻辑回归，它们是很多复杂模型的基础。

另外，数据处理和预处理也是一个关键部分。机器学习模型的质量很大程度上取决于输入数据的质量。了解如何清洗数据、处理缺失值，以及进行特征工程，可以让模型表现得更好。

我还很想知道如何评估和优化模型。可能需要学习一些评估指标，比如准确率、精确率和召回率，以及如何通过调参或正则化来提高模型性能。评估模型的步骤和方法可能需要更多的实践才能理解和掌握。

另外，使用机器学习框架构建和部署模型也是必不可少的技能。虽然有很多工具，但对于一个新手来说，选择一个简洁易用的框架，比如scikit-learn或者XGBoost，可能会更容易上手。同时，了解如何进行模型的部署和部署后的维护，也是一个挑战。

实践是学习机器学习的最好方式。我可以尝试一些经典的项目，比如图像分类、 Natural Language Processing（NLP）任务，或者推荐系统。通过实际操作，可以更好地理解和应用所学的理论知识。

不过，机器学习的知识体系相当广泛，我需要找到一个合理的学习路径和方法。可能从基础的数学和编程开始，逐步掌握各种机器学习方法和应用。途中可能会遇到很多困难和挑战，但坚持下去，并结合大量的实践，应该是能够学会机器学习的。

总结一下，我需要做以下几点：

1. ** strengthen my foundation in mathematics, especially linear algebra, probability, and statistics.
2. Deepen my programming knowledge, especially in Python.
3. Learn the basics of machine learning concepts and algorithms.
4. Gain proficiency in data preprocessing and data manipulation.
5. Understand how to evaluate and optimize machine learning models.
6. Explore machine learning frameworks and tools.
7. Get hands-on experience through practical projects.

接下来，我应该制定一个学习计划和优先级，逐步实现这些目标。也许每天抽出一定时间专注于某一个方面，逐步推进。同时，寻找一些好的学习资源，比如在线课程、书籍和实践平台，帮助我更好地理解和掌握机器学习的知识。

嗯，听起来还是很系统的，但实际操作起来可能会遇到各种问题和挑战。但是我相信，只要努力学习，多加实践，就一定能够逐渐掌握机器学习的精髓。

2025-06-07 16:42:23,955 - DEBUG - XiDian - 进入 get_experiment_record_details，整体实验ID: 1, 用户ID: 1
2025-06-07 16:42:23,958 - DEBUG - XiDian - 实验 1 共有 10 个步骤。
2025-06-07 16:42:23,959 - DEBUG - XiDian - 步骤 1: 找到记录 3，状态 'completed', 分数 95.0
2025-06-07 16:42:23,959 - DEBUG - XiDian - 步骤 2: 未找到对应记录，默认为 'pending', 分数 0.0
2025-06-07 16:42:23,959 - DEBUG - XiDian - 步骤 3: 未找到对应记录，默认为 'pending', 分数 0.0
2025-06-07 16:42:23,960 - DEBUG - XiDian - 步骤 4: 找到记录 1，状态 'completed', 分数 90.0
2025-06-07 16:42:23,960 - DEBUG - XiDian - 步骤 5: 未找到对应记录，默认为 'pending', 分数 0.0
2025-06-07 16:42:23,960 - DEBUG - XiDian - 步骤 6: 未找到对应记录，默认为 'pending', 分数 0.0
2025-06-07 16:42:23,961 - DEBUG - XiDian - 步骤 7: 未找到对应记录，默认为 'pending', 分数 0.0
2025-06-07 16:42:23,961 - DEBUG - XiDian - 步骤 8: 未找到对应记录，默认为 'pending', 分数 0.0
2025-06-07 16:42:23,961 - DEBUG - XiDian - 步骤 9: 未找到对应记录，默认为 'pending', 分数 0.0
2025-06-07 16:42:23,961 - DEBUG - XiDian - 步骤 10: 未找到对应记录，默认为 'pending', 分数 0.0
2025-06-07 16:42:24,273 - DEBUG - XiDian - Final response: 

学习机器学习（Machine Learning）是一个系统性且需要耐心的过程。以下是一些逐步的学习方法和资源推荐，帮助你从入门到实践：

### 1. **基础知识打好**
   机器学习涉及到许多数学和计算机科学的知识。确保你对以下内容有扎实的理解：

   - **编程基础**：掌握 Python（推荐使用 Python，因为它非常适合机器学习）。
   - **数学基础**：
     - 高等数学：微积分、线性代数、概率论与统计。
     - 优化方法：了解梯度下降等优化算法。
   - **机器学习基础**：
     - 理解监督学习（Supervised Learning）、无监督学习（Unsupervised Learning）和强化学习（Reinforcement Learning）。
     - 了解常见的机器学习算法，如线性回归、逻辑回归、决策树、随机森林、支持向量机（SVM）、K均值聚类（K-Means）等。

### 2. **数据预处理**
   数据是机器学习的基础。学习如何处理数据，包括：
   - 数据清洗（ cleaning，处理缺失值、异常值等）。
   - 数据特征工程（ feature engineering，提取有用特征）。
   - 数据可视化（ visualization，如使用 Matplotlib 或 Seaborn）。
   - 数据归一化/标准化（ normalization/standardization）。
   - 数据集划分（ train-test split）。

### 3. **学习机器学习算法**
   机器学习算法可以从简单到复杂逐步学习：
   - **基础算法**：
     - 线性回归（Linear Regression）。
     - 逻辑回归（Logistic Regression）。
     - 决策树（Decision Tree）。
     - 随机森林（Random Forest）。
   - **中等复杂度算法**：
     - 支持向量机（SVM）。
     - K均值聚类（K-Means）。
     - 朴素贝叶斯（Naive Bayes）。
   - **高级算法**：
     - 神经网络（Neural Networks）和深度学习（Deep Learning）。

### 4. **实践项目**
   机器学习的最佳学习方式是做项目。从简单的机器学习项目开始，逐步积累经验：
   - **数据集选择**：从 Kaggle、UCI Machine Learning Repository 等平台获取数据集。
   - **项目目标**：
     - 分类任务：如识别手写数字、分类疾病。
     - 回归任务：如房价预测。
     - 聚类任务：如顾客细分。
   - **工具使用**：
     - 使用 Python 库（如 Scikit-learn、TensorFlow、Keras 等）。
     - 可视化工具：如 Matplotlib、Seaborn、Plotly。
     - 数据处理工具：如 Pandas。

### 5. **学习资源**
   以下是一些学习和实践机器学习的推荐资源：
   - **书籍**：
     - 《机器学习》（Machine Learning by Tom Mitchell）。
     - 《深 =[End](#)度学习和大触（Deep =[End](#) Learning and Big Data）》。
     - 《Hands-On Machine Learning with Scikit-Learn and Scipy》。
   - **在线课程**：
     - Coursera：Andrew Ng 的《机器学习》课程。
     - Udemy：机器学习、深度学习等。
     - edX：机器学习 由麻省理工学院和哈佛大学合办。
   - **网站和博客**：
     - Kaggle（实践项目和竞赛）。
     - Medium（AI 和机器学习相关的文章）。
     -Towards Data Science（KDnuggets）。
   - **视频教程**：
     - YouTube：3Blue1Brown 的“Essence of Deep Learning”系列。
     - Sentdex（机器学习与深度学习教学）。

### 6. **实践平台**
   为了快速实践你的学习，可以使用以下平台：
   - Kaggle：提供各种机器学习竞赛和数据集。
   - HackerRank：专注于算法和机器学习的编程练习。
   - Codecademy：提供机器学习课程和项目。
   - LeetCode：练习算法题和机器学习基础。

### 7. **持续学习与社区参与**
   机器学习是一个快速发展的领域。为了保持学习脚步，建议：
   - 定期复习基础知识。
   - 参与机器学习社区（如Stack Overflow、Reddit 的机器学习子版块等）。
   - 参加机器学习会议和Workshop。
   - 读最新的论文和研究。

### 8. **实践与反思**
   在实践中，关键是不断尝试和反思：
   - 尝试不同的算法和参数。
   - 了解模型的优缺点和适用场景。
   - 学会从数据中提取有用信息。
   - 总结经验，优化流程。

### 9. **项目积累**
   每个项目都是积累经验的好机会。从简单到复杂，逐步积累：
   - 首先尝试 Kaggle 上的基准模型。
   - 尝试使用 Scikit-learn 的预设模型。
   - 最后，尝试自己设计和实现新的模型。

### 10. **保持耐心**
   机器学习道路漫长且不易，不要急于求成。每一步都是一次学习的机会。坚持下去，你一定会有所收获。

### 总结
学习机器学习需要**理论与实践结合**，**循序渐进**，并**不断反思和优化**。通过系统的学习、实践项目和持续的自我提升，你可以逐渐掌握机器学习的核心思想和方法。
2025-06-07 16:42:24,301 - DEBUG - XiDian - Final reasoning response: 好的，用户的问题是“如何学习机器学习”。首先，我应该理解用户的需求。用户可能是一个刚开始对机器学习感兴趣的人，想要了解学习的步骤和方法。

我应该考虑用户可能的背景。他们可能有一定的编程基础，但不太确定从哪里开始。或者，他们可能对机器学习的复杂性感到不知所措，担心自己无法入门。

接下来，我需要分解学习机器学习的步骤。首先，可能需要掌握基础知识，比如数学、编程技能和机器学习的基本概念。然后，开始项目实践，找到合适的学习资源，比如在线课程、书籍和文档。同时，积累项目经验也是很重要的。

我还应该考虑到用户可能的时间和资源限制。因此，提供一些资源推荐和学习路径是比较有帮助的。同时，提醒用户注意避免常见的误区，比如过度追求复杂模型或者忽略数学基础。

在思考过程中，我还应该考虑用户的学习风格。他们可能喜欢自学，或者喜欢跟着课程学习。因此，提供多种学习方式会更好。

另外，用户可能对评估模型性能不太熟悉，所以提供建议使用机器学习平台如Kaggle进行实践也是一个好主意。

最后，总之，我要确保提供一个全面、有条理且易于理解的学习路线，让用户能够逐步掌握机器学习的技能。同时，鼓励用户持续学习和实践，因为机器学习是一个不断发展的领域。

2025-06-07 16:42:24,551 - DEBUG - XiDian - 进入 get_experiment_record_details，整体实验ID: 1, 用户ID: 1
2025-06-07 16:42:24,554 - DEBUG - XiDian - 实验 1 共有 10 个步骤。
2025-06-07 16:42:24,555 - DEBUG - XiDian - 步骤 1: 找到记录 3，状态 'completed', 分数 95.0
2025-06-07 16:42:24,555 - DEBUG - XiDian - 步骤 2: 未找到对应记录，默认为 'pending', 分数 0.0
2025-06-07 16:42:24,555 - DEBUG - XiDian - 步骤 3: 未找到对应记录，默认为 'pending', 分数 0.0
2025-06-07 16:42:24,555 - DEBUG - XiDian - 步骤 4: 找到记录 1，状态 'completed', 分数 90.0
2025-06-07 16:42:24,555 - DEBUG - XiDian - 步骤 5: 未找到对应记录，默认为 'pending', 分数 0.0
2025-06-07 16:42:24,556 - DEBUG - XiDian - 步骤 6: 未找到对应记录，默认为 'pending', 分数 0.0
2025-06-07 16:42:24,556 - DEBUG - XiDian - 步骤 7: 未找到对应记录，默认为 'pending', 分数 0.0
2025-06-07 16:42:24,556 - DEBUG - XiDian - 步骤 8: 未找到对应记录，默认为 'pending', 分数 0.0
2025-06-07 16:42:24,556 - DEBUG - XiDian - 步骤 9: 未找到对应记录，默认为 'pending', 分数 0.0
2025-06-07 16:42:24,556 - DEBUG - XiDian - 步骤 10: 未找到对应记录，默认为 'pending', 分数 0.0
2025-06-07 16:42:24,696 - DEBUG - XiDian - Final response: 

学习机器学习需要遵循系统化的步骤，结合理论知识和实践应用。以下是一个详细的指南：

### 1. 确定学习目标
- **短期目标**：了解机器学习的基本概念和常见算法。
- **长期目标**：掌握高级机器学习技术，能够实现复杂的模型和解决实际问题。

### 2. 学习基础知识
- **编程基础**：
  - 学习Python，它是机器学习的首选语言。
  - 掌握基本的编程概念：变量、数据结构（列表、字典、元组等）、条件语句、循环。
- **数学知识**：
  - **线性代数**：理解向量、矩阵、特征值等概念。
  - **统计学**：学习均值、方差、分布、假设检验等。
  - **微积分**：掌握导数、梯度、积分等基本概念。
- **机器学习理论**：
  - 学习监督学习、无监督学习、强化学习等基本概念。

### 3. 学习机器学习库和工具
- **Python机器学习库**：
  - **NumPy**：用于高效数值计算。
  - **Pandas**：用于数据处理和分析。
  - **Matplotlib**/**Seaborn**：用于数据可视化。
  - **Scikit-learn**：机器学习的核心库，提供了许多算法和评估指标。
  - **Scrapy**/**BeautifulSoup**：用于数据获取。
  - **TensorFlow**/**PyTorch**：深度学习框架。

### 4. 学习机器学习算法
- 按难度和复杂性分类：
  - 线性回归、Logistic回归：基础算法。
  - 决策树、随机森林、梯度提升机（GBM）：基于树的模型。
  - 支持向量机（SVM）：分类和回归的强大的方法。
  - K-邻近算法（KNN）：基于实例的学习方法。
  - K-means：聚类算法。
  - 神经网络：深度学习的基础。
  - 自然语言处理（NLP）：处理文本数据的算法。
  - 图像处理： convolutional neural networks (CNN)等。

### 5. 实践与项目
- **开始构建第一个项目**：
  - **数据收集**：使用Scrapy或Kaggle的数据集。
  - **数据预处理**：清理数据、填补缺失值、特征工程。
  - **选择模型**：根据问题选择合适的算法。
  - **模型训练**：使用Scikit-learn或TensorFlow进行训练。
  - **模型评估**：使用准确率、精确率、召回率、F1分数等评估模型性能。
  - **模型调优**：通过网格搜索、超参数调优来优化模型。
- **数据可视化**：使用Matplotlib或Seaborn展示结果。
- **部署模型**：使用Flask或Django将模型转换为可集成的应用。

### 6. 进一步学习与资源
- **书籍**：
  - 《机器学习实战》（Python实现）。
  - 《deep learning》（Goodfellow等著）。
  - 《机器学习》（ surround ）。
- **在线课程**：
  - Kaggle Learn（机器学习入门课程）。
  - Coursera上的Andrew Ng的《机器学习》。
  - Udacity的《机器学习工程师 Nanodegree》。
  - edX上的机器学习课程。
- **会议与社区**：
  - 关注机器学习会议（如NeurIPS, ICML, CVPR）。
  - 参与机器学习论坛（如Kaggle、Reddit机器学习小组）。
  - 加入当地的机器学习小组或社区。

### 7. 持续学习与实践
- **订阅教程**：
  - 定期订阅机器学习的新闻简报（如Kaggle Kernel）。
  - 关注GitHub上的机器学习项目和教程。
- **构建个人网站**：
  - 介绍自己的机器学习项目和博客。
- **分享与合作**：
  - 在论坛和技术会议上分享自己的学习和实践。
  - 与朋友合作开发项目。

### 8. 克服挑战
- **集中解决一个问题**：
  - 离线阅读文档，理解API和用法。
  - 制定详细的步骤来执行代码。
  - 进行调试和错误处理。
  - 寻找开源项目学习和贡献。

### 9. 真实世界的应用
- **参与实际项目**：
  - 工作室或企业项目。
  - 贡献到开源项目。
  - 在Kaggle竞赛中参赛。
  - 分析实际数据集。

### 10. 保持耐心和持续学习
- **持续学习**：
  - 关注新技术和新算法，如强化学习、生成对抗网络（GAN）、 transformers等。
- **保持动力**：
  - 设置学习目标，分阶段完成。
  - 稳定的学习时间，逐步积累经验。

通过以上步骤，你可以逐步掌握机器学习的基础知识和实践技能，最终达到独立开发和应用机器学习模型的目的。无论是进入相关行业还是应用到个人项目中，这个过程都将奠定坚实的理论基础和实践能力。
2025-06-07 16:42:24,701 - DEBUG - XiDian - Final reasoning response: 嗯，如何学习机器学习呢？首先，我需要了解机器学习是什么，它是属于人工智能的一部分吗？然后，我应该学习哪些基础知识呢？比如数学、编程、机器学习理论等等。我记得有一些编程语言常用在机器学习中，比如Python和R，我应该先学Python吗？然后，我还需要学一些库，像NumPy和Pandas，这些库在处理数据时非常强大。

但是，我对编程还不是很熟悉，我应该从基础的编程概念开始学起，比如变量、函数、循环、条件语句等等。同时，数学知识也很重要，比如线性代数、统计学、微积分，这些都是机器学习的基础。我还得找到好的学习资源，可能是在线课程、书籍或者文档。Kaggle平台有很多机器学习的教程和比赛，我可以多练习一下。另外，搭建一个机器学习项目也是很重要的，可以理解整个流程和机器学习模型的工作原理。

但是，我担心自己会不会理解不了复杂的算法，比如神经网络或者支持向量机。也许我可以先了解基础的算法，再逐步深入学习复杂的模型。同时，寻找志同道合的朋友或者加入学习小组，互相交流分享经验也是个好主意。还有，持续学习和实践很重要，可以通过参加比赛、发布项目或者分享知识来提升自己。

总之，学习机器学习是一个系统性和耐心的过程，需要逐步积累知识和实践，不断改进和优化自己的能力。

2025-06-07 16:42:24,940 - DEBUG - XiDian - 进入 get_experiment_record_details，整体实验ID: 1, 用户ID: 1
2025-06-07 16:42:24,944 - DEBUG - XiDian - 实验 1 共有 10 个步骤。
2025-06-07 16:42:24,945 - DEBUG - XiDian - 步骤 1: 找到记录 3，状态 'completed', 分数 95.0
2025-06-07 16:42:24,945 - DEBUG - XiDian - 步骤 2: 未找到对应记录，默认为 'pending', 分数 0.0
2025-06-07 16:42:24,945 - DEBUG - XiDian - 步骤 3: 未找到对应记录，默认为 'pending', 分数 0.0
2025-06-07 16:42:24,946 - DEBUG - XiDian - 步骤 4: 找到记录 1，状态 'completed', 分数 90.0
2025-06-07 16:42:24,946 - DEBUG - XiDian - 步骤 5: 未找到对应记录，默认为 'pending', 分数 0.0
2025-06-07 16:42:24,946 - DEBUG - XiDian - 步骤 6: 未找到对应记录，默认为 'pending', 分数 0.0
2025-06-07 16:42:24,947 - DEBUG - XiDian - 步骤 7: 未找到对应记录，默认为 'pending', 分数 0.0
2025-06-07 16:42:24,947 - DEBUG - XiDian - 步骤 8: 未找到对应记录，默认为 'pending', 分数 0.0
2025-06-07 16:42:24,947 - DEBUG - XiDian - 步骤 9: 未找到对应记录，默认为 'pending', 分数 0.0
2025-06-07 16:42:24,948 - DEBUG - XiDian - 步骤 10: 未找到对应记录，默认为 'pending', 分数 0.0
2025-06-07 16:42:25,063 - DEBUG - XiDian - Final response: 

学习机器学习需要计划和坚持，以下是Formatted的学习计划和建议：

### 学习计划秘籍

1. **打好数学基础**
   - **复习Python编程**：确保对Python的基础语法和编程思维有牢固掌握，可以通过在线课程和练习巩固。
   - **强化线性代数**：熟悉向量、矩阵运算等，尤其是其在机器学习中的应用。
   - **掌握概率统计**：理解概率、统计和分布理论，为机器学习模型的分析提供基础。
   - **学习优化算法**：如梯度下降，理解其原理和应用，尤其是与机器学习模型训练相关的内容。

2. **掌握数据处理与分析**
   - **学习Pandas和NumPy**：这些库在数据处理和分析中非常强大，掌握它们能更高效地处理数据。
   - **数据清洗和预处理**：了解如何处理缺失值、重复数据以及数据转换等常见问题。
   - **数据可视化**：使用Matplotlib和Seaborn等工具，了解如何通过图表更好地理解和分析数据。

3. **学习机器学习算法**
   - **监督学习**：从基础的线性回归、逻辑回归、支持向量机、决策树等算法开始学习。
   - **无监督学习**：理解聚类分析、主成分分析等算法的原理和应用场景。
   - **强化学习基础**：了解基本的概念和简单应用，如游戏控制问题。

4. **实践与项目**
   - **实践课程**：参加MOOC（如Coursera、edX）上的机器学习课程，结合书籍《机器学习实战》和《动手学机器学习与Scikit-learn》学习。
   - **参与Kaggle竞赛**：通过Kaggle平台进行各种机器学习竞赛，积累实际经验。
   - **自行项目**：选择一个感兴趣的领域，如图像识别、推荐系统，自行开发微项目加深理解。

5. **工具与 frameworks**
   - **PyTorch或TensorFlow**：学习深度学习框架，逐步掌握模型构建和训练的技巧。
   - **Scikit-learn**：熟悉其机器学习算法和工具，用于快速模型部署和评估。

6. **持续学习与社区参与**
   - **阅读相关书籍和博客**：深入理解机器学习的理论和实践。
   - **加入学习社区**：参与如Stack Overflow、Reddit等机器学习社区，与同行交流。
   - **参加线下或线上的会议和Workshop**：拓展视野，学习前沿知识。

7. **保持耐心和持续学习**
   - **分阶段学习**：逐步掌握从基础概念到深度学习的全套知识。
   - **展望未来**：关注机器学习的最新发展，如强化学习、生成对抗网络等，保持学习热情和兴趣。

通过系统的学习和不断的实践，逐步掌握机器学习的所需知识和技能。虽然过程可能会遇到许多挑战，但坚持下来，耐心探索，你一定能够在机器学习的领域有所成就。
2025-06-07 16:42:25,078 - DEBUG - XiDian - Final reasoning response: 今天我决定开始学习机器学习，但我对这个领域感到有些无措。首先，我听说过机器学习是一个非常广泛和复杂的领域，涉及各种算法、编程技术和数据分析。我想先了解到底需要哪些基础知识才能入门。

我记得有一次上过基础的编程课，掌握了一些Python的基本语法，但现在这些知识已经有些久了，可能会有些生疏。这可能成为我学习机器学习的一个障碍。我有点担心会不会因为编程基础不够而导致后面学起来困难。

除了编程，数学也是一个关键点。在机器学习中，很多算法都是基于数学模型的，比如线性代数、概率统计和优化算法等。我虽然在数学方面有一定基础，但可能需要重新复习这些知识，并将它们应用到机器学习中去。比如，理解线性回归需要数学中的最小二乘法，而知道概率统计可以帮助我更好地理解分类算法。

我还知道，数据处理和分析也是机器学习的核心部分。我需要学会如何清洗和预处理数据，因为机器学习算法对数据的质量要求很高。如果数据有缺失值或噪声，往往会影响算法的性能。此外，特征工程也是很重要的，选择和提取合适的特征能够显著提高模型的效果。

然后是机器学习算法本身。机器学习有监督学习、无监督学习和强化学习等不同的学习方式。监督学习包括分类和回归问题，而无监督学习则涉及聚类和降维。我知道线性回归、逻辑回归、支持向量机、决策树等都是监督学习中的常用算法。但对于这些算法的具体原理、应用场景以及如何选择合适的算法，我还需要更深的理解和实践。

我记得有一个知名的数据分析工具，叫做Pandas，它可以帮助我高效地处理和分析数据。学习Pandas和NumPy应该能为我的数据处理工作打下坚实的基础。此外，可视化工具如Matplotlib和Seaborn也很重要，能够帮助我更好地理解数据分布和模型表现。

我还听说过Scikit-learn这个机器学习框架，它提供了很多现成的算法和工具，方便我快速开发和测试模型。学习Scikit-learn是一个不错的选择，它可以帮助我将理论知识应用于实践中。

开始学习的过程可能需要耐心和 persistence。机器学习有很多复杂的概念和算法，我可能会遇到很多困难和挑战，但这些都是学习过程中的一部分。我计划每周分配固定的时间来学习和实践，比如早晨和晚上各两次，每次学习几个新的概念，完成一些相关的练习和项目。

我还想到，实践是学习机器学习不可或缺的部分。仅仅理解理论是不够的，我需要通过实际操作来巩固和应用所学的知识。我可以尝试自己动手实现一些基础的机器学习算法，或者参与一些机器学习项目，利用Kaggle等平台上的数据集进行训练和测试。

不过，我担心自己时间不够或者项目选择不当，可能会放弃学习。因此，我需要制定一个详细的学习计划，将不同的阶段和目标明确化。比如，第一周集中学习Python编程基础和数学基础，第二周学习数据处理和分析工具，第三周开始了解和学习机器学习的基本算法，最后一周进行一些实际项目实践，巩固所学的内容。

此外，我还需要找到一个好的学习资源和社区支持。有很多优秀的书籍、在线课程和资源可以帮助我学习机器学习。比如，推荐书籍《机器学习实战》和《动手学机器学习与Scikit-learn》；在线平台如Coursera、 edX 和Kaggle Learning也提供了丰富的课程和项目。

在这个过程中，我可能会遇到一些瓶颈和误解，比如如何选择合适的算法、如何调整模型参数等。这时候，我需要主动寻求帮助，或者参考相关的学习资料，逐步解决这些问题。同时，与同学或已经在学习机器学习的朋友交流，也能帮助我更好地理解和应用相关的知识。

想起来，我认为制定一个详细的学习计划，逐步掌握所需的知识和技能，通过不断的实践和项目完成，就能逐步掌握机器学习的基础和应用。虽然过程可能会遇到很多困难，但坚持下去，耐心学习，我相信自己能够掌握这个复杂的领域。

2025-06-07 16:42:25,302 - DEBUG - XiDian - 进入 get_experiment_record_details，整体实验ID: 1, 用户ID: 1
2025-06-07 16:42:25,304 - DEBUG - XiDian - 实验 1 共有 10 个步骤。
2025-06-07 16:42:25,305 - DEBUG - XiDian - 步骤 1: 找到记录 3，状态 'completed', 分数 95.0
2025-06-07 16:42:25,306 - DEBUG - XiDian - 步骤 2: 未找到对应记录，默认为 'pending', 分数 0.0
2025-06-07 16:42:25,306 - DEBUG - XiDian - 步骤 3: 未找到对应记录，默认为 'pending', 分数 0.0
2025-06-07 16:42:25,306 - DEBUG - XiDian - 步骤 4: 找到记录 1，状态 'completed', 分数 90.0
2025-06-07 16:42:25,306 - DEBUG - XiDian - 步骤 5: 未找到对应记录，默认为 'pending', 分数 0.0
2025-06-07 16:42:25,306 - DEBUG - XiDian - 步骤 6: 未找到对应记录，默认为 'pending', 分数 0.0
2025-06-07 16:42:25,307 - DEBUG - XiDian - 步骤 7: 未找到对应记录，默认为 'pending', 分数 0.0
2025-06-07 16:42:25,307 - DEBUG - XiDian - 步骤 8: 未找到对应记录，默认为 'pending', 分数 0.0
2025-06-07 16:42:25,307 - DEBUG - XiDian - 步骤 9: 未找到对应记录，默认为 'pending', 分数 0.0
2025-06-07 16:42:25,307 - DEBUG - XiDian - 步骤 10: 未找到对应记录，默认为 'pending', 分数 0.0
2025-06-07 16:42:25,569 - DEBUG - XiDian - Final response: 

学习机器学习是一个有挑战性的但非常 rewarding的过程。以下是一个系统的学习计划和资源推荐，帮助您从零开始进入机器学习领域：

---

### **第一步：理解机器学习的基础概念**

**核心知识点：**
- 什么是机器学习？
- 学习类型：监督学习、无监督学习、半监督学习和强化学习。
- 应用场景：图像识别、自然语言处理、推荐系统等。
- 基本术语：特征、标签、训练集、测试集等。

**学习资源：**
- **书籍**：《机器学习入门》（An Introduction to Machine Learning）。
- **在线教程**：唐宇迪的《机器学习实战》。
- **视频课程**：MIT OpenCourseWare的安全学习导论或Andrew Ng的Coursera课程《机器学习》。

**建议：** 通过阅读书籍和观看视频来构建对机器学习的整体理解。

---

### **第二步：掌握编程基础和必要的工具**

**核心知识点：**
- 编程基础：Python、R、Java等。
- 工具：Jupyter Notebook、NumPy、Pandas、Matplotlib等。
- 数据科学框架（工具）：Scikit-learn、TensorFlow、Keras等。

**学习资源：**
- **Python教程**：Python官方文档或《Python编程：从入门到实践》。
- **Jupyter Notebook入门教程**。
- **视频教程**：3分26秒掌握Python基本语法，或自动化 oncsource开发。

**建议：** 通过在线教程和实践项目来巩固Python编程和工具使用。

---

### **第三步：学习数学基础**

**核心知识点：**
- 线性代数：向量、矩阵、行列式。
- 高等数学：微积分、导数和梯度。
- 概率论和统计学：概率分布、均值、方差等。
- 优化方法：梯度下降算法。

**学习资源：**
- **在线课程**：Khan Academy的数学基础，或Coursera上的矩阵数学课程。
- **书籍**：《深度学习的数学》（数学基础）。

**建议：** 数学是机器学习的核心，通过系统的数学课程来打好数学基础。

---

### **第四步：学习机器学习算法入门**

**核心知识点：**
- 监督学习：回归（线性回归、多项式回归）、分类（逻辑回归、支持向量机）。
- 无监督学习：聚类（K-means）、降维（PCA）。
- 基于树的方法：决策树、随机森林。
- 未监督学习：主成分析、降维技术。

**学习资源：**
- **书籍**：《机器学习 Harold》。
- **视频教程**：Coursera上的机器学习课程。
- **实践项目**：使用Scikit-learn进行分类或回归任务。

**建议：** 搭配代码实践，如用Jupyter Notebook处理实际数据集。

---

### **第五步：机器学习项目实战**

**核心知识点：**
- 数据预处理：缺失值处理、数据归一化（标准化、归约）。
- 特征工程：工程特征和提取特征。
- 模型评估：准确率、精确率、召回率、F1评分、AUC-ROC曲线。
- 交叉验证：K折交叉验证。

**学习资源：**
- **数据集**：Kaggle上的数据集（如Titanic数据集、San Francisco犯罪数据集）。
- **实践项目**：在Kaggle上提交预测模型，参考机器学习比赛中的解决方案。

**建议：** 选择一个有挑战性的项目（如房价预测）并逐步实现。

---

### **第六步：深入学习进阶算法和概念**

**核心知识点：**
- 深度学习：神经网络、卷积神经网络（CNN）、循环神经网络（RNN）。
- 生成模型：GAN、VAE。
- 强化学习：Q学习、深度Q网络（DQN）。
- 超监督学习：半监督学习、无标签学习。

**学习资源：**
- **书籍**：《深度学习》（Goodfellow等著）。
- **视频教程**：DeepLearning.AI的Coursera课程。
- **实践项目**：使用TensorFlow或PyTorch处理图像或文本数据。

**建议：** 随着技术发展，逐步深入学习更高级的算法，结合最新的开源工具和框架。

---

### **第七步：参加实际项目和加入社区**

**建议：**
- **加入社区**：参与Kaggle、GitHub上的机器学习项目，与他人交流学习。
- **分享经验**：在机器学习论坛（如知乎、 Stack Overflow）提问和回答问题。
- **持续学习**：订阅圻器学习博客、关注技术公众号，学习最新的技术和实践。

---

### **第八步：持续学习和提升**

**建议：**
- 定期复习和巩固已学知识。
- 关注新技术和新方法，及时更新能力。
- 制定学习计划，逐步深入学习更复杂的主题。

---

### **总结：**

学习机器学习是一个连续的过程，从基础到实践，逐步提升。制定一个合理的计划，结台个人兴趣和职业目标，选择合适的学习资源，并积极参与实践项目，是成功的关键。前方的路可能会遇到困难和挑战，但只要坚持和不断学习，您一定能掌握机器学习的核心知识，并在实践中取得好成绩。
2025-06-07 16:42:25,590 - DEBUG - XiDian - Final reasoning response: 嗯，我现在对机器学习挺感兴趣的，但感觉有点不知道从哪里开始。首先，我应该了解一下什么是机器学习，它主要做什么，是训练电脑去学习吗？听说机器学习在很多领域都有应用，比如自动驾驶、anksungung.split!*（打错字了，应该是anksungung那一块吧）、金融分析什么的。这些应用听起来很酷，但是具体是怎么实现的呢？

然后，关于学习资源，我应该从哪里开始呢？听说有很多书籍和在线课程，像《机器学习实战》和Coursera上的课程都很推荐。但是买书要花钱，不知道有没有免费的资源可以利用。另外，个人觉得编程基础应该很重要，像Python、R这些编程语言在机器学习中用得很多。我有点Python基础，但需要巩固一下， flirting withJupyter Notebook之类的工具。

还有，学习理论部分，比如机器学习的算法原理、评估方法，这些听起来有点复杂。我需要先从基础概念开始，逐步深入吗？会不会很难？有没有什么具体的学习步骤或者计划可以让我系统地学习？

最后，项目实战是不是很重要？听说一个人实践才能真正掌握这些技术。但是自己一个人做项目会不会比较困难，有没有什么团队协作或者指导的方法？

看来机器学习的学习路径虽然复杂，但我还是想一步一步来，先打好数学基础，再学编程，然后掌握基本算法，最后通过项目来巩固知识。希望我能找到合适的学习资源和方法，顺利入门机器学习领域。

2025-06-07 16:42:25,591 - DEBUG - XiDian - Final response: 

学习机器学习需要系统化的方法和持续的努力。以下是一些学习机器学习的建议和步骤，帮助你从基础到进阶逐步掌握：

---

### **1. 学习基础知识**
机器学习是一个多学科交叉的领域，涉及数学、算法和编程。首先打好基础。

#### （1）数学基础
机器学习的核心依赖数学知识，尤其是如下领域：
- **线性代数**：理解向量、矩阵、特征值等，因为机器学习模型通常使用矩阵运算。
- **概率与统计**：理解随机变量、分布、假设检验等，用于数据预处理和模型评估。
- **微积分**：理解梯度、导数、优化算法，用于机器学习模型训练。
- **优化算法**：了解梯度下降、牛顿法等，用于模型参数优化。

#### （2）算法基础
了解常见的机器学习算法，知道它们的应用场景和背后的原理。
- **监督学习**：分类（如逻辑回归、决策树、支持向量机）和回归（如线性回归、岭回归）。
- **无监督学习**：聚类（如 K-means、层次聚类）和降维（如 PCA、t-SNE）。
- **半监督学习和强化学习**：了解更具复杂性的场景。

#### （3）编程基础
机器学习框架通常基于 Python，掌握基础编程概念和常用库：
- **Python**：掌握数据结构（列表、字典、元组、集合）、条件语句、循环、函数等。
- **numpy**：用于高效数值计算。
- **pandas**：用于数据处理和分析。
- **scikit-learn**：机器学习的经典库。
- **tensorflow/keras/tf**：深度学习的主要框架。

---

### **2. 了解机器学习流程**
机器学习是一个系统性的流程，包括以下步骤：
1. **数据收集**：获取原始数据（可以通过爬虫、 Cesare、Kaggle 等平台获取）。
2. **数据预处理**：清洗数据（去重、填充缺失值）、特征工程（创建、归一化）。
3. **模型选择**：根据业务需求选择合适的算法。
4. **模型训练**：利用训练数据fit模型。
5. **模型调优**：通过交叉验证、超参数调整等提升模型性能。
6. **模型评估**：使用准确率、召回率、F1 分数等指标评估模型效果。
7. **模型部署**：将模型集成到实际应用中。

---

### **3. 从基础到进阶的实践项目**
通过实践掌握机器学习的具体应用。以下是一些推荐的实践项目：
- **预测房价**：利用 house price dataset 预测房屋价格。
- **手写数字识别**：利用 MNIST 数据集学习分类。
- **图像分类**：利用 CIFAR-10 或 Fashion MNIST 数据集。
- **文本分类**：利用 imbalance dataset 或 Reuters 数据集进行分类。
- **推荐系统**：基于电影、商品等数据实现协同过滤。

---

### **4. 扩展数学知识**
机器学习中的许多算法涉及数学推导，尤其是理解线性回归、决策树、神经网络等算法。

#### （1）数学推导
- **线性回归**：最小二乘法、正规方程。
- **支持向量机（SVM）**：几何间隔、拉格朗日乘数法。
- **决策树**：熵、信息增益。
- **神经网络**：链式法则、反向传播。

#### （2）数学练习
- 每个算法尝试从数学公式推导到代码实现。
- 推荐《Pattern Recognition and Machine Learning》、《机器学习数学rx》等书籍。

---

### **5. 深入研究特定领域**
如果你对某些领域（如计算机视觉、自然语言处理、强化学习）特别感兴趣，可以深入学习。
- **深度学习**：学习深度神经网络、卷积神经网络（CNN）、循环神经网络（RNN）等。
- **自然语言处理（NLP）**：学习词嵌入（word2vec、BERT）、注意力机制。
- **推荐系统**：学习协同过滤、矩阵分解等技术。
- **强化学习**：学习 Q 学习、深度 Q 网络（DQN）等。

---

### **6. 学会实践与迭代**
#### （1）生成项目
建立自己的 repository，使用 Git 进行版本控制。
- 上传到 GitHub 并分享。
- 创建详细的 README 文件，说明项目的目的、使用说明、数据集等。

#### （2）分享与交流
- 在 Kaggle、Google Colab、Hacker News 等平台分享你的项目。
- 参与社区 Like、Star 和评论，关注专家问题。
- 到回收站（Stack Overflow）提问和回答问题。
- 关注AI团体（如ţi杨 neuron）的教程和ниningen。

---

### **7. 持续学习与提升**
机器学习是一个快速 evolving 的领域，保持学习是关键。
- 关注机器学习的最新动态、比赛（如 Kaggle）和排行榜。
- 参加机器学习社区的会议和 Summer School。
- 不断挑战更难的项目，提升自己的能力。

---

### **总结**
学习机器学习需要从打好基础知识、掌握流程、实践项目、扩展数学知识、深入特定领域，到持续学习等多个步骤。以下是一个学习路径的参考：

1. 学习基础编程和数学知识。
2. 掌握常见的机器学习算法。
3. 通过项目实践巩固知识。
4. 深入研究特定领域。
5. 参与社区和持续学习。

坚持下去，机器学习的知识和技能会逐步提升！
2025-06-07 16:42:25,621 - DEBUG - XiDian - Final response: 

### 学习机器学习的步骤指南

1. **明确学习目标**
   - 明确你想通过学习机器学习来达到什么目的。是想掌握基本概念，还是在特定领域（如自然语言处理、计算机视觉）中应用，还是目标是从事机器学习研究？设定明确的目标可以帮助你更有针对性地选择学习资源和路径。

2. **掌握编程基础**
   - **选择编程语言**：机器学习常用编程语言有Python、R等。Python因其强大的生态系统和社区支持，是最初的推荐选择。
   - **基础语法**：学习Python的基本语法，包括变量、数据类型、控制结构（循环、条件）、函数等。
   - **常用库**：学习Python中用于数据处理和机器学习的库，如`NumPy`、`pandas`、`Matplotlib`等。这些库在数据处理和可视化中非常实用。

3. **学习数据处理与分析**
   - **数据预处理**：掌握清洗和预处理数据的基本技能，包括处理缺失值、数据标准化/缩放，特征工程等。
   - **数据可视化**：通过图表理解数据，探索数据分布和关系。`Matplotlib`和`Seaborn`是常用的可视化库。

4. **理解机器学习基础**
   - **概念与术语**：了解机器学习的基本概念，如监督学习、无监督学习、有 giám sát学习，以及常见的机器学习模型和算法。
   - **模型评估**：学习如何评估模型性能，了解过拟合与欠拟合的概念，掌握验证策略如交叉验证。

5. **学习机器学习模型**
   - **基础模型**：从基础模型开始，如线性回归、逻辑回归、支持向量机等，理解它们的工作原理和适用场景。
   - **高级模型**：继续深入学习决策树、随机森林、神经网络等模型，了解深度学习的概念和基础。

6. **掌握机器学习框架**
   - **scikit-learn**：一个功能丰富的机器学习库，学习其API和常用算法的实现。
   - **TensorFlow/Keras**：学习深度学习框架，构建和训练复杂的神经网络模型。

7. **实践与项目**
   - **实战练习**：通过实际项目来应用所学知识，从数据收集、预处理到模型选择和评估，积累实战经验。
   - **数据集选择**：选择合适的公开数据集（如Kaggle平台）进行实践，提高解决问题的能力。

8. **深入学习和优化**
   - **模型调优**：学习模型超参数调优的方法，如网格搜索、随机搜索，了解集成学习与模型组合的想法。
   - **Deep Learning**：了解深度学习技术，包括卷积神经网络（CNN）、 recurrent神经网络（RNN）等，探索前沿技术。

9. **持续学习与社区参与**
   - **参加在线课程**：利用Coursera、Udacity、edX等平台提供的机器学习课程，有系统地学习。
   - **参与社区**：加入机器学习相关的社区和论坛，如Kaggle、Stack Overflow，学习前沿技术和最新动态，提升交流能力。

10. **保持更新**
    - **技术更新**：机器学习技术发展迅速，保持对新技术的关注，了解最新算法和应用方向，保持技能的前沿性。

通过以上步骤，你可以系统地学习机器学习，从基础到高级，逐步掌握理论和实践技能。记住，学习是一个不断迭代和实践的过程，坚持下去，你会在机器学习的路上越走越远。
2025-06-07 16:42:25,622 - DEBUG - XiDian - Final reasoning response: 好，用户之前让我写一个冒泡排序的示例，现在他问如何学习机器学习。这说明用户对机器学习感兴趣，并且可能刚接触这个领域。他可能是一名学生，或者对编程和数据分析感兴趣的人。

用户的需求是学习机器学习的方法，可能想了解应该从哪些方面入手。接下来，我需要组织一个全面的指导，涵盖基础知识、工具、实践、数学知识、项目实施以及持续学习等方面。

首先，我应该介绍机器学习的基础知识，比如模型和算法，因为这是入门的第一步。然后，提到Python和相关工具，因为Python是机器学习的常用语言，像TensorFlow和Scikit-learn这些库对于实践很重要。

接下来，推荐一些实践项目，这样用户可以从实际项目中学习，并应用所学知识。数学是机器学习的核心，尤其是线性代数、概率和统计，这些知识在理解算法中至关重要。

如果用户想深入研究，进一步学习进阶技术如深度学习和NLP也需要被提到。最后，持续学习和社区资源也是不可忽视的部分，机器学习领域变化快，需要不断更新知识。

整体结构应该清晰，分点说明，这样用户可以一步步跟着学习。同时，语言要简洁明了，适合不同层次的学习者理解。最后，总结一下，强调实践和持续学习的重要性，帮助用户制定自己的学习计划。

2025-06-07 16:42:25,627 - DEBUG - XiDian - Final reasoning response: 嗯，怎么开始学习机器学习呢？首先，我觉得可能需要先了解什么是机器学习，它在哪些领域应用。听说机器学习在自动驾驶、面部识别、医疗诊断等方面都有应用，这很有趣。可是，机器学习到底是什么？是不是像科幻片中那些智能机器人？好像不是，它应该是一种算法吧，用数据来训练模型。

我需要学习哪些基础知识呢？听说编程是基础，尤其是Python或者R。我听说过Python是一个强大的编程语言，可能用来编写机器学习算法。不过我并不擅长编程，可能需要先从基础的编程知识开始学起，比如变量、函数、循环、条件等等。

然后，数据处理和分析也是机器学习的一部分。我需要了解如何处理和清洗数据， missing values怎么办，数据预处理很重要。听说Python里有pandas库可以用来处理数据，可能我要学习一下pandas的基本用法。

之后，机器学习模型。听起来很多模型，比如线性回归、逻辑回归、支持向量机、决策树、随机森林、神经网络等等。这些模型背后的数学原理是什么？是不是需要先学习一些统计学和线性代数的知识？

我还听说有很多库和框架，比如scikit-learn、TensorFlow、Keras。这些工具可以帮助简化机器学习的实现过程，但如何选择和使用这些库呢？

另外，机器学习的流程大概是怎样的？是先收集数据，然后进行数据预处理，接着选择模型，再进行训练和评估，最后部署和应用？如果是这样的话，我需要了解整个流程的每个步骤。

实践是很重要的，对吗？也许我应该尝试用一个简单的例子来练习。比如，用一个已知的、简洁的数据集，比如Iris数据集，来训练一个分类模型，用Python实现，看看效果如何。

可是，我应该从哪里开始呢？有没有系统的学习路线？可能是先学基础编程，再学数据挖掘和分析，然后逐步深入学习机器学习的概念和各种模型，再使用具体的工具和框架。

还有，是不是需要学习一些数学基础，比如统计学和线性代数？这些对于理解机器学习的原理很重要。如果没有好的理解，可能只是在使用工具，而不是真正掌握机器学习。

不过，我觉得如果不先打好数学基础，可能在学习机器学习的过程中会遇到很多困难。毕竟很多机器学习算法背后都有复杂的数学原理，如果不理解这些，可能难以深入学习和应用。

那我应该先学习什么呢？先从Python编程基础开始，再学习数据处理和分析，然后逐步深入机器学习的相关概念和模型，最后学习具体的工具和框架。同时，确保自己对数学，特别是统计学和线性代数有初步的理解。

我还不太确定，但是这个问题值得认真思考。可能我需要制定一个学习计划，先设定短期和长期的学习目标，逐步推进，不急不忙。

总之，学习机器学习需要系统的学习，从基础知识到实践应用，中间可能会遇到很多挑战，但只要坚持下去，逐步理解和掌握，应该能够逐步掌握机器学习的基本概念和应用方法。

2025-06-07 16:42:25,794 - DEBUG - XiDian - 进入 get_experiment_record_details，整体实验ID: 1, 用户ID: 1
2025-06-07 16:42:25,797 - DEBUG - XiDian - 实验 1 共有 10 个步骤。
2025-06-07 16:42:25,798 - DEBUG - XiDian - 步骤 1: 找到记录 3，状态 'completed', 分数 95.0
2025-06-07 16:42:25,798 - DEBUG - XiDian - 步骤 2: 未找到对应记录，默认为 'pending', 分数 0.0
2025-06-07 16:42:25,798 - DEBUG - XiDian - 步骤 3: 未找到对应记录，默认为 'pending', 分数 0.0
2025-06-07 16:42:25,799 - DEBUG - XiDian - 步骤 4: 找到记录 1，状态 'completed', 分数 90.0
2025-06-07 16:42:25,799 - DEBUG - XiDian - 步骤 5: 未找到对应记录，默认为 'pending', 分数 0.0
2025-06-07 16:42:25,799 - DEBUG - XiDian - 步骤 6: 未找到对应记录，默认为 'pending', 分数 0.0
2025-06-07 16:42:25,799 - DEBUG - XiDian - 步骤 7: 未找到对应记录，默认为 'pending', 分数 0.0
2025-06-07 16:42:25,800 - DEBUG - XiDian - 步骤 8: 未找到对应记录，默认为 'pending', 分数 0.0
2025-06-07 16:42:25,800 - DEBUG - XiDian - 步骤 9: 未找到对应记录，默认为 'pending', 分数 0.0
2025-06-07 16:42:25,800 - DEBUG - XiDian - 步骤 10: 未找到对应记录，默认为 'pending', 分数 0.0
2025-06-07 16:42:25,867 - DEBUG - XiDian - 进入 get_experiment_record_details，整体实验ID: 1, 用户ID: 1
2025-06-07 16:42:25,869 - DEBUG - XiDian - 实验 1 共有 10 个步骤。
2025-06-07 16:42:25,871 - DEBUG - XiDian - 步骤 1: 找到记录 3，状态 'completed', 分数 95.0
2025-06-07 16:42:25,871 - DEBUG - XiDian - 步骤 2: 未找到对应记录，默认为 'pending', 分数 0.0
2025-06-07 16:42:25,871 - DEBUG - XiDian - 步骤 3: 未找到对应记录，默认为 'pending', 分数 0.0
2025-06-07 16:42:25,871 - DEBUG - XiDian - 步骤 4: 找到记录 1，状态 'completed', 分数 90.0
2025-06-07 16:42:25,872 - DEBUG - XiDian - 步骤 5: 未找到对应记录，默认为 'pending', 分数 0.0
2025-06-07 16:42:25,872 - DEBUG - XiDian - 步骤 6: 未找到对应记录，默认为 'pending', 分数 0.0
2025-06-07 16:42:25,872 - DEBUG - XiDian - 步骤 7: 未找到对应记录，默认为 'pending', 分数 0.0
2025-06-07 16:42:25,872 - DEBUG - XiDian - 步骤 8: 未找到对应记录，默认为 'pending', 分数 0.0
2025-06-07 16:42:25,873 - DEBUG - XiDian - 步骤 9: 未找到对应记录，默认为 'pending', 分数 0.0
2025-06-07 16:42:25,873 - DEBUG - XiDian - 步骤 10: 未找到对应记录，默认为 'pending', 分数 0.0
2025-06-07 16:42:25,930 - DEBUG - XiDian - 进入 get_experiment_record_details，整体实验ID: 1, 用户ID: 1
2025-06-07 16:42:25,932 - DEBUG - XiDian - 实验 1 共有 10 个步骤。
2025-06-07 16:42:25,933 - DEBUG - XiDian - 步骤 1: 找到记录 3，状态 'completed', 分数 95.0
2025-06-07 16:42:25,933 - DEBUG - XiDian - 步骤 2: 未找到对应记录，默认为 'pending', 分数 0.0
2025-06-07 16:42:25,933 - DEBUG - XiDian - 步骤 3: 未找到对应记录，默认为 'pending', 分数 0.0
2025-06-07 16:42:25,934 - DEBUG - XiDian - 步骤 4: 找到记录 1，状态 'completed', 分数 90.0
2025-06-07 16:42:25,934 - DEBUG - XiDian - 步骤 5: 未找到对应记录，默认为 'pending', 分数 0.0
2025-06-07 16:42:25,934 - DEBUG - XiDian - 步骤 6: 未找到对应记录，默认为 'pending', 分数 0.0
2025-06-07 16:42:25,935 - DEBUG - XiDian - 步骤 7: 未找到对应记录，默认为 'pending', 分数 0.0
2025-06-07 16:42:25,935 - DEBUG - XiDian - 步骤 8: 未找到对应记录，默认为 'pending', 分数 0.0
2025-06-07 16:42:25,935 - DEBUG - XiDian - 步骤 9: 未找到对应记录，默认为 'pending', 分数 0.0
2025-06-07 16:42:25,935 - DEBUG - XiDian - 步骤 10: 未找到对应记录，默认为 'pending', 分数 0.0
2025-06-07 16:42:26,813 - DEBUG - XiDian - Final response: 

学习机器学习需要系统地掌握相关知识和技能。以下是一个详细的步骤指南：

### 1. 学习编程基础

- **Python编程基础**：掌握Python的基本语法，包括变量、数据结构（列表、字典、元组、集合）、控制流（循环、条件判断）、函数、类等。可以使用《Python编程：从入门到实践》或《Python 3.10编程完全掌握》等入门书籍来学习。
  
- **数据处理工具**：学习使用NumPy和Pandas等库，这些库是机器学习的常见工具，用于数据处理和分析。

### 2. 掌握数学基础

- **线性代数**：理解向量、矩阵、特征值等概念，这些在数据分析和机器学习算法中非常重要。

- **微积分**：掌握导数、梯度、积分等概念，特别是导数在优化算法（如梯度下降）中的应用。

- **概率与统计**：理解概率分布、假设检验、方差、协方差等，这些在理解机器学习算法的基础原理中起着关键作用。

### 3. 了解机器学习基础概念

- **机器学习基本概念**：学习监督学习、无监督学习、半监督学习、强化学习等不同学习范式的区别和应用场景。

- **常见算法**：了解线性回归、逻辑回归、决策树、随机森林、支持向量机（SVM）、k均值聚类等基本算法的原理和应用场景。

### 4. 学习机器学习库和工具

- **Scikit-learn**：这是一个功能丰富的机器学习库，学习它可以帮助你快速实现和调用各种机器学习算法。推荐学习 Scikit-learn 的官方文档和教程。

- **TensorFlow/PyTorch**：这两个框架专门用于深度学习，如果计划深入学习深度学习领域，这两个工具是必不可少的。可以通过 TensorFlow 官方入门指南开始学习。

### 5. 完成机器学习项目

- **Project Euler**：通过完成一些机器学习相关的项目来巩固所学知识。可以使用Kaggle平台，那里有很多提供的数据集和竞赛项目。

- **小数据集项目**：开始时可以使用Kaggle上的小型数据集来尝试机器学习算法，并逐步增加复杂性。

### 6. 参与社区和资源学习

- **在线课程**：如Coursera上的 Andrew Ng 的《机器学习》课程、edX上的《从零开始学Python机器学习》等，提供系统化的学习。

- **书籍**：阅读《机器学习实战》或《机器学习****》等书籍，这些书结合代码深入讲解机器学习算法和应用。

- **Kaggle竞赛**：参加Kaggle上的机器学习竞赛，通过实践来提升自己的能力。

### 7. 进一步学习和优化

- **模型评估**：学习使用准确率、召回率、F1分数、ROC曲线等评价指标来评估模型性能。

- **正则化方法**：了解L1正则化和L2正则化等技术，以防止过拟合。

- **特征工程**：学习如何提取和工程特征，提升模型性能的重要方法。

### 8. 了解前沿技术

- **深度学习**：如果对现在非常热门的深度学习方向感兴趣，可以学习TensorFlow和PyTorch的高级教程，了解卷积神经网络（CNN）、循环神经网络（RNN）、生成对抗网络（GAN）等。

- **强化学习**：如果感兴趣，可以学习Q-Learning等强化学习的基本概念和应用。

### 9. 实践和持续学习

- **持续实践**：机器学习是一门实践性很强的学科，通过持续的项目实践来巩固和提升。

- **关注最新进展**：关注机器学习领域的最新研究和进展，了解最新的算法和应用方向。

### 10. 这些问题的解决方案

- **模型过拟合**：原因可能包括数据量不足、模型复杂度过高、训练时间过长、噪声数据等。解决方法包括增加数据、选择更简单的模型、正则化、交叉验证等。

- **数据量太少**：可以通过收集更多的数据、数据增强、过采样/欠采样等方法增加数据量。

总之，学习机器学习需要耐心和持续的努力，从打好数学基础、掌握编程技能，到实践项目和参与社区，逐步积累经验和技能。通过不断地学习和实践，你将能够掌握机器学习的核心概念和应用方法。
2025-06-07 16:42:26,829 - DEBUG - XiDian - Final reasoning response: 嗯，想学习机器学习，但是完全没头绪。首先，我得弄清楚机器学习到底是什么。听说过机器学习是人工智能的一部分，是让计算机从数据中学习，而不是依赖预编程指令。可是具体怎么操作呢？是不是需要编写很多代码来训练模型？还是可以通过一些工具软件来实现？

听说机器学习有很多算法，比如线性回归、决策树、神经网络等等。这些都是什么？每个算法有什么特点和应用场景？如果我想要学习这些，我应该先学习基础的统计学和数学吗？比如概率论、微积分、线性代数这些，是不是机器学习的基础？

然后，编程方面，Python好像在机器学习领域很流行。Python编程需要先学什么基础知识呢？是不是需要学习数据结构、算法，或者可以直接上手做机器学习项目？有没有什么推荐的入门书籍或者课程？

还有，机器学习的项目应该怎么开始呢？是先用一些现有的库像NumPy、Pandas、Scikit-learn来做简单的分析和模型训练吗？还是需要先从基础教育开始，一步步学习每个工具和算法？

我听说有很多在线资源和平台，比如Coursera、edX、Kaggle，这些地方有很多优秀的课程和项目。是不是可以通过这些平台系统地学习机器学习？有没有什么具体的课程推荐？

另外，机器学习应用起来是不是需要大量的数据？有没有一些好的数据集我可以用来练习？是开源数据集还是需要自己收集和标注数据？

机器学习的模型如何评估和优化？是不是需要学习一些评估指标，以及如何通过过拟合、降维等方式来改进模型性能？

还有，机器学习的未来发展方向是怎样的？是不是现在最热门的方向是深度学习和神经网络？未来如何学习才能跟上这个趋势？

总的来说，学习机器学习需要具备哪些核心技能和知识？需要制定一个学习计划，从哪里开始才能有效掌握这门技术？有没有什么资源或者书籍是特别有用的学习资料？

最后，有没有什么问题需要特别注意？比如模型过拟合、过拟合如何预防？数据量太少怎么办？这些都是学习过程中可能出现的问题，如何解决它们？

2025-06-07 16:42:27,056 - DEBUG - XiDian - 进入 get_experiment_record_details，整体实验ID: 1, 用户ID: 1
2025-06-07 16:42:27,057 - DEBUG - XiDian - 实验 1 共有 10 个步骤。
2025-06-07 16:42:27,058 - DEBUG - XiDian - 步骤 1: 找到记录 3，状态 'completed', 分数 95.0
2025-06-07 16:42:27,059 - DEBUG - XiDian - 步骤 2: 未找到对应记录，默认为 'pending', 分数 0.0
2025-06-07 16:42:27,059 - DEBUG - XiDian - 步骤 3: 未找到对应记录，默认为 'pending', 分数 0.0
2025-06-07 16:42:27,059 - DEBUG - XiDian - 步骤 4: 找到记录 1，状态 'completed', 分数 90.0
2025-06-07 16:42:27,059 - DEBUG - XiDian - 步骤 5: 未找到对应记录，默认为 'pending', 分数 0.0
2025-06-07 16:42:27,060 - DEBUG - XiDian - 步骤 6: 未找到对应记录，默认为 'pending', 分数 0.0
2025-06-07 16:42:27,060 - DEBUG - XiDian - 步骤 7: 未找到对应记录，默认为 'pending', 分数 0.0
2025-06-07 16:42:27,060 - DEBUG - XiDian - 步骤 8: 未找到对应记录，默认为 'pending', 分数 0.0
2025-06-07 16:42:27,060 - DEBUG - XiDian - 步骤 9: 未找到对应记录，默认为 'pending', 分数 0.0
2025-06-07 16:42:27,061 - DEBUG - XiDian - 步骤 10: 未找到对应记录，默认为 'pending', 分数 0.0
2025-06-07 16:42:27,249 - DEBUG - XiDian - Final response: 

学习机器学习需要系统化的方法和持续的努力。以下是一个简明扼要的步骤指南，帮助你从入门到进阶：

1. **明确学习目标**
   - **目标定位**：确定你是否希望从事学术研究、转行应用型工作，还是旨在满足个人兴趣。
   - **学习路径**：根据目标选择相应的学习资源，如研究、应用或教育。

2. **补充基础知识**
   - **数学基础**：
     - **线性代数**：理解向量、矩阵、行列式、特征值等概念。推荐学习资源：Khan Academy、Coursera的“Linear Algebra for Machine Learning”。
     - **概率与统计**：掌握概率分布、统计推断、假设检验等。学习平台如Coursera和edX提供相关课程。
     - **微积分**：学习导数、梯度、积分等，用于理解算法优化。推荐书籍和课程：《微积分》教材、Coursera的“Mathematics for Machine Learning”。
   - **编程基础**：
     - **Python编程**：从基础开始，掌握数据结构、函数、类等。学习资源：Codecademy的Python课程、LeetCode练习。
     - **数据处理与可视化**：掌握Pandas用于数据处理，Matplotlib或Seaborn用于可视化。学习平台：Pandas官方文档、官网上的一些教程。

3. **学习机器学习基础知识**
   - **概念入门**：了解机器学习的基本概念、监督与非监督学习、有监督学习中的损失函数等。推荐书籍：《机器学习》（Introduction to Machine Learning）。
   - **算法学习**：
     - **基础算法**：学习线性回归、逻辑回归、K-近邻算法等。
     - **进阶算法**：接触决策树、随机森林、支持向量机、神经网络和深度学习。
   - **工具与框架**：熟悉Scikit-learn、TensorFlow、PyTorch等主流工具和框架。学习资源：官网文档、在线教程。

4. **实践项目**
   - **项目选择**：选择感兴趣的领域，如预测房价、图像分类、自然语言处理等。
   - **数据收集与预处理**：学习如何获取数据、清洗数据、特征工程等。
   - **模型训练与评估**：使用Scikit-learn等工具，训练模型并进行评估，理解准确率、召回率、F1分数、ROC-AUC等指标。

5. **持续学习与改进**
   - **保持更新**：关注机器学习领域的最新进展和算法改进。
   - **优化模型**：学习过拟合、正则化、调参等方法，提升模型性能。
   - **社区与资源**：
     - **参与论坛与社区**：如Stack Overflow、Kaggle讨论区，与他人交流学习。
     - **参加比赛**：如Kaggle竞赛，积累实战经验。

6. **部署与应用**
   - **模型部署**：学习使用Flask、Django等技术将模型集成到Web应用中。
   - **生产环境**：了解Heroku、Docker等容器化部署技术，确保模型在生产环境稳定运行。
   - **持续监控和迭代**：实时监控模型性能，根据反馈持续更新和优化。

7. **资源推荐**
   - **书籍**：
     -《机器学习》（Introduction to Machine Learning）：全面覆盖机器学习基础。
     -《机器学习实战》（Python Machine Learning）：实践导向。
     -《pattern recognition and machine learning》：深入理论。
   - **在线课程**：
     -Coursera：Andrew Ng的《机器学习》、E Sullivan的《机器学习工程》。
     -Udacity：机器学习 Nanodegree。
     -edX：机器学习导论。
   - **工具与框架**：
     -Scikit-learn：用于监督学习。
     -TensorFlow/PyTorch：深度学习框架。
     -Pandas/NumPy：数据处理库。
     -Matplotlib/Seaborn：可视化库。

8. **注意事项**
   - **坚持练习**：机器学习需要大量实践，不能急于求成。
   - **注重理论**：理解算法背后的数学原理，提高模型理解度。
   - **保持好奇心**：探索不同算法和数据，发现新的学习机会。

通过以上步骤，你将能够系统地学习机器学习，从基础到应用，逐步掌握所需的知识和技能。记住，学习是一个持续的过程，保持耐心和热情是关键。祝你在机器学习之旅中取得成功！
2025-06-07 16:42:27,254 - DEBUG - XiDian - Final reasoning response: 嗯，我真的很想学习机器学习，但是从哪里开始呢？机器学习听起来很神秘，有很多术语，比如“深度学习”、“神经网络”、“支持向量机”等等，我完全不知道这些是什么意思。网上有很多课程和书籍，但是不知道该怎么选择，哪种方法最适合我。

首先，我得明确自己的目标是什么。是想做学术研究，还是想应用机器学习来解决实际问题？不同目标可能需要不同的学习路径。假设我想要应用机器学习来解决实际问题，比如预测天气、推荐商品，或者自动化处理数据。那么，我需要掌握哪些基础知识呢？

听说机器学习需要数学基础，特别是线性代数、概率统计和微积分。可是，我数学不太好，尤其是线性代数，这怎么办？是不是可以从零开始学起？有没有推荐的资源？可能有一些在线课程或者书籍可以让我入门。

然后，机器学习需要编程能力，特别是Python。我对编程不是很熟悉，但听说过Python的机器学习库像Scikit-learn和TensorFlow。有没有好的入门课程或者教材？是不是应该先学习Python的基础语法，然后再学习机器学习？

接下来，关于算法部分，听说机器学习有各种算法，比如线性回归、决策树、随机森林、神经网络等。要怎么开始学习这些算法？是不是应该先了解基本概念，再看看具体的实现？

我还在想，有没有一个流程可以指导我学习机器学习？比如先铺基础设施， OAuth，管理员工权，赋权访问，然后是数据准备，评估算法，部署模型等等。这是一个笼统的思考，可能需要更具体化的步骤。

如果我要做一个项目，比如预测房价，是不是需要从数据收集、预处理，到模型选择、训练、评估，再到部署都有一定的流程？这个流程是怎样的呢？需要掌握哪些具体的技术和工具？

我还听说机器学习模型需要进行评估，选择合适的评价指标，比如准确率、召回率、F1分数等等。这些指标是如何计算的，什么时候使用哪些指标？需要深入理解。

关于开源工具，比如Scikit-learn，是不是已经有了现成的库可以使用？是不是可以先从这些库开始，而不是自己从零开始实现算法？这样可以更快上手。

好，总结一下，我需要先补充数学基础，学习Python编程，了解机器学习的基本概念和算法，选择合适的工具和框架，然后通过项目实践来巩固所学的知识。同时，注重数据分析和模型评估，这些都是机器学习过程中重要的环节。

2025-06-07 16:42:27,447 - DEBUG - XiDian - 进入 get_experiment_record_details，整体实验ID: 1, 用户ID: 1
2025-06-07 16:42:27,450 - DEBUG - XiDian - 实验 1 共有 10 个步骤。
2025-06-07 16:42:27,451 - DEBUG - XiDian - 步骤 1: 找到记录 3，状态 'completed', 分数 95.0
2025-06-07 16:42:27,451 - DEBUG - XiDian - 步骤 2: 未找到对应记录，默认为 'pending', 分数 0.0
2025-06-07 16:42:27,451 - DEBUG - XiDian - 步骤 3: 未找到对应记录，默认为 'pending', 分数 0.0
2025-06-07 16:42:27,451 - DEBUG - XiDian - 步骤 4: 找到记录 1，状态 'completed', 分数 90.0
2025-06-07 16:42:27,451 - DEBUG - XiDian - 步骤 5: 未找到对应记录，默认为 'pending', 分数 0.0
2025-06-07 16:42:27,452 - DEBUG - XiDian - 步骤 6: 未找到对应记录，默认为 'pending', 分数 0.0
2025-06-07 16:42:27,452 - DEBUG - XiDian - 步骤 7: 未找到对应记录，默认为 'pending', 分数 0.0
2025-06-07 16:42:27,452 - DEBUG - XiDian - 步骤 8: 未找到对应记录，默认为 'pending', 分数 0.0
2025-06-07 16:42:27,452 - DEBUG - XiDian - 步骤 9: 未找到对应记录，默认为 'pending', 分数 0.0
2025-06-07 16:42:27,452 - DEBUG - XiDian - 步骤 10: 未找到对应记录，默认为 'pending', 分数 0.0
2025-06-07 16:42:28,659 - DEBUG - XiDian - Final response: 

学习机器学习是一个系统化的过程，需要遵循以下步骤：

1. **学习Python编程**：
   - **掌握基本语法**：理解变量、数据类型、条件语句、循环等基本概念。
   - **使用常用库**：学习NumPy、Pandas、Matplotlib等库，掌握它们在数据处理和可视化的应用。
   - **实际练习**：通过项目或练习来应用Python知识，巩固所学内容。

2. **掌握线性代数**：
   - 学习矩阵、向量、矩阵运算、特征值等基本概念。
   - 理解这些数学工具在机器学习算法中的应用，如线性回归中的矩阵形式。

3. **学习概率与统计**：
   - 掌握概率分布、期望、方差、协方差等概念。
   - 了解统计推断的基本方法，如假设检验、置信区间，以及数据的描述性统计分析。

4. **理解机器学习基础概念**：
   - 学习监督学习、无监督学习、强化学习等不同的机器学习范式。
   - 了解典型算法，如线性回归（Linear Regression）、逻辑回归（Logistic Regression）、支持向量机（SVM）、k-近邻算法（K-Nearest Neighbors, KNN）、决策树、随机森林、神经网络等。

5. **学习机器学习算法**：
   - **监督学习**：深入理解回归和分类算法的工作原理和实现方式。
   - **无监督学习**：学习聚类（如K-means）、降维（如PCA）等方法。
   - **评估模型性能**：掌握使用准确率、召回率、F1分数、ROC曲线等指标来评价模型效果。
   - **过拟合与模型调优**：学习正则化、交叉验证、参数调优等技术来防止模型过拟合。

6. **数据预处理与特征工程**：
   - 学习如何处理数据中的缺失值、异常值、类别转换等预处理任务。
   - 掌握特征选择、特征降维等特征工程方法，以优化模型性能。

7. **实践与项目**：
   - **实践练习**：通过实际项目将理论知识应用到实际问题中，积累经验。
   - **数据获取与准备**：寻找适合的公开数据集，如Kaggle等平台的 datasets。
   - **模型构建与调优**：从数据准备到模型训练、调优，整个流程都要熟悉和练习。

8. **持续学习与探索**：
   - **阅读经典书籍**：如《机器学习实战》、《Pattern Recognition and Machine Learning》等。
   - **关注前沿动态**：了解最新的机器学习算法和应用领域，如强化学习、深度学习等。
   - **参与社区与挑战**：加入编程社区，参加机器学习挑战，如Kaggle比赛，提升实战能力。

9. **提升软技能**：
   - **思考与创造力**：培养独立思考和解决问题的能力，尝试不同的解决方案。
   - **持续学习的态度**：机器学习领域发展迅速，保持开放心态，不断学习新知识。

通过遵循以上步骤，你可以循序渐进地掌握机器学习的基础知识和实践技能，逐步提升自己的能力，最终达到独立构建和应用机器学习模型的目标。
2025-06-07 16:42:28,661 - DEBUG - XiDian - Final reasoning response: 好吧，我要开始学习机器学习了。不过我还不太确定从哪里开始，可能需要先了解一下机器学习的基础是什么。听说机器学习涉及到很多数学，比如线性代数、概率统计，还有编程知识，特别是Python。可是我对这些都没有太深入的了解，所以应该先从基础开始。

首先，我需要学习Python编程。Python有很多库，比如NumPy和Pandas，这些在机器学习中经常被用到。我应该先 installing 这些库，然后找一些基础的Python编程教程，熟悉数据结构、函数、方法等基本概念。我担心自己可能会遇到很多术语和技术难点，可能需要多看文档，多实践。

接着，我得了解线性代数。听说机器学习的核心涉及大量的矩阵运算，所以线性代数对于理解算法的内部工作原理非常重要。可能需要找一些关于矩阵、向量、矩阵乘法之类的资料，甚至可以考虑找一些在线课程来辅助学习。如果我基础不好，可能需要花更多时间去理解这些数学概念。

然后是概率和统计。机器学习常常基于概率模型，或者使用统计方法来进行数据的分析。概率分布、假设检验、回归分析这些都是我需要掌握的。或许可以结合具体的数据集来学习这些概念，这样可能会更容易理解。

接下来，我需要学习机器学习的基本概念和常见算法。比如，监督学习中的分类和回归，无监督学习中的聚类和降维，强化学习之类的。每个算法都有其自己的原理和应用场景，可能需要逐一学习。我应该找一些经典的机器学习算法教程，结合Python代码来理解其工作原理。

数据预处理也是机器学习中很重要的一步。数据可能不干净，需要进行清洗、归一化、特征工程等处理。可能需要学习如何处理缺失值、异常值、类别编码等任务。这些步骤虽然繁琐，但是是机器学习项目中不可或缺的一部分。

然后，我应该尝试自己实现一些简单的机器学习算法，比如线性回归、逻辑回归、K近邻算法，等等。通过手写代码，加深自己对这些算法的理解，同时熟悉机器学习的流程：数据准备、模型选择、参数校准、评估和优化。

除此之外，评价模型性能、过拟合问题、模型调优等也是需要掌握的内容。了解不同的评估指标，如准确率、召回率、F1分数、R²分数等等，可以帮助我更好地评判模型的好坏。同时，解决过拟合问题，可以通过交叉验证、正则化等方式来防止模型在测试数据上表现不佳。

实践项目也是学习机器学习的重要环节。通过实际的项目，可以将理论知识应用到实际问题中去，积累经验。寻找一些公开的数据集，尝试进行建模和预测，最终将结果进行展示和评估。通过这些实践，可以发现自己在哪些地方还需要改进，不断调整学习计划。

最后，我应该阅读一些经典的机器学习书籍，比如《机器学习实战》、《Pattern Recognition and Machine Learning》等等。这些书籍提供了系统化的知识，帮助我理解机器学习的理论和实践部分。同时，网上有很多博客、教程和视频课程，可以提供不同的视角，帮助我更好地理解和巩固知识。

总之，学习机器学习是一个循序渐进的过程，需要打好数学基础，掌握编程技能，理解基本概念和算法，实践操作，同时不断学习和调整。要不怕 setbacks，保持好奇心和耐心，逐步提升自己机器学习的能力。

2025-06-07 16:42:28,894 - DEBUG - XiDian - 进入 get_experiment_record_details，整体实验ID: 1, 用户ID: 1
2025-06-07 16:42:28,897 - DEBUG - XiDian - 实验 1 共有 10 个步骤。
2025-06-07 16:42:28,898 - DEBUG - XiDian - 步骤 1: 找到记录 3，状态 'completed', 分数 95.0
2025-06-07 16:42:28,898 - DEBUG - XiDian - 步骤 2: 未找到对应记录，默认为 'pending', 分数 0.0
2025-06-07 16:42:28,898 - DEBUG - XiDian - 步骤 3: 未找到对应记录，默认为 'pending', 分数 0.0
2025-06-07 16:42:28,899 - DEBUG - XiDian - 步骤 4: 找到记录 1，状态 'completed', 分数 90.0
2025-06-07 16:42:28,900 - DEBUG - XiDian - 步骤 5: 未找到对应记录，默认为 'pending', 分数 0.0
2025-06-07 16:42:28,900 - DEBUG - XiDian - 步骤 6: 未找到对应记录，默认为 'pending', 分数 0.0
2025-06-07 16:42:28,900 - DEBUG - XiDian - 步骤 7: 未找到对应记录，默认为 'pending', 分数 0.0
2025-06-07 16:42:28,900 - DEBUG - XiDian - 步骤 8: 未找到对应记录，默认为 'pending', 分数 0.0
2025-06-07 16:42:28,901 - DEBUG - XiDian - 步骤 9: 未找到对应记录，默认为 'pending', 分数 0.0
2025-06-07 16:42:28,901 - DEBUG - XiDian - 步骤 10: 未找到对应记录，默认为 'pending', 分数 0.0
2025-06-07 16:42:30,317 - DEBUG - XiDian - Final response: 

学习机器学习需要一个系统且耐心的过程。以下是一个有条理的学习计划和资源推荐，帮助你从基础到应用逐步掌握机器学习：

### 1. 数学基础

#### 基础知识
- **线性代数**：理解向量、矩阵、行列式、特征值等概念。
- **统计学**：学习均值、方差、分布、假设检验等基本概念。
- **微积分**：掌握导数、梯度、积分等，特别是偏导数在机器学习中的应用。

#### 推荐学习资源
- 书籍：《线性代数及其应用》、《概率统计》
- 在线课程：Coursera上的“数学基础 for Machine Learning”系列课程

### 2. 编程基础

#### 语言选择
- **Python**：掌握Python编程，尤其是数据处理和算法实现。
- **R**：如果对统计分析感兴趣，也可以学习R。

#### 学习资源
- 书籍：《Python编程：从入门到实践》
- 在线课程：Python编程的基础知识，如Coursera上的《Python for Everybody》

### 3. 机器学习基础知识

#### 概念与方法
- **监督学习**：了解分类与回归。
- **无监督学习**：理解聚类与降维。
- **模型评估**：学习验证方法和性能指标，如准确率、召回率、F1分数、ROC曲线等。

#### 推荐资源
- 书籍：《机器学习》（Pattern Recognition and Machine Learning）、《机器学习实战》
- 在线课程：Andrew Ng的《机器学习》课程（Coursera）

### 4. 机器学习库与工具

#### 基本库
- **NumPy**：处理数值计算。
- **Pandas**：数据操作和清洗。
- **Matplotlib & Seaborn**：数据可视化。
- **Scikit-learn**：机器学习的库。

#### 学习资源
- 官方文档：官网是学习的重点。
- 在线课程：Python for Data Science和机器学习的Sprint课程

### 5. 实践项目

#### 开始项目
- 从简单项目开始，如手写数字识别（MNIST）、房价预测（Kaggle上的数据集）。
- 逐步积累经验，学习数据预处理、特征工程、模型选择和调参。

#### 资源推荐
- **Kaggle**：提供丰富的数据集和比赛。
- **GitHub**：了解社区项目，学习开源代码。

### 6. 进阶知识

#### 深入理解
- **算法细节**：学习支持向量机、决策树、随机森林、神经网络、深度学习等。
- **优化技巧**：参数调优、正则化、交叉验证等。

#### 高阶资源
- **书籍**：《机器学习方法》（Machine Learning）、《深度学习》（Deep Learning）
- **论文**：阅读经典论文，如《统计学习理论》、《Dropout：A Simple Way to Prevent Neural Networks Overfitting》

### 7. 优化与调参

#### 技术
- **超参数优化**：Grid Search、Random Search、贝叶斯优化。
- **模型调优**：调整学习率、批次大小、层数、节点数等。

#### 工具
- **调参库**：Scikit-learn中的GridSearchCV等。

### 8. 社区与资源

#### 在线学习平台
- **Coursera**：提供了多门机器学习课程。
- **Udemy**：丰富的机器学习课程，适合深入学习。

#### 社区互动
- **Stack Overflow**：提问和回答问题，学习实用技巧。
- **Kaggle Learning Forums**：参与项目讨论，学习他人经验。

#### 协作学习
- **学习小组**：与其他学习者组队 mutually 学习。
- **机器学习社区**：加入专门的讨论组，如机器学习 subreddit。

### 9. 实践与项目积累

#### 参与项目
- 从Kaggle平台开始，选择适合自己的比赛或项目。
- 分析数据、预处理、建模、调参，最终撰写报告。

#### 项目报告
- 学会撰写项目报告，包括数据来源、方法、结果分析等。
- 可以发布在GitHub或个人博客上。

### 10. 持续学习

#### 学习习惯
- 定期复习已学知识，了解新技术和最新进展。

#### 直播与会议
- 关注机器学习的直播讲座和会议，如AI Now、Deep Learning Summer School等。

### 11. 机器学习的其他领域

#### 进阶应用
- **自然语言处理（NLP）**：学习文本处理、情感分析。
- **计算机视觉（CV）**：学习图像分类、目标检测。
- **推荐系统**：学习协同过滤、矩阵分解等技术。

#### 资源推荐
- **CSC“The billion lab”**：不错的NLP课程。
- **Andrew Ng的深度学习课程**。

### 12. 未来发展

#### 了解职业发展
- 技术栈：掌握PyTorch或TensorFlow等框架。
- 面向企业或学术界，了解公司的需求，提升竞争力。

#### 进一步学习
- 如果有目标进入深度学习领域，可学习《Deep Learning》（ Ian Goodfellow）等书，掌握更深入的内容。

### 总结

学习机器学习是一个持续的过程，涉及数学、编程、算法和实践的多方面知识。通过系统的学习、不断的实践和参与社区，你可以逐步掌握机器学习的技能，并应用它解决各种实际问题。记住，耐心和毅力是成功的关键！
2025-06-07 16:42:30,322 - DEBUG - XiDian - Final reasoning response: 好的，我现在想了解一下如何学习机器学习。首先，可能得先从基础的数学知识开始，对吧？比如线性代数、统计学这些基础课。因为机器学习里面很多算法都是基于这些数学原理的。虽然还很小，对这些数学不是很熟悉，不知道如何开始。

然后，可能需要学习编程技能，特别是像Python这样的语言。听说Python在机器学习中用得挺多的，而且有很多库可以用。但是，连Python都还不是很熟练，学起来可能有点困难。不知道从哪里开始，是先学语法基础，还是直接去看机器学习的教程？

接下来，关于具体的学习资源，可能有多种途径。比如书本、在线课程、博客、论坛等等。各种资源都有各自的特点，不知道哪种最适合我。哪些书比较适合初学者？有没有权威或经典的书籍推荐？

还有，实践也是非常重要的一部分。知道算法理论，但在实际中应用可能还是不太够。应该如何找到合适的实践项目或练习？可能需要从Kaggle这样的平台开始，那里有很多公开的数据集和比赛，可以尝试解决实际问题。

不过，刚开始接触的话，可能很难找到适合的项目。是不是应该先从一些简单的项目开始，比如手写数字识别或者房价预测之类的？这些项目相对简单，容易上手，还能逐步积累经验。

另外，_selected问题的解决过程中，可能需要不断迭代和优化算法。这一步可能需要学习如何调参，如何评估模型的性能，如何选择合适的算法等等。这些都是比较高级的技能，初期可能会感到有点吃力。

在学习过程中，可能会遇到各种各样的问题和挑战，比如理解算法的工作原理、优化模型的性能、选择适合的数据集等等。感觉有点不知所措，不知道有哪些资源可以提供帮助。

此外，加入机器学习社区也是一个不错的途径，可以向其他人学习，获取反馈和建议。通过参加论坛、在线讨论或者加入学习小组，能够有效地提升自己的技能。

总的来说，学习机器学习需要系统性地进行，从基础到应用，理论到实践，一步步深入。虽然过程可能会遇到很多困难，但只要坚持下去，耐心学习，就一定能够掌握机器学习的知识。

2025-06-07 16:42:30,537 - DEBUG - XiDian - 进入 get_experiment_record_details，整体实验ID: 1, 用户ID: 1
2025-06-07 16:42:30,540 - DEBUG - XiDian - 实验 1 共有 10 个步骤。
2025-06-07 16:42:30,540 - DEBUG - XiDian - 步骤 1: 找到记录 3，状态 'completed', 分数 95.0
2025-06-07 16:42:30,541 - DEBUG - XiDian - 步骤 2: 未找到对应记录，默认为 'pending', 分数 0.0
2025-06-07 16:42:30,541 - DEBUG - XiDian - 步骤 3: 未找到对应记录，默认为 'pending', 分数 0.0
2025-06-07 16:42:30,541 - DEBUG - XiDian - 步骤 4: 找到记录 1，状态 'completed', 分数 90.0
2025-06-07 16:42:30,541 - DEBUG - XiDian - 步骤 5: 未找到对应记录，默认为 'pending', 分数 0.0
2025-06-07 16:42:30,541 - DEBUG - XiDian - 步骤 6: 未找到对应记录，默认为 'pending', 分数 0.0
2025-06-07 16:42:30,542 - DEBUG - XiDian - 步骤 7: 未找到对应记录，默认为 'pending', 分数 0.0
2025-06-07 16:42:30,542 - DEBUG - XiDian - 步骤 8: 未找到对应记录，默认为 'pending', 分数 0.0
2025-06-07 16:42:30,542 - DEBUG - XiDian - 步骤 9: 未找到对应记录，默认为 'pending', 分数 0.0
2025-06-07 16:42:30,542 - DEBUG - XiDian - 步骤 10: 未找到对应记录，默认为 'pending', 分数 0.0
2025-06-07 16:42:33,835 - DEBUG - XiDian - Final response: 

### 学习机器学习的分步指南

1. **了解机器学习的基础概念**
   - 机器学习是基于数据训练模型的任务，以实现自动学习和决策。
   - 掌握监督学习、无监督学习、半监督学习和强化学习的基本区别。
   - 理解算法的评估标准，如准确率、召回率、F1分数、MSE等。

2. **学习必要的数学知识**
   - 掌握线性代数（向量、矩阵）和概率统计（均值、方差、分布）的基本概念。
   - 理解微积分中的导数和梯度在优化算法中的应用。

3. **学习Python编程**
   - 从Python基础语法入手，熟悉数据结构（列表、字典、元组、集合）和控制结构（循环、条件判断）。
   - 学习Python的面向对象编程（OOP）原则，理解类和方法的概念。

4. **安装并使用必要工具**
   - 安装Python环境，推荐使用Anaconda，因为它包含所有常用的数据科学库。
   - 学习基本的Python库：
     - **NumPy**：用于快速数组操作和数值计算。
     - **Pandas**：用于数据分析和处理数据表格格式。
     - **Matplotlib & Seaborn**：用于数据可视化。
     - **Scikit-learn**：机器学习的基石，包含各种算法和工具。

5. **开始基础机器学习项目**
   - 寻找简单的机器学习项目，如预测房价或分类任务。
   - 通过数据集逐步应用学习的Python知识和工具，完成数据预处理、建模、评估等步骤。

6. **深入学习机器学习算法**
   - 起步算法：线性回归、逻辑回归。
   - 中阶算法：支持向量机（SVM）、决策树、随机森林。
   - 高阶算法（可选）：神经网络（TensorFlow或PyTorch）、梯度提升方法（XGBoost、LightGBM）。

7. **调参和模型优化**
   - 学习超参数调优方法，如网格搜索（Grid Search）和随机搜索（Random Search）。
   - 理解交叉验证（Cross-Validation）等模型评估技术，提升模型性能。

8. **实践项目巩固学习**
   - 完成多个不同领域的机器学习项目，如自然语言处理（NLP）、图像识别等。
   - 参与开源数据库、Kaggle比赛或实际工作项目，积累经验。

9. **加入学习社区，互相交流**
   - 加入机器学习相关的论坛、社群，如Stack Overflow、GitHub、Kaggle社区。
   - 与他人讨论问题，分享学习经验，获取最新的技术和资源。

10. **保持学习的热情，持续更新知识**
    - 随着时间和经验积累，逐步深入学习机器学习的前沿技术。
    - 关注机器学习领域的新闻、博客和视频教程，了解新算法和技术。

通过以上步骤的系统学习和不断的实践，您将能够逐步掌握机器学习的基础知识和实践经验，提升自己的技能，最终在机器学习领域取得长足的进步。
2025-06-07 16:42:33,836 - DEBUG - XiDian - Final reasoning response: 嗯，我想要学习机器学习，但感觉有点复杂。首先，我得知道机器学习是什么。听说它和数据有关，对吧？好像是通过训练模型来让计算机理解数据，然后做预测或者分析。可是具体怎么做呢？我应该从哪里开始呢？

我记得之前听说过一些术语，比如监督学习、无监督学习、特征工程等等。这些是什么意思？好像监督学习需要有标签数据，可以用来训练模型；而无监督学习是不需要标签数据的，主要是发现数据中的规律。可是我还不太明白这些具体怎么应用。

我还看到有很多算法，比如线性回归、支持向量机、神经网络等等。这些算法长得都挺像数学公式的。我不太喜欢数学，但又好像算法的核心就是这些数学公式。我需要学这些算法的基本原理，还是先学具体的编程实现？

听说机器学习需要编程，常用的编程语言有Python和R。我更熟悉Python，所以打算从Python开始学起。但Python的语法有点复杂，我得花时间学基础。同时，还需要学习一些库，比如NumPy、Pandas、Matplotlib、Scikit-learn等等。这些库有什么功能呢？NumPy好像用于数值计算，Pandas处理数据表格，Matplotlib画图表，Scikit-learn是机器学习的库。

是不是只需要掌握这些库的基本使用方法？还是说要深入理解它们的原理？我觉得一开始应该先用这些库做一些简单的数据处理和模型搭建，这样可以让我更快地上手。

那么，学习的步骤大概是怎样的呢？首先，我应该先做一些数据分析的基础。比如，安装必要的工具，学习Python的基础语法，然后是学习如何使用Pandas加载和处理数据。接着，学习一些基本的可视化方法，用Matplotlib或者Seaborn来查看数据分布等等。

接下来，是不是就可以开始学习各种机器学习算法了？从小的开始，比如线性回归、逻辑回归，这些是不是相对简单一些。其实，我刚才听说过这些术语，但具体怎么实现还不是很清楚。

也许我应该找一些教程或者书籍来学习。网上有很多资源，但是我得如何判断这些资源的好坏呢？有没有推荐的权威书籍或者在线课程？

另外，实践很重要，我得通过项目来动手操作。找一个合适的项目，比如预测房价或者分类任务，然后一步步来实现。这样不仅能巩固理论知识，还能发现自己的不足，并及时调整学习计划。

但是，我担心自己时间不够，或者找不到好的学习资源。这时候，我是不是应该加入一些学习社区或者论坛？比如Stack Overflow，找人讨论，问问题，这样可以互相学习，得到更多的帮助。

还有，机器学习的模型很多，看起来参数很多，调参的时候感觉无从下手。怎么办？是不是有些模型是通用的，不需要特别调参，而有些模型需要特定的调参方法？我需要学习一些模型调参的技巧或者最佳实践。

另外，模型评估也很重要，如何测试模型的表现，选择合适的评价指标，比如准确率、召回率、F1分数等等。这些指标是用来衡量模型好坏的关键。

再说一下算法，像决策树、随机森林、XGBoost这些高级算法，是不是需要花更多的时间去理解和应用？我应该如何入门，才不会感到压力太大？

可能我应该先从基础算法开始，逐步深入学习。先理解这些算法的基本原理，再去实践应用。同时，多做项目，积累经验，这样碰到复杂的问题时，才能更好地应对。

我还担心自己不够耐心，会不会三天打鱼两天晒网？那我是不是得给自己制定一个详细的计划，每天坚持学习和练习，逐步积累。

最后，机器学习是一个不断迭代发展的领域，新技术层出不穷。我应该如何保持学习的热情，不被最新技术的更新所淹没？

综上所述，我需要系统地学习机器学习的基础知识，从数据分析到算法应用，逐步掌握各种工具和技术。同时，通过实践项目来巩固知识，加入学习社区互相交流，分享经验。保持耐心和持续的学习态度，才能在机器学习的路上走得更远。

2025-06-07 16:42:34,069 - DEBUG - XiDian - 进入 get_experiment_record_details，整体实验ID: 1, 用户ID: 1
2025-06-07 16:42:34,071 - DEBUG - XiDian - 实验 1 共有 10 个步骤。
2025-06-07 16:42:34,072 - DEBUG - XiDian - 步骤 1: 找到记录 3，状态 'completed', 分数 95.0
2025-06-07 16:42:34,073 - DEBUG - XiDian - 步骤 2: 未找到对应记录，默认为 'pending', 分数 0.0
2025-06-07 16:42:34,073 - DEBUG - XiDian - 步骤 3: 未找到对应记录，默认为 'pending', 分数 0.0
2025-06-07 16:42:34,073 - DEBUG - XiDian - 步骤 4: 找到记录 1，状态 'completed', 分数 90.0
2025-06-07 16:42:34,074 - DEBUG - XiDian - 步骤 5: 未找到对应记录，默认为 'pending', 分数 0.0
2025-06-07 16:42:34,075 - DEBUG - XiDian - 步骤 6: 未找到对应记录，默认为 'pending', 分数 0.0
2025-06-07 16:42:34,075 - DEBUG - XiDian - 步骤 7: 未找到对应记录，默认为 'pending', 分数 0.0
2025-06-07 16:42:34,075 - DEBUG - XiDian - 步骤 8: 未找到对应记录，默认为 'pending', 分数 0.0
2025-06-07 16:42:34,076 - DEBUG - XiDian - 步骤 9: 未找到对应记录，默认为 'pending', 分数 0.0
2025-06-07 16:42:34,076 - DEBUG - XiDian - 步骤 10: 未找到对应记录，默认为 'pending', 分数 0.0
2025-06-07 16:42:34,262 - DEBUG - XiDian - Final response: 

### 学习机器学习的分步指南

1. **学习编程基础**
   - **掌握Python**：确保熟练掌握Python语法、数据结构（如列表、字典、元组等）、条件语句、循环和函数等。
   - **学习NumPy和Pandas**：这些库在数据处理和分析中非常常用，能够高效地处理大量数据。尝试使用它们进行一些基本的数组操作。
   - **了解Matplotlib或Seaborn**：用于数据可视化，帮助更好地理解数据分布和模型表现。

2. **掌握机器学习的基础知识**
   - **理解机器学习的定义和分类**：
     - 机器学习是让计算机从数据中学习，无需明确编程，用于预测或决策。
     - 核心算法分为监督学习（如分类和回归）、无监督学习（如聚类）、半监督和强化学习。
   - **学习机器学习的流程**：
     - 数据收集与准备→特征提取→模型选择→模型训练→模型评估→模型优化。

3. **掌握必要的数学知识**
   - **线性代数**：了解向量、矩阵、特征值等，这些都是机器学习算法的基础。
   - **概率论和统计学**：理解数据分布、方差、协方差、假设检验等，这些概念在机器学习模型中至关重要。

4. **学习基本的机器学习算法**
   - **监督学习**：
     - **分类算法**：如逻辑回归、决策树、随机森林、SVM。
     - **回归算法**：如线性回归、多项式回归。
   - **无监督学习**：
     - **聚类算法**：如K-means、层次聚类。
     - **降维技术**：如主成分分析（PCA）、t-SNE。

5. **掌握机器学习的模型评估与调优**
   - **评估指标**：如分类模型的准确率、召回率、F1分数；回归模型的MSE、RMSE、R²分数等。
   - **过拟合与欠拟合**：理解模型复杂度与数据量的关系，通过正则化、交叉验证等方法进行调优。
   - **特征工程**：如特征选择、特征缩放、特征组合等，提升模型性能。

6. **实践项目实战**
   - **选择数据集**：可以从Kaggle、UCI Machine Learning Repository等平台获取公开数据集，如泰坦尼克号数据、 housing数据等。
   - **进行数据预处理**：清洗数据、填补缺失值、特征工程等。
   - **选择和训练模型**：尝试不同的算法，比较它们的性能，选择最优的模型。
   - **评估模型性能**：利用测试集评估模型在 unseen data上的表现，并进行性能调优。
   - **记录和分析结果**：保存模型输出结果，分析模型性能，探讨影响因素。

7. **参与机器学习竞赛**
   - **参加Kaggle竞赛**：Kaggle平台上的众多竞赛为初学者提供了实践和提升的机会。
   - **分析他人解答**：通过查看他人的解决方案和讨论区，学习他们的解题思路和技巧。

8. **持续学习与提高**
   - **阅读书籍和文档**：深入阅读经典的机器学习书籍（如《机器学习实战》、《统计学习方法》、《Deep Learning》）和官方文档（如Scikit-learn、TensorFlow的文档）。
   - **关注最新进展**：机器学习领域新技术层出不穷，如深度学习、强化学习等，及时了解和学习这些新知识。
   - **加入学习社区**：参与学习社区，如Reddit的r/machinelearning，Stack Overflow，Kaggle forums等，与同行交流，分享学习经验。

9. **Stay curious and persistent**
   - 机器学习是一个复杂且多样的领域，保持对新知识的好奇心和探索精神。
   - 逐步积累，不要急于求成，持续实践和学习，才能真正掌握机器学习。
   - 遇到困难和挑战时，不要气馁，寻求帮助或深入思考，逐步克服。

通过遵循以上分步指南，可以从基础逐步深入学习机器学习，最终能够独立设计和实现机器学习模型，并应用于实际问题中。
2025-06-07 16:42:34,262 - DEBUG - XiDian - Final reasoning response: 好，我最近对机器学习挺感兴趣的，想给自己定个学习计划。机器学习是一个挺大的领域，涉及到很多技术，我应该从哪里开始呢？

首先，我得了解机器学习的基本概念和原理。听说机器学习是让计算机在没有人类明确编程的情况下学习和改进。那么，学习方法主要分为监督学习、无监督学习、半监督学习和强化学习。监督学习需要有标记数据，用来预测结果；无监督学习则不需要标签，主要用于发现数据中的结构。半监督和强化学习可能复杂一些，暂时先从监督和无监督学起。

我应该先从基础的编程知识入手。听说机器学习常用Python，所以得学Python。我有一些基础的Python知识，但不太熟练，可能需要复习一下数据结构和常用库，比如NumPy和Pandas。这些库在处理数据时非常有用。

接下来，了解数学基础也很重要。机器学习涉及很多数学，尤其是线性代数、概率论和统计学。听说线性代数可以帮助表示数据，概率和统计用于模型评估。我应该先复习这些数学知识，或者学习一些相关的在线课程或教材。

然后是机器学习的核心算法。监督学习中的分类和回归是最基本的，例如逻辑回归、决策树和随机森林。无监督学习中的聚类和降维，比如K-means和主成分分析也是必须学习的。我应该先选择几个简要的算法，先做些基础的项目练习，加深理解。

数据预处理也是机器学习中不可忽视的一环。数据可能不干净，需要清洗、归一化和特征工程。Python的Pandas库和NumPy都能较好地处理这些任务。我需要学会如何处理缺失值、异常值和数据转换。

模型评估方面，了解评估指标很重要。不同的算法需要不同的指标，比如分类模型可以使用准确率、召回率和F1分数，回归模型可以看均方误差等。在学习每个算法时，同时学习相应的评估方法，可以帮助自己更好地理解算法的效果。

机器学习项目实战相当重要。应该选择一些公开的数据集开始，比如Kaggle上的数据。先从简单的项目开始，逐渐积累经验。通过实际操作，能够更好地掌握算法和工具的使用。

参加比赛可以帮助提升技能，也有助于与别人交流学习。Kaggle上定期有机器学习竞赛，可以试着参与这些比赛，学习别人的解题思路和代码。

持续学习和实践必不可少，机器学习是动态发展的，得时刻关注最新的进展和技术。同时，多实践各种算法，保持对新知识的敏感度。

阅读相关书籍和 Documentation 也是很好的学习方式。像《机器学习实战》和《Deep Learning》都是不错的选择。同时，官方文档和社区讨论也能提供很多帮助。

在学习过程中，遇到的问题和困难是难免的。得建立一个支持学习的环境，与朋友讨论，向老师或行业内的专家请教，共同进步。

最后，理论与实践结合，不能只停留在理论，要通过项目、竞赛等实际操作来提升自己的应用能力。这样才能真正掌握机器学习的知识和技能。

2025-06-07 16:42:34,512 - DEBUG - XiDian - 进入 get_experiment_record_details，整体实验ID: 1, 用户ID: 1
2025-06-07 16:42:34,514 - DEBUG - XiDian - 实验 1 共有 10 个步骤。
2025-06-07 16:42:34,515 - DEBUG - XiDian - 步骤 1: 找到记录 3，状态 'completed', 分数 95.0
2025-06-07 16:42:34,515 - DEBUG - XiDian - 步骤 2: 未找到对应记录，默认为 'pending', 分数 0.0
2025-06-07 16:42:34,516 - DEBUG - XiDian - 步骤 3: 未找到对应记录，默认为 'pending', 分数 0.0
2025-06-07 16:42:34,516 - DEBUG - XiDian - 步骤 4: 找到记录 1，状态 'completed', 分数 90.0
2025-06-07 16:42:34,516 - DEBUG - XiDian - 步骤 5: 未找到对应记录，默认为 'pending', 分数 0.0
2025-06-07 16:42:34,516 - DEBUG - XiDian - 步骤 6: 未找到对应记录，默认为 'pending', 分数 0.0
2025-06-07 16:42:34,516 - DEBUG - XiDian - 步骤 7: 未找到对应记录，默认为 'pending', 分数 0.0
2025-06-07 16:42:34,516 - DEBUG - XiDian - 步骤 8: 未找到对应记录，默认为 'pending', 分数 0.0
2025-06-07 16:42:34,516 - DEBUG - XiDian - 步骤 9: 未找到对应记录，默认为 'pending', 分数 0.0
2025-06-07 16:42:34,517 - DEBUG - XiDian - 步骤 10: 未找到对应记录，默认为 'pending', 分数 0.0
2025-06-07 16:42:34,577 - DEBUG - XiDian - Final response: 

学习机器学习是一个循序渐进的过程，需要系统地掌握基础知识和实践技能。以下是一个清晰的步骤指南，帮助你从零开始学习机器学习：

### 1. 学习编程基础

- **掌握Python**：机器学习的常见选择语言是Python，熟悉基本语法，如变量、函数、循环、条件等。
- **学习数据结构**：理解列表、元组、字典、集合等数据结构，掌握操作它们的基本方法。
- **掌握算法和编程模式**：学习基础算法如循环、递归，理解编程模式，如分治算法。

### 2. 建立数学基础

- **复习线性代数**：理解向量、矩阵、矩阵运算，这些是机器学习的基础。
- **掌握微积分**：学习导数、梯度等概念，为理解机器学习算法优化过程打下基础。
- **了解概率统计**：掌握概率分布、期望、方差等概念，理解数据分布和统计推断。

### 3. 学习机器学习基础

- **理解监督学习**：掌握分类和回归的基本概念和常见算法，如线性回归、Logistic回归。
- **学习无监督学习**：了解聚类和降维算法，如K-means、主成分分析（PCA）。
- **过渡到机器学习框架**：学习使用Python机器学习库（如scikit-learn）进行模型实现。

### 4. 深入学习算法与评估

- **深入理解模型**：学习支持向量机（SVM）、决策树、随机森林等算法的工作原理。
- **掌握评估指标**：理解准确率、F1分数、R²得分等指标，学习交叉验证等模型评估方法。
- **学习过拟合与正则化**：了解过拟合问题及其解决方法，如正则化技术，保持模型的泛化能力。

### 5. 实践与项目开发

- **开始机器学习项目**：通过实际项目应用所学知识，如房价预测、手写数字识别。
- **使用工具与框架**：熟悉TensorFlow、Keras等深度学习框架，了解神经网络结构。
- **参与开源项目**：加入机器学习社区，贡献代码，提升实战能力。

### 6. 进阶学习

- **学习深度学习**：深入理解神经网络、卷积神经网络（CNN）、循环神经网络（RNN）等。
- **探索迁移学习与强化学习**：学习如何利用预训练模型和强化学习技术，解决复杂问题。
- **关注最新动态**：通过技术博客、会议和论坛，了解机器学习领域的最新动态和趋势。

### 7. 持续学习与资源利用

- **阅读书籍与论文**：选择经典的书籍和论文，如《机器学习实战》、Andrew Ng的《深度学习》。
- **参与在线课程**：如Coursera、Udacity的机器学习课程，系统掌握内容。
- **加入学习社区**：在Stack Overflow、Kaggle等平台参与讨论，与他人交流学习经验。

### 8. 时间管理与自我评估

- **制定学习计划**：合理安排时间，分配固定的学习和实践时间。
- **定期评估**：检查学习进度，调整学习计划，确保全面覆盖各个知识点。

通过以上步骤，你可以系统地学习机器学习，从基础知识到实践应用，逐步掌握机器学习的核心概念和技能。记住，耐心和持续的努力是成功的关键。
2025-06-07 16:42:34,577 - DEBUG - XiDian - Final reasoning response: 嗯，我现在想要学习机器学习，可是我真的不知道从哪里开始。我听说过机器学习，知道它是一个领域，涉及很多算法和复杂的东西，但我对具体的学习路径还不是很清楚。我应该从哪里开始呢？

首先，我听说过“机器学习”这个词，但是具体它是什么，又有什么应用呢？我先来查一下机器学习的定义。机器学习是研究自动生成数据驱动的系统，这些系统能够通过经验学习和改进，执行某些有益于人类的任务。对吧？比如，自动驾驶汽车，或者在电商中推荐产品，这些都是机器学习的应用吧？

那么，要学习机器学习需要什么先决知识呢？我记得以前学过一些编程，比如Python，但是还只是入门阶段。我应该先从编程基础开始加深吗？还是说，数学和统计学是机器学习的基础，应该先把这些弄明白？

我想先了解一些基本的编程知识，比如Python的数据结构和算法，这样在学习机器学习的算法时会更容易理解。但是我担心自己的数学基础不够，可能需要复习一下线性代数、概率统计和微积分，这些是不是机器学习所需的基础呢？

接下来，机器学习需要处理数据，对吧？所以数据预处理也是很重要的。数据预处理包括数据清洗、特征工程、数据转换等等。这些具体操作我还不太了解，需要学习哪些工具和库呢？听说Python有pandas和numpy这些库，是用来处理数据的。我应该先学习一下这些库的基本用法。

然后是机器学习算法。机器学习有监督学习和无监督学习，还有半监督学习和强化学习。监督学习包括分类和回归。比如，分类可以用来区分不同的类别，比如识别图片中的数字；回归可以用来预测数值，比如房价预测。我不太确定具体这些算法的原理，我需要先理解一些基本的模型，比如线性回归、逻辑回归、支持向量机、决策树、随机森林等。

这些都是理论知识，我还需要一些实践操作。是不是应该做项目来应用这些知识呢？比如，我可以尝试做一个预测房价的模型，或者一个分类手写数字的项目。实践可以帮助我更好地理解理论和算法。

再者，机器学习的模型评估也很重要。如何评估模型的性能？我记得准确率、精确率、召回率、F1分数这些指标吧。还有一种方法是交叉验证。我需要学习这些评估方法，以便选择最好的模型。

然后是机器学习的工具和框架。听说scikit-learn是一个非常流行的机器学习库，可能有帮助。还有keras和TensorFlow这样的深度学习框架。我需要学习这些工具的使用方法，以便 implementing machine learning algorithms.

另外，我还需要了解一些具体的机器学习模型，比如神经网络。听说深度学习是机器学习的一个分支，涉及到很多复杂网络结构，如卷积神经网络、循环神经网络等。这些对我来说有点难，可能需要花更多时间学习。

我还听说迁移学习和强化学习是进阶的内容，可能在掌握了基础之后，再去学习这些高级技术。但我现在还不确定，需要慢慢来，先打好基础。

还有，就是要不断练习和实践。机器学习不是一天之内就能掌握的，我需要持续学习和做项目，才能真正掌握这些知识和技能。还要注意不要过于追求速度，而是要理解每个概念和算法的原理。

关于学习资源，我应该在哪里找呢？有没有好的书籍、在线课程推荐？听说《机器学习实战》这本书不错，还有Coursera上的Andrew Ng的机器学习课程也是个好资源。还有 marching-on 线上的机器学习教程。可能需要综合这些资源，结合起来学习。

另外，遇到问题时要如何处理呢？是自己尝试解决，或者找同学和老师讨论？如果遇到不理解的地方，应该及时寻求帮助，不要积累过多疑问。

另外，还要注意时间管理。如果想要系统地学习机器学习，可能需要制定一个学习计划，分配固定的时间来学习和实践。

在什么时候开始呢？可能现在就可以开始，先从基础知识入手，逐步深入。先学习编程，然后数学基础，接着学习机器学习的基础算法，再进行项目实践，最后评估和应用。

不过，我担心自己的时间有限，可能需要合理安排，优先学习那些最重要的内容。比如，先打好编程和数学基础，然后学习监督学习的算法，再尝试一些项目，最后学习评估和优化的方法。

总之，学习机器学习需要耐心和坚持，一步一步地积累知识和技能。通过系统地学习和不断的实践，我相信自己能够掌握机器学习的核心概念和应用。

2025-06-07 16:42:34,806 - DEBUG - XiDian - 进入 get_experiment_record_details，整体实验ID: 1, 用户ID: 1
2025-06-07 16:42:34,807 - DEBUG - XiDian - 实验 1 共有 10 个步骤。
2025-06-07 16:42:34,808 - DEBUG - XiDian - 步骤 1: 找到记录 3，状态 'completed', 分数 95.0
2025-06-07 16:42:34,809 - DEBUG - XiDian - 步骤 2: 未找到对应记录，默认为 'pending', 分数 0.0
2025-06-07 16:42:34,809 - DEBUG - XiDian - 步骤 3: 未找到对应记录，默认为 'pending', 分数 0.0
2025-06-07 16:42:34,809 - DEBUG - XiDian - 步骤 4: 找到记录 1，状态 'completed', 分数 90.0
2025-06-07 16:42:34,809 - DEBUG - XiDian - 步骤 5: 未找到对应记录，默认为 'pending', 分数 0.0
2025-06-07 16:42:34,809 - DEBUG - XiDian - 步骤 6: 未找到对应记录，默认为 'pending', 分数 0.0
2025-06-07 16:42:34,809 - DEBUG - XiDian - 步骤 7: 未找到对应记录，默认为 'pending', 分数 0.0
2025-06-07 16:42:34,809 - DEBUG - XiDian - 步骤 8: 未找到对应记录，默认为 'pending', 分数 0.0
2025-06-07 16:42:34,810 - DEBUG - XiDian - 步骤 9: 未找到对应记录，默认为 'pending', 分数 0.0
2025-06-07 16:42:34,810 - DEBUG - XiDian - 步骤 10: 未找到对应记录，默认为 'pending', 分数 0.0
2025-06-07 16:42:35,844 - DEBUG - XiDian - Final response: 

学习机器学习需要一个系统化的学习计划和持续的努力。以下是一些步骤，帮助你有效地学习机器学习：

### 1. **确立学习目标**
   - **短期目标**：例如，理解基本概念和掌握某个特定算法，如线性回归。
   - **长期目标**：如申请机器学习相关的职位，或能够解决实际问题。

### 2. **复习数学基础知识**
   - **线性代数**：理解和掌握向量、矩阵及其运算，这些是机器学习中算法的核心。
   - **概率和统计**：学习概率分布、统计推断等概念，帮助理解机器学习算法中的不确定性。
   - **微积分**：了解导数和优化方法，如梯度下降，这是机器学习中最常见的优化算法。

### 3. **掌握编程语言和工具**
   - **Python**：是机器学习中最常用的编程语言。学习 Python 的基本语法，以及常用的库：
     - **NumPy**：用于快速的多维数组操作。
     - **Pandas**：用于数据处理和分析。
     - **Matplotlib**、**Seaborn**：用于数据可视化。
     - **Scikit-learn**：机器学习库，提供了许多标准化的机器学习算法。

### 4. **学习机器学习的基本概念**
   - **监督学习**：如分类和回归问题，需要标记数据。
   - **无监督学习**：如聚类和降维，处理未标记的数据。
   - **半监督学习**：介于监督和无监督之间的学习方法。
   - **强化学习**：涉及代理和环境，通过奖励机制进行学习。

### 5. **理解常见的机器学习算法**
   - **回归算法**：如线性回归、逻辑回归。
   - **分类算法**：如K-近邻（KNN）、决策树、随机森林、Support Vector Machines (SVM)。
   - **聚类算法**：如K-Means、层次聚类。
   - **降维算法**：如Principal Component Analysis (PCA)。
   - **推荐系统算法**：如协同过滤。

### 6. **学习数据预处理**
   - **数据清理**：处理缺失值、去除重复数据。
   - **特征工程**：如归一化、特征选择。
   - **数据集划分**：将数据划分为训练集和测试集。
   - **过拟合与正则化**：防止模型在训练数据上表现良好，而在测试数据上表现不佳。

### 7. **实践与项目**
   - **基础项目**：开始于简单的预测任务，如房价预测、学生评分预测。
   - **中阶项目**：尝试更复杂的任务，如图像分类、自然语言处理。
   - **高级项目**：结合多个算法和深度学习技术，如神经网络、卷积神经网络（CNN）、长短期记忆网络（LSTM）。

### 8. **参与社区和合作学习**
   - **在线平台**：如 Kaggle、Coursera、 edX 等，提供各种学习资源和比赛。
   - **论坛和社区**：如 Reddit 的机器学习小组、Stack Overflow 上获取帮助。
   - **学习小组**：与他人一起学习，互相讨论和交流，可以提供不同的视角和资源。

### 9. **学习机器学习库和框架**
   - **Scikit-learn**：一个全面的机器学习库，适用于各种任务。
   - **TensorFlow 和 PyTorch**：专注于深度学习的框架，适合构建复杂的深度学习模型。
   - **Keras**：基于 TensorFlow 的机器学习框架，提供更高级的API。

### 10. **持续学习和改进**
   - **关注新闻和博客**：关注机器学习领域的最新动态和研究成果。
   - **参加比赛和挑战**：如Kaggle比赛，提升自己的实际应用能力。
   - **保持好奇心和批判性思维**：不断尝试新的算法和方法，探索其局限性和潜在的应用场景。

通过以上步骤，你可以逐步系统地学习机器学习，从基础到高级，理论与实践相结合，最终达到掌握和应用机器学习的目的。记住，学习是一个持续的过程，需要耐心和坚持。开始行动吧！
2025-06-07 16:42:35,847 - DEBUG - XiDian - Final reasoning response: 嗯，我现在对机器学习很感兴趣，想开始学习它。可是我觉得这有点复杂，不知道该从何处下手。首先，我记得机器学习是一种让计算机根据数据学习的方法，能够从数据中找出模式，并用来做出决策或预测。比如，推荐系统就是机器学习的一种应用，像 Netflix 和 Spotify 都有类似的推荐功能。

但是，初始化是什么呢？是的，就是让计算机自动识别数据中的模式，而不是手动编程。这让我不确定该从哪里开始。网上有很多资源，教程、文章、课程，但要选择一个好的起点真的需要一些指导。

我需要明确一些基础知识。听说机器学习涉及到很多数学知识，比如线性代数、概率论和统计学。我想先从这些基础开始学起，比如复习一下向量和矩阵的基本操作，或者复习概率分布的概念。但我不太确定这些数学知识在机器学习中的具体应用是什么，可能需要一段时间来慢慢理解。

接下来是编程技能。我目前只会 Python，但我听说 Python 是机器学习中非常常用的语言。有一些工具和库，比如 NumPy、Pandas、Matplotlib 和 Scikit-learn，这些都是机器学习中不可或缺的。我需要学会如何使用这些库，比如如何读取和处理数据，如何使用机器学习模型，等等。

然后是算法部分。听说机器学习有多种算法，比如回归、分类、聚类、降维等。首先应该从简单的方法入手，比如线性回归或者 K-近邻法，因为它们的原理相对直接，容易理解和实现。但我不太清楚这些算法的具体工作原理和应用场景，可能需要通过实践和示例来学习。

还有一个问题是数据预处理。数据往往会有缺失的值、不同的数据类型和需要进行归一化/标准化处理。这些步骤在实际应用中非常重要，但我不太明白具体该怎么做。是否需要逐一处理每个数据字段，如何检测和处理缺失值？此外，过拟合也是一个需要注意的问题，如何防止模型在训练数据上表现良好，而在测试数据上表现不佳？这些都是我需要回答的问题，但我对这些问题还不是很了解。

或许，我可以通过实际的项目来学习机器学习。比如，我可以尝试用机器学习算法来预测房价、分类 iris 数据集或者推荐系统等。做项目不仅能加深对理论知识的理解，还能实践代码实现，了解整个流程的每一个环节。

不，这可能有点困难，因为我刚入门，时间上和资源上都没有太多限制。或许我可以先从某个特定领域入手，比如图像识别或者自然语言处理，这些领域的机器学习应用非常广泛。但我不太确定哪一个领域更适合我目前的水平和兴趣。

我可以选择一些现有的教程或课程来学习，比如 Andrew Ng 的机器学习课程，这是一个经典的入门课程。课程包括视频、练习和作业，提供一个系统的学习过程。但我担心自己会卡在某个环节上，需要太长时间去理解和实践。

此外，有很多书也是学习机器学习的好资料。例如，《机器学习实战》通过代码实现来解释各种算法，这对初学者来说可能更容易理解。不过，我不确定这本书是否全面，是否涵盖了所有必要的知识点。

如果我能参与机器学习社区或者找到一个学习小组，一起交流和讨论，可能会对我理解知识有所帮助。和别人交流可以让我加深对某些概念的理解，同时也能从他人的经验和教训中获得启发。

不过，时间管理和精力都是一个问题，我需要合理安排时间，设立明确的学习目标和计划，逐步进行学习和实践。此外，我需要坚持下来，不能急于求成，逐步积累知识和技能，才能真正掌握机器学习。

当然，我还要考虑到自己的时间和资源限制，尽可能选择最适合自己的学习方式和 resource。有些人喜欢通过视频学习，有些人更喜欢通过阅读和实践来学习。我需要找到最适合自己的方法，以便高效地进行学习。

总的来说，学习机器学习需要耐心和毅力，我需要系统地学习基础知识、掌握编程技能、理解各种算法，并通过实际项目来不断实践和调整。虽然过程可能会遇到很多困难和挑战，但坚持下去，一定能够逐步掌握机器学习的知识。

2025-06-07 16:42:35,924 - DEBUG - XiDian - Final response: 

学习机器学习是一个系统性的过程，以下是一个逐步的学习计划和指南：

### 1. 理解机器学习的基础

- **机器学习的定义**：学习机器学习的基本概念，了解机器学习如何让计算机通过数据学习和改进。
- **机器学习的类型**：掌握监督学习、无监督学习、强化学习等主要类型及其适用场景。

### 2. 学习必要的数学知识

- **线性代数**：理解向量、矩阵操作和基础的代数运算，这对于理解机器学习算法至关重要。
- **概率论和统计学**：学习概率分布、期望、条件概率和统计推断，这些概念在机器学习模型中广泛应用。
- **微积分**：熟悉导数、梯度、优化算法（如梯度下降）等，这些是算法优化的核心。

### 3. 掌握Python编程

- **Python基础**：学习Python的语法、数据结构（如列表、字典、元组）和基础函数。
- **高级Python**：掌握模块和包的使用，学会使用标准库如`itertools`和`sys`。
- **数据科学库**：深入学习`NumPy`进行数值计算，`Pandas`进行数据处理，`Matplotlib`和`Seaborn`进行数据可视化。

### 4. 学习机器学习算法

- **基础算法**：从线性回归、逻辑回归开始，理解这些算法的原理和实现。
- **中阶算法**：学习决策树、随机森林、支持向量机（SVM）、k-近邻算法（KNN）等。
- **高级算法**：探索神经网络、卷积神经网络（CNN）、循环神经网络（RNN）以及强化学习。

### 5. 了解评估模型性能

- **评估指标**：学习如何使用准确率、召回率、F1分数、ROC曲线等指标评估模型性能。
- **交叉验证**：掌握交叉验证技术，如k-fold交叉验证，以提高模型评估的可靠性。
- **过拟合与欠拟合**：理解这些概念，学会使用正则化技术（如L1/L2正则化）、减少复杂度等方法来防止过拟合。

### 6. 数据预处理和工程化

- **数据清理**：处理缺失值、重复数据、异常值等，确保数据质量。
- **特征工程**：进行特征选择、工程、归一化和降维（如主成分分析 PCA）。
- **数据集划分**：将数据集划分为训练集、验证集和测试集，以进行模型训练和评估。

### 7. 实战项目

- **参与项目**：动手参与或完成机器学习项目，从数据收集、预处理、模型训练到评估和优化整个流程。
- **机器学习竞赛**：参加机器学习竞赛（如Kaggle竞赛），在实践中提升和应用你的技能。

### 8. 技术实现和部署

- **模型训练和优化**：使用深度学习框架如TensorFlow、PyTorch进行模型训练，了解前馈神经网络、卷积神经网络和循环神经网络。
- **模型部署**：学习如何将模型部署到生产环境，使用Flask、Django等框架构建API，或者采用微服务架构。

### 9. 学习先进技巧

- **集成学习**：了解集成学习方法，如随机森林、提升树（Boosting）和梯度提升树（GBDT）。
- **调优和优化**：学习调优超参数，使用网格搜索、随机搜索和贝叶斯优化等方法优化模型表现。
- **迁移学习**：学习如何使用迁移学习快速应用预训练模型，例如使用ResNet、BERT等在复杂任务中提升性能。

### 10. 实践和应用

- **问题建模**：将现实世界的问题转化为机器学习问题，明确目标，选择合适的算法。
- **实践案例**：研究并分析机器学习模型在实际中的应用，学习如何解决问题并验证结果。

### 11. 保持更新和实践

- **持续学习**：机器学习领域不断发展，及时关注最新的算法和应用，可以通过订阅新闻简报、参加在线课程来获取最新知识。
- **实践平台**：利用Kaggle、Udemy、Coursera等平台学习更多课程和项目，保持技能的灵活性和时效性。

通过遵循上述步骤，逐步掌握机器学习的知识和技巧，你可以从基础的学习逐渐过渡到能够独立开发和应用机器学习算法，解决实际问题。记住，机器学习需要时间和实践，保持耐心和好奇心，持续探索和学习才是成功的路径。
2025-06-07 16:42:35,943 - DEBUG - XiDian - Final reasoning response: 嗯，如何学习机器学习呢？好像这个问题挺广泛的，但也有一些具体的方法可以思考。首先，我需要了解机器学习是什么，以及它在哪些领域中有应用。机器学习听起来像是让计算机自己学习和改进，而不需要手动编写所有代码。听起来挺酷的！

其次，我需要知道机器学习的基本概念和技术。例如，监督学习、无监督学习、强化学习这些不同的机器学习方法有什么区别？监督学习，是不是利用有标签的数据来预测结果？而无监督学习则是通过分析数据本身来发现隐藏的模式？

然后，我应该学习一些基础的数学知识，因为机器学习背后涉及到很多数学原理。比如，线性代数、概率论、统计学和微积分这些都是非常基础的数学工具，对理解机器学习算法很重要。不如先从这些数学知识入手， laying down a solid foundation。

接下来，我需要学习一些编程技能。机器学习通常使用Python来实现，Python的语法不算太难，但为了be proficient in using Python for machine learning，我需要掌握一些高级功能，比如使用库如NumPy、Pandas、Matplotlib和Scikit-learn这些库。这些库可以帮助我进行数据处理、模型构建和评估。

机器学习算法是一个关键的部分，我需要从基础的算法开始学习，比如线性回归、逻辑回归、决策树和随机森林等。然后，我还需要了解机器学习模型的评估方法，比如准确率、召回率、F1分数和 ROC 曲线等等。这些评估方法可以帮助我衡量模型的性能，并进行优化。

数据预处理和工程化也是机器学习中很重要的一个环节。数据预处理包括数据清洗、特征工程、归一化、降维和数据集的分割等。工程化则涉及到排序算法，采用标准数据集进行验证和集成多种算法。优化模型的性能可以通过网格搜索和超参数调优来实现。此外，部署机器学习模型也是一个不容忽视的步骤，需要考虑模型的可解释性、部署框架的选择以及监控模型运行后的效果。

我还不太确定从哪里开始学习。也许可以从在线课程开始，比如Coursera上的《机器学习》课程，由Andrew Ng教授主讲，广为人知。我还发现书《机器学习实战》很有帮助，里面不仅有理论解释，还有 plenty of 实际案例和代码示例。此外，参加一些机器学习的在线竞赛和项目也可以提升我的技能和实际经验。

我还需要找到一个合适的开发环境来实践机器学习。首先，安装Python并安装一些必要的库，如PyTorch、TensorFlow等。接着，使用Jupyter Notebook来编写和运行代码，因为它的交互式环境非常适合学习和实验。安装一些本地开发工具，如VS Code，配置相应的插件来提高开发效率。最终，配置一个服务器环境，当你想运行生产环境代码时，可以用来测试和运行。

最后，我意识到持续学习和实践是非常重要的。机器学习是一个快速发展的领域，新技术和新算法层出不穷。只有不断学习最新的进展和应用案例，才能在机器学习的道路上走得更远。此外，与其他学习者交流和分享经验，也能帮助我获得更广阔的视角和建议。

总之，学习机器学习需要一个系统和持续的过程。我需要制定一个学习计划，从基础知识开始，逐步深入到高级算法和系统部署中去。同时，要通过实践项目来巩固和应用所学的知识，这样才能真正理解机器学习的工作原理，并将其应用到实际问题中去。

2025-06-07 16:42:36,073 - DEBUG - XiDian - 进入 get_experiment_record_details，整体实验ID: 1, 用户ID: 1
2025-06-07 16:42:36,075 - DEBUG - XiDian - 实验 1 共有 10 个步骤。
2025-06-07 16:42:36,075 - DEBUG - XiDian - 步骤 1: 找到记录 3，状态 'completed', 分数 95.0
2025-06-07 16:42:36,076 - DEBUG - XiDian - 步骤 2: 未找到对应记录，默认为 'pending', 分数 0.0
2025-06-07 16:42:36,076 - DEBUG - XiDian - 步骤 3: 未找到对应记录，默认为 'pending', 分数 0.0
2025-06-07 16:42:36,076 - DEBUG - XiDian - 步骤 4: 找到记录 1，状态 'completed', 分数 90.0
2025-06-07 16:42:36,076 - DEBUG - XiDian - 步骤 5: 未找到对应记录，默认为 'pending', 分数 0.0
2025-06-07 16:42:36,076 - DEBUG - XiDian - 步骤 6: 未找到对应记录，默认为 'pending', 分数 0.0
2025-06-07 16:42:36,077 - DEBUG - XiDian - 步骤 7: 未找到对应记录，默认为 'pending', 分数 0.0
2025-06-07 16:42:36,077 - DEBUG - XiDian - 步骤 8: 未找到对应记录，默认为 'pending', 分数 0.0
2025-06-07 16:42:36,077 - DEBUG - XiDian - 步骤 9: 未找到对应记录，默认为 'pending', 分数 0.0
2025-06-07 16:42:36,077 - DEBUG - XiDian - 步骤 10: 未找到对应记录，默认为 'pending', 分数 0.0
2025-06-07 16:42:36,158 - DEBUG - XiDian - 进入 get_experiment_record_details，整体实验ID: 1, 用户ID: 1
2025-06-07 16:42:36,160 - DEBUG - XiDian - 实验 1 共有 10 个步骤。
2025-06-07 16:42:36,161 - DEBUG - XiDian - 步骤 1: 找到记录 3，状态 'completed', 分数 95.0
2025-06-07 16:42:36,161 - DEBUG - XiDian - 步骤 2: 未找到对应记录，默认为 'pending', 分数 0.0
2025-06-07 16:42:36,161 - DEBUG - XiDian - 步骤 3: 未找到对应记录，默认为 'pending', 分数 0.0
2025-06-07 16:42:36,161 - DEBUG - XiDian - 步骤 4: 找到记录 1，状态 'completed', 分数 90.0
2025-06-07 16:42:36,161 - DEBUG - XiDian - 步骤 5: 未找到对应记录，默认为 'pending', 分数 0.0
2025-06-07 16:42:36,162 - DEBUG - XiDian - 步骤 6: 未找到对应记录，默认为 'pending', 分数 0.0
2025-06-07 16:42:36,162 - DEBUG - XiDian - 步骤 7: 未找到对应记录，默认为 'pending', 分数 0.0
2025-06-07 16:42:36,162 - DEBUG - XiDian - 步骤 8: 未找到对应记录，默认为 'pending', 分数 0.0
2025-06-07 16:42:36,162 - DEBUG - XiDian - 步骤 9: 未找到对应记录，默认为 'pending', 分数 0.0
2025-06-07 16:42:36,162 - DEBUG - XiDian - 步骤 10: 未找到对应记录，默认为 'pending', 分数 0.0
2025-06-07 16:42:36,965 - DEBUG - XiDian - Final response: 

学习机器学习是一个系统化的过程，涵盖了理论、算法、实践和工具使用等多个方面。以下是一份学习机器学习的基本指南，帮助你从零开始入门：

---

### 1. **打好数学基础**
机器学习的核心依赖于数学知识。以下是你需要掌握的基础知识：

- **线性代数**：理解向量、矩阵、特征值等概念，这是机器学习算法的核心。
- **概率与统计**：掌握概率分布、贝叶斯定理、期望值、方差等统计概念，这些都是机器学习的基础。
- **微积分**：了解导数、梯度、多元微积分等知识，这些都是机器学习算法优化的核心。
- **优化理论**：学习梯度下降、凸优化等知识点，这些都是机器学习中训练模型的关键。

---

### 2. **学习机器学习的基础概念**
在学习具体的算法之前，先理解机器学习的基本概念和术语。

- **机器学习是什么？** 机器学习是让计算机从经验中学习的科学。
- **监督学习 vs 无监督学习**：
  - **监督学习**：根据标签（有监督）训练模型，常见任务包括分类和回归。
  - **无监督学习**：根据数据本身的结构找到隐藏的模式，常见任务包括聚类和降维。
- **模型 vs 算法**：模型是包含参数的数学结构（例如线性回归模型），算法是用于训练模型的计算机程序（例如梯度下降算法）。

---

### 3. **学习机器学习算法**
机器学习中有多种算法，根据数据类型和任务的不同，选择合适的算法非常关键。以下是几种常用的基础算法：

- **回归算法**：
  - 线性回归：用于预测连续值。
  -多项式回归：在线性回归基础上增加多项式项。
  -逻辑回归：用于分类问题（虽然叫回归，但实际上是分类算法）。

- **分类算法**：
  -支持向量机（SVM）：通过构建最大间隔 hyperplane 进行分类。
  -决策树：基于树状结构的分类方法。
  -随机森林：多个决策树的集成方法。
  -朴素贝叶斯：基于贝叶斯定理的分类方法，常用于文本分类。
  -逻辑回归：用于分类问题。

- **聚类算法**：
  -K-means：将数据聚类到 k 个簇中。
  -层次聚类：构建层次结构的聚类树。
  -DBSCAN：基于密度的聚类算法。

- **降维算法**：
  -主成分分析（PCA）：将高维的数据降到低维。
  -解决多重共线性：处理特征之间相关性的问题。

- **强化学习**：
  -涉及智能体与环境之间的互动，通常用于游戏AI和自动化控制。

---

### 4. **实践与项目**
机器学习是一门实践性很强的学科，通过项目来积累经验。

- **掌握工具和库**：Python 是机器学习的首选语言，推荐学习以下库：
  - **NumPy**：处理高维数组。
  - **Pandas**：数据操作和清洗。
  - **Matplotlib & Seaborn**：数据可视化。
  - **Scikit-learn**：机器学习库，包含大量算法和工具，文档非常全面。
  - **Keras/TensorFlow**：易于使用的人工神经网络框架。

- **参与 Kaggle 竞赛**：Kaggle 是一个优秀的机器学习比赛平台，提供丰富的数据集和竞赛任务，帮助你实践算法。
- **处理数据集**：
  - 数据清洗（处理缺失值、异常值）。
  - 特征工程（提取或创建有用的特征）。
  - 数据拆分（训练集、验证集、测试集）。

---

### 5. **学习评估与调优**
机器学习模型的性能需要通过评估和调优来优化。

- **评估指标**：
  -回归任务：MSE（均方误差）、RMSE（均方根误差）、MAE（平均绝对误差）。
  -分类任务：准确率（Accuracy）、精确率（Precision）、召回率（Recall）、F1 分数、ROC 曲线。
- **模型调优**：
  -超参数调整：使用网格搜索（Grid Search）或随机搜索（Random Search）。
  -过拟合与欠拟合：通过正则化（L1/L2 正则化）或调整模型复杂度来平衡。

---

### 6. **学习推荐资源**
为了系统地学习机器学习，可以参考以下书籍、课程和在线资源：

- **书籍**：
  -《机器学习实战》（机器学习入门经典）。
  -《机器学习入门》（机器学习原理与实践）。
- **在线课程**：
  - 码云（CodelCols）的机器学习课程。
  - 李亦飞的“机器学习与深度学习”课程。
  - cs231n（Stanford 大学的深度学习课程）。
- **视频资源**：
  - YouTube 上的“3blue1brown”和“Sentdex”。
  - 博客：如 ml mastery（机器学习从基础到实践），djustement（机器学习笔记）。

---

### 7. **持续学习与实践**
机器学习是一个不断迭代的领域，新算法和新工具不断涌现。

- 定期阅读机器学习的最新论文和博客。
- 参与开源项目，例如在 GitHub 上 fork 或fork 机器学习项目。
- 多做项目，积累经验。
- 保持代码好吧，即使只是简单记录自己的学习过程。

---

### 总结
学习机器学习是一个逐步积累的过程，需要理论与实践相结合。从打好数学基础、理解基本概念，到学习算法、实践项目，一步步积累经验。坚持学习和实践，你会逐渐掌握机器学习的核心思想和技术。
2025-06-07 16:42:36,978 - DEBUG - XiDian - Final reasoning response: 好的，我现在需要帮助用户学习机器学习。用户之前询问了冒泡排序，现在换了一个主题，询问如何学习机器学习。首先，我应该考虑用户可能的背景和目标。他们可能是一个刚开始学习机器学习的新手，或者正在考虑进入这个领域的人。

用户的需求很明确，就是想知道学习机器学习的方法和步骤。我需要提供一个全面的指南，涵盖理论、实践、资源、工具等各个方面。首先，我应该强调基础知识的重要性，因为机器学习建立在统计学和线性代数的基础上。比如，矩阵运算在很多算法中都很关键。

然后，我需要说明学习的步骤。从理解基本概念开始，比如监督学习和无监督学习的差异，算法和模型的区别等等。学习算法部分应该涵盖回归、分类、聚类和降维等，给出具体例子让用户更好地理解。

接下来，推荐一些实践平台是非常有用的，因为实践是掌握机器学习的关键。Kaggle平台和Codecademy提供了丰富的项目和课程，可以帮助用户逐步积累经验。数据准备也是机器学习的重要环节，包括数据清洗、特征工程和数据拆分。

工具和框架是用户在学习过程中需要掌握的关键技术。Python是机器学习的首选语言，介绍一些常用的库，如NumPy、Pandas、Matplotlib和Scikit-learn，这些库对于数据处理和模型实现非常必要。

在评价指标和模型调优方面，用户需要了解如何评估模型的性能，选择合适的评价指标，以及如何通过超参数调整来优化模型。这有助于用户在面对实际问题时，能够选择合适的模型并进行调整。

推荐书籍和课程也能帮助用户打下更深的基础。例如，《机器学习实战》和一些MOOC课程提供了理论与实践的结合。深 dive into techniques则是为了那些希望深入研究特定领域的人准备的。

最后，学习建议应该鼓励用户理论与实践相结合，定期项目实践，参加社区交流，持续学习最新的技术。这些建议-faced用户的持续进步和职业发展很重要。

总的来说，我需要提供一个结构清晰、内容全面的学习路线，帮助用户系统地掌握机器学习。同时，语言要简洁明了，让用户能够根据自身的基础和目标选择合适的学习方法。这样，用户就能有效地入门并逐步提升自己的机器学习能力。

2025-06-07 16:42:37,170 - DEBUG - XiDian - 进入 get_experiment_record_details，整体实验ID: 1, 用户ID: 1
2025-06-07 16:42:37,172 - DEBUG - XiDian - 实验 1 共有 10 个步骤。
2025-06-07 16:42:37,172 - DEBUG - XiDian - 步骤 1: 找到记录 3，状态 'completed', 分数 95.0
2025-06-07 16:42:37,173 - DEBUG - XiDian - 步骤 2: 未找到对应记录，默认为 'pending', 分数 0.0
2025-06-07 16:42:37,173 - DEBUG - XiDian - 步骤 3: 未找到对应记录，默认为 'pending', 分数 0.0
2025-06-07 16:42:37,173 - DEBUG - XiDian - 步骤 4: 找到记录 1，状态 'completed', 分数 90.0
2025-06-07 16:42:37,173 - DEBUG - XiDian - 步骤 5: 未找到对应记录，默认为 'pending', 分数 0.0
2025-06-07 16:42:37,173 - DEBUG - XiDian - 步骤 6: 未找到对应记录，默认为 'pending', 分数 0.0
2025-06-07 16:42:37,174 - DEBUG - XiDian - 步骤 7: 未找到对应记录，默认为 'pending', 分数 0.0
2025-06-07 16:42:37,174 - DEBUG - XiDian - 步骤 8: 未找到对应记录，默认为 'pending', 分数 0.0
2025-06-07 16:42:37,174 - DEBUG - XiDian - 步骤 9: 未找到对应记录，默认为 'pending', 分数 0.0
2025-06-07 16:42:37,174 - DEBUG - XiDian - 步骤 10: 未找到对应记录，默认为 'pending', 分数 0.0
2025-06-07 16:42:37,335 - DEBUG - XiDian - Final response: 

学习机器学习是一个系统而复杂的过程，需要制定一个合理的学习计划，逐步掌握机器学习的基础知识和实践技能。以下是一个详细的指南，帮助你从零开始学习机器学习：

### 1. 理解机器学习的基本概念
机器学习是基于数据的智能技术，通过从数据中学习模式来执行预测或决策任务。它主要包括监督学习、无监督学习、半监督学习和强化学习四种方法。

### 2. 学习必要的数学知识
机器学习背后的数学基础主要包括线性代数、概率论和统计学、微积分和优化理论。
- **线性代数**：理解向量、矩阵和线性变换，这对于理解机器学习算法的内部工作原理至关重要。
- **概率论和统计学**：学习概率分布、贝叶斯定理、假设检验等，这些知识帮助理解数据的分布和机器学习模型的不确定性。
- **微积分**：掌握导数、梯度、海森矩阵等，帮助理解优化算法如梯度下降。
- **优化理论**：学习凸优化、拉格朗日乘数等，理解如何最小化机器学习模型的损失函数。

### 3. 掌握编程语言和工具
- **Python**：Python是机器学习领域最受欢迎的编程语言之一，掌握基本的Python语法和常用库如Pandas、NumPy、Matplotlib等。
- **数据分析库**：熟悉Pandas用于数据处理，NumPy用于数值计算，Matplotlib用于数据可视化。
- **机器学习库**：学习Scikit-learn库，这是实现机器学习算法的常用工具。
- **深度学习框架**：如TensorFlow和Keras，用于构建和训练深度学习模型。

### 4. 选择入门课程和书籍
- **在线课程**：
  - Andrew Ng的Coursera课程《机器学习》（Machine Learning）：这是机器学习领域的经典入门课程，由Stanford大学教授讲授。
  - Udacity的机器学习实践课程（Machine Learning nanodegree）：提供 hands-on 项目的实践学习。
  - 包括本书《机器学习实战》（Hands-On Machine Learning with Scikit-Learn and Scrapy）。
- **书籍**：
  - 《机器学习》（Machine Learning）：由Tom Mitchell编写，涵盖机器学习的基本概念和算法。
  - 《deep learning》（深度学习）：由 Ian Goodfellow 等人编写，适合深入学习深度学习。
  - 《统计学习导论》（An Introduction to Statistical Learning）：提供机器学习的统计视角，配合R语言实现。

### 5. 集成实践项目
通过实际项目来应用所学知识，逐步积累经验。开始可以尝试基础的分类和回归问题，例如手写数字分类、房价预测等。学习使用Scikit-learn中的各种算法，如线性回归、支持向量机、随机森林等，同时进行数据清洗、特征工程、模型评估和调参。

### 6. 关注最新技术和趋势
随着机器学习的不断发展，保持对最新技术和趋势的关注是非常重要的。
- 关注KDnuggets、机器学习⌊博客、GitHub等平台上的机器学习开源项目和教程。
- 参加机器学习相关的在线会议和论坛，如ICML、NeurIPS、CVPR等。
- 关注自动化的机器学习工具，如AutoML，了解如何自动化模型选择和调参过程。

### 7. 参与社区与合作
加入机器学习社区，通过参与代码共享和问题解答，提升自己的技能。
- 在GitHub上寻找机器学习项目，不管是开源还是个人项目，学习别人是如何构建和优化模型的。
- 加入机器学习相关的论坛和社区，如Discord群组、Reddit等，参与讨论和交流。
- 与他人合作或形成学习小组，共同完成机器学习项目，互相学习与反馈。

### 8. 持续学习与自我提升
机器学习领域不断进步，保持对新技术的关注和学习是必不可少的。
- 定期阅读机器学习和数据分析领域的新闻和博客，了解最新的算法和应用。
- 定期参加线上课程和线下会议，保持知识的更新。
- 不断实践和应用，将新的技能运用到实际工作中或项目中。

### 9. 应用到实际工作中
将机器学习的知识和技能应用到实际工作中，可以增加学习的乐趣和成就感，同时为职业发展积累宝贵的经验。
- 将机器学习应用到数据分析、商业智能、 recommendation systems、自然语言处理等领域。
- 将学习到的算法应用到个人项目中，完成从理论到实践的完整过程。

### 10. 培养良好的学习习惯和思维能力
- 注重细节，认真记录学习过程中的问题和解决方案。
- 持续反思，总结学习的经验和不足，及时调整学习方法。
- 培养系统的思维能力，学会将复杂的数学和算法应用到实际问题中。

通过以上系统的学习与实践，你可以逐步掌握机器学习的基本概念、技术与应用。记住，学习机器学习是一个长期且持续的过程，耐心和坚持是成功的关键。开始你的机器学习之旅吧！
2025-06-07 16:42:37,347 - DEBUG - XiDian - Final reasoning response: 嗯，我想学习机器学习，但感觉有些无从下手。首先，我需要了解什么是机器学习，以及它到底是什么样子的。听说机器学习是一种基于数据的智能技术，能够通过分析数据来进行预测或决策。但具体是怎么工作的呢？是不是需要编写很多复杂的程序来处理数据？

然后，我听说有各种不同的机器学习算法，比如线性回归、决策树、神经网络等等。这些算法听起来都有不同的应用场景，但具体如何选择适合自己的算法呢？可能需要根据具体的数据和需求来选择。

接下来，机器学习的流程是怎样的呢？是不是需要先收集和准备数据，然后进行数据预处理，接着选择模型，然后训练模型，最后评估和优化模型？这些步骤听起来有点多，但我需要一个清晰的流程来一步步进行。

在学习资源方面，有哪些好的入门书籍或在线课程推荐呢？听说有很多人推荐Andrew Ng的Coursera课程《机器学习》，但他是不是已经过时了？有没有其他的资源更适合我？可能需要同时参考几本不同的书，以全面理解机器学习的概念和实践。

编程语言方面，我比较熟悉Python，但有没有推荐的库或者框架呢？听说有Pandas、NumPy这些库用于数据处理，还有Scikit-learn用于机器学习算法。可能需要花时间学习这些工具的用法。

实践是检验学习成果的方式，我需要找到一些项目来实践所学知识。可能从简单的项目开始，比如分类问题或者回归问题，逐步积累经验。不过，中间可能会遇到很多问题，项目设计不明确、数据质量不好、模型调参困难等等，这些都需要不断学习和调整。

在面对复杂的数学和算法细节时，容易感到不知所措。机器学习背后有很多数学理论，比如线性代数、概率论、统计学等，这些数学知识听起来有些难度。如何有效地学习这些数学背景呢？是不是需要集中时间进行系统的数学学习，还是可以通过在学习机器学习时逐步补充数学知识？

团队合作和项目管理是非常重要的，机器学习项目通常需要团队的支持和有效的项目管理。如何组建一个有效的机器学习团队？是否需要学习一些项目管理的方法，比如敏捷开发或者Scrum？

持续学习和探索机器学习的前沿技术是非常必要的。机器学习是一个快速发展的领域，新的算法和应用不断涌现。如何保持对新技术的敏感度？是否需要订阅专业期刊、关注领域专家的博客，或者参加相关的在线会议和课程？

思维方式的转变也是.—学习机器学习需要具备什么样的思维能力？比如抽象思维、逻辑推理、问题解决能力等。如何通过学习机器学习来提升自己的思维能力，以及其他方面的软技能？

未来的发展趋势也值得思考。机器学习在哪些行业中应用最广泛？技术的未来发展方向是怎样的？这些思考可以帮助我更明确自己的职业规划和学习方向。

总之，学习机器学习是一个系统而复杂的过程，需要时间和耐心。我需要制定一个合理的学习计划，逐步掌握机器学习的基础知识和实践技能，同时不断挑战自我，解决遇到的问题，提升自己的能力。

2025-06-07 16:42:37,507 - DEBUG - XiDian - Final response: 

学习机器学习是一个系统性且渐进的过程，以下是一个有条理的学习计划，帮助你逐步掌握机器学习的核心概念和技能：

### 1. **明确学习目标**
   - **短期目标**：理解基本概念和算法，掌握核心原理。
   - **中期目标**：能够选择适合不同任务的机器学习模型，进行基本的数据分析和特征工程。
   - **长期目标**：能够独立完成一个完整的机器学习项目，包括数据准备、模型选择、优化和评估。

### 2. **学习基础知识**
   - **机器学习的基本概念**：
     - 了解监督学习（有监督和无监督）、半监督学习和强化学习的区别。
     - 学习常用术语，如特征、标签、训练集、测试集等。

   - **统计学和概率论**：
     - 掌握基本统计概念，如均值、中位数、标准差、方差、协方差和相关系数。
     - 理解概率分布（正态分布、贝叶斯定理等）和假设检验。

   - **线性代数**：
     - 学习向量、矩阵、特征值和奇异值分解（SVD）等基本概念。
     - 理解在机器学习中的应用，如PCA降维。

   - **微积分**：
     - 掌握导数、梯度、Hessian矩阵等概念，了解在优化算法（如梯度下降）中的应用。

### 3. **学习机器学习的基本算法**
   - **基础算法**：
     - **线性回归**：理解如何通过最小二乘法进行回归。
     - **逻辑回归**：学习分类问题的解决方法，了解Sigmoid函数和分类边界。
     - **k近邻算法（KNN）**：理解基于距离的分类和回归方法。
     - **决策树**：学习树状模型的构建过程和 prune 剪枝方法。
     - **随机森林**：了解集成学习的概念和优势。
     - **支持向量机（SVM）**：掌握最大margin分类器及其核函数的运用。

   - **无监督学习算法**：
     - **聚类分析**：学习k-means、层次聚类和DBSCAN等算法。
     - **主成分分析（PCA）**：理解降维技术及其应用。
     - **奇异值分解（SVD）**：学习其在数据压缩和推荐系统中的作用。

### 4. **掌握数据处理和特征工程**
   - **数据清洗**：
     - 学习处理缺失值、重复数据、异常值的方法。
     - 掌握数据标准化和归一化（如Min-Max缩放、Z-score标准化）。

   - **特征工程**：
     - 学会特征选择和生成，使用Factor Analysis或PCA提取新的特征。
     - 了解特征编码（如独热编码、标签编码）的重要性。

   - **数据可视化**：
     - 使用Matplotlib和Seaborn等工具绘制分布图、相关性矩阵和类别分布图。
     - 理解数据可视化在探索性数据分析中的作用。

### 5. **学习机器学习模型评估和优化**
   - **模型评估指标**：
     - 了解准确率、精确率、召回率、F1分数、ROC-AUC曲线等评估指标。
     - 学会根据问题需求选择合适的评估指标。

   - **模型优化**：
     - 掌握超参数调优的方法，如网格搜索（Grid Search）和随机搜索（Random Search）。
     - 学习正则化技术（L1、L2正则化）以防止过拟合。

   - **交叉验证**：
     - 理解K折交叉验证及其在模型评估中的应用。
     - 掌握留一法和留出法的适用场景。

### 6. **学习机器学习框架和工具**
   - **选择学习框架**：
     - 选择Python的Scikit-learn库作为基础学习工具。
     - 对于深度学习，可以后续学习TensorFlow或PyTorch。

   - **实践项目**：
     - 完成多个实际项目，如房价预测、图像分类等。
     - 模拟在实际工作中解决数据问题的过程。

### 7. **继续学习和探索高级内容**
   - **深度学习**：
     - 学习神经网络的基础，如前馈神经网络、卷积神经网络（CNN）、循环神经网络（RNN）。
     - 探索深度学习框架（如TensorFlow、PyTorch）的应用。

   - **强化学习**：
     - 了解基本概念和经典算法（如Q-Learning、Deep Q-Network）。
     - 模拟游戏AI的开发过程。

   - **目标检测和图像识别**：
     - 学习计算机视觉技术，如YOLO、Faster R-CNN等目标检测方法。
     - 使用OpenCV进行图像处理和分析。

### 8. **参与社区和持续学习**
   - **加入学习社区**：
     - 连接GitHub、Stack Overflow、Kaggle等平台，参与代码分享和问题解答。
     - 关注GitHub上的优秀项目和开源库，学习最新的技术和实践。

   - **参加在线课程和开源项目**：
     - 报名机器学习相关的在线课程（如Coursera的Andrew Ng的《机器学习》）。
     - 参与或者创建自己的机器学习项目，积累实战经验。

   - **阅读前沿论文和书籍**：
     - 学习近年来热门的论文和书籍，了解机器学习的最新发展和趋势。
     - 关注领域内的经典书籍，如《Pattern Recognition and Machine Learning》和《The Elements of Statistical Learning》。

### 9. **总结与计划**
   - 定期回顾学习内容，评估自己的掌握程度。
   - 根据实际需求和兴趣，调整学习计划，集中深入学习某些领域。
   - 设定短期和长期目标，制定详细的学习计划，确保持续学习。

通过以上步骤，你可以系统地学习机器学习，从基础概念到高级技术，逐步提升自己的技能，最终达到掌握和应用机器学习算法的目标。
2025-06-07 16:42:37,514 - DEBUG - XiDian - Final reasoning response: 好，我现在想学习机器学习，但不知道从哪里下手。机器学习听起来很复杂，有很多不同的算法和技巧。我应该先了解机器学习的基本概念和分类吗？我记得之前听说过有监督学习、无监督学习和半监督学习，但具体它们有什么区别呢？

我应该先从基础的开始学起，比如线性回归和逻辑回归这些基础算法。但是这些算法背后的工作原理是什么？它们如何实现呢？如果我只知道它们用来做什么，比如预测房价或者分类邮件，那具体怎么用呢？

此外，机器学习还有各种模型，比如支持向量机、随机森林、神经网络等等，这些模型都有不同的优缺点和适用场景。但我应该如何选择适合我项目的数据和数据集呢？我应该如何准备数据，清洗数据，处理缺失值和异常值呢？这些都是我需要掌握的基本技能吗？

实践也是关键，但是我应该先做些什么呢？是看一些教程和视频，然后写一些代码吗？可是有很多编程语言可以选择，比如Python、R、Java等等，我应该选择哪种语言来学习呢？

还有，机器学习的算法很多，每个算法都有很多调整参数的方法，我应该按照什么顺序来学习这些参数和优化方法呢？模型评估方面，有哪些指标可以用来评价模型的性能？比如准确率、精确率、召回率、F1分数等等，这些指标在不同情况下应该如何应用？

另外，我还需要掌握一些统计学的知识，比如假设检验、方差分析等等，这些统计方法在机器学习中扮演什么角色呢？概率和统计是机器学习的基础吗？

还有， faces和深度学习，这些高级的内容，我需要先掌握基础再进入这些领域吗？数据量大的时候，该怎么处理和优化呢？这些都是我需要回答的问题。

总之，我需要一步一步地学习机器学习的各个组成部分，先从理论开始，再进行实践和项目实践，逐步积累经验。同时，不断的学习新技术和优化方法也是必要的。现在我要怎么做呢？

2025-06-07 16:42:37,602 - DEBUG - XiDian - 进入 get_experiment_record_details，整体实验ID: 1, 用户ID: 1
2025-06-07 16:42:37,604 - DEBUG - XiDian - 实验 1 共有 10 个步骤。
2025-06-07 16:42:37,606 - DEBUG - XiDian - 步骤 1: 找到记录 3，状态 'completed', 分数 95.0
2025-06-07 16:42:37,606 - DEBUG - XiDian - 步骤 2: 未找到对应记录，默认为 'pending', 分数 0.0
2025-06-07 16:42:37,606 - DEBUG - XiDian - 步骤 3: 未找到对应记录，默认为 'pending', 分数 0.0
2025-06-07 16:42:37,607 - DEBUG - XiDian - 步骤 4: 找到记录 1，状态 'completed', 分数 90.0
2025-06-07 16:42:37,607 - DEBUG - XiDian - 步骤 5: 未找到对应记录，默认为 'pending', 分数 0.0
2025-06-07 16:42:37,607 - DEBUG - XiDian - 步骤 6: 未找到对应记录，默认为 'pending', 分数 0.0
2025-06-07 16:42:37,607 - DEBUG - XiDian - 步骤 7: 未找到对应记录，默认为 'pending', 分数 0.0
2025-06-07 16:42:37,607 - DEBUG - XiDian - 步骤 8: 未找到对应记录，默认为 'pending', 分数 0.0
2025-06-07 16:42:37,608 - DEBUG - XiDian - 步骤 9: 未找到对应记录，默认为 'pending', 分数 0.0
2025-06-07 16:42:37,608 - DEBUG - XiDian - 步骤 10: 未找到对应记录，默认为 'pending', 分数 0.0
2025-06-07 16:42:37,765 - DEBUG - XiDian - 进入 get_experiment_record_details，整体实验ID: 1, 用户ID: 1
2025-06-07 16:42:37,767 - DEBUG - XiDian - 实验 1 共有 10 个步骤。
2025-06-07 16:42:37,768 - DEBUG - XiDian - 步骤 1: 找到记录 3，状态 'completed', 分数 95.0
2025-06-07 16:42:37,769 - DEBUG - XiDian - 步骤 2: 未找到对应记录，默认为 'pending', 分数 0.0
2025-06-07 16:42:37,769 - DEBUG - XiDian - 步骤 3: 未找到对应记录，默认为 'pending', 分数 0.0
2025-06-07 16:42:37,769 - DEBUG - XiDian - 步骤 4: 找到记录 1，状态 'completed', 分数 90.0
2025-06-07 16:42:37,769 - DEBUG - XiDian - 步骤 5: 未找到对应记录，默认为 'pending', 分数 0.0
2025-06-07 16:42:37,769 - DEBUG - XiDian - 步骤 6: 未找到对应记录，默认为 'pending', 分数 0.0
2025-06-07 16:42:37,770 - DEBUG - XiDian - 步骤 7: 未找到对应记录，默认为 'pending', 分数 0.0
2025-06-07 16:42:37,770 - DEBUG - XiDian - 步骤 8: 未找到对应记录，默认为 'pending', 分数 0.0
2025-06-07 16:42:37,770 - DEBUG - XiDian - 步骤 9: 未找到对应记录，默认为 'pending', 分数 0.0
2025-06-07 16:42:37,770 - DEBUG - XiDian - 步骤 10: 未找到对应记录，默认为 'pending', 分数 0.0
2025-06-07 16:42:38,480 - DEBUG - XiDian - Final response: 

学习机器学习的方法和步骤可以通过以下内容清晰地呈现出来：

1. **建立数学基础**
   - **线性代数**：理解向量、矩阵和线性变换，这些是机器学习的核心。
   - **概率与统计**：掌握概率分布、期望、方差等统计概念。
   - **微积分**：学习导数、梯度、多元微积分，用于优化算法。
   - **优化理论**：了解梯度下降法及其变种，用于模型训练。

2. **学习编程语言——Python**
   - **Python基础**：熟悉数据结构、函数、模块和面向对象编程。
   - **库与框架**：掌握NumPy、Pandas、Matplotlib等库的基本操作，以及TensorFlow或PyTorch的使用。

3. **数据处理与分析**
   - **数据清洗**：处理缺失值、去除重复数据、标准化等。
   - **特征工程**：提取有用的特征，减少冗余特征，改善模型性能。
   - **数据可视化**：用图表显示数据分布和模式，辅助分析和决策。

4. **学习机器学习算法**
   - **基础算法**：理解线性回归、Logistic回归、决策树和随机森林等。
   - **监督学习**：掌握监督学习的监督和支持向量机(SVM)、神经网络等。
   - **无监督学习**：学习聚类（K-means、层次聚类）和降维（PCA、t-SNE）。

5. **模型评估与改进**
   - **评估指标**：理解准确率、召回率、F1分数、 ROC-AUC等指标。
   - **过拟合与欠拟合**：使用正则化、交叉验证等方法防止过拟合。
   - **模型调优**：调整学习率、超参数等优化模型表现。

6. **高级算法与框架**
   - **深度学习**：学习卷积神经网络(CNN)、循环神经网络(RNN)等深度学习模型。
   - **集成学习**：掌握Bagging、Boosting和Stacking等集成方法。
   - **强化学习**：理解基本概念和应用，如游戏AI。

7. **数据集与资源**
   - **常用数据集**：MNIST、CIFAR-10、 IMDb Reviews等。
   - **Kaggle比赛**：通过公开比赛提高实战经验，学习前沿方法和技巧。

8. **版本控制与协作**
   - **Git使用**：学习Git的基本操作，进行代码管理和协作开发。
   - **团队合作**：与他人协作，共同完成项目，提升沟通和 teamwork skills。

9. **实践项目**
   - **项目执行**：从问题定义到数据分析，构建模型，评估和优化，完成一个完整的机器学习项目。
   - **持续学习**：不断挑战新的项目，巩固和扩展知识。

10. **持续学习与社区参与**
    - **阅读经典书籍**：如《Pattern Recognition and Machine Learning》和《The Elements of Statistical Learning》。
    - **参与论坛**：加入Kaggle、Stack Overflow和Reddit等机器学习社区，交流经验，解答问题。
    - **关注最新发展**：了解机器学习领域的最新算法和应用，跟进技术趋势。

通过以上步骤，系统地学习和实践，逐步掌握机器学习的基本理论和实际应用，提高解决实际问题的能力。
2025-06-07 16:42:38,480 - DEBUG - XiDian - Final reasoning response: 嗯，如何学习机器学习呢？我觉得这是一个挺广泛的领域，因为机器学习涉及很多技术，比如算法、数据处理、编程等等。我刚接触机器学习，感觉有点 overwhelmed，不知道从哪里开始。

首先，我需要理解什么是机器学习。听说机器学习是通过让计算机从数据中学习，找到规律，然后用来做预测或者决策。比如，推荐系统，自动驾驶汽车这些都用机器学习。但是具体怎么操作呢？听说需要用到编程语言，比如Python，还有各种库，比如TensorFlow或者PyTorch。这些都是我需要学习的吗？

我觉得我应该先从最基础的编程开始。因为机器学习需要编程知识，特别是数据处理方面的。Python对我来说有点难，但我知道它有很好的 libraries，比如Pandas和NumPy，这些可能对我有帮助。我有点犹豫，是否需要学R或者其他语言，但听说R主要用于统计分析，机器学习更多的是用Python，所以我先集中精力学Python。

然后，数据处理和分析也是机器学习的重要部分。机器学习算法需要处理大量的数据，我需要了解如何从数据集中提取有用的信息。听说要进行数据清洗，处理缺失值，数据转换，特征工程等。这些都是比较基础的操作，但具体怎么操作呢？不知道有没有什么好的教程或课程可以跟着走。

接下来是算法本身。机器学习有监督学习和无监督学习，监督学习包括回归和分类，无监督学习则包括聚类和降维。我需要先了解这些不同算法的原理和应用。比如，线性回归用于预测，Logistic回归用于分类，K-means用于聚类，PCA用于降维。听起来这些算法都有类似的结构，但具体实现方式有点不同。

然后，我得知道如何用这些算法来解决实际的问题。比如，如何选择合适的算法，如何调整参数，如何评估模型的性能。模型评估方面，听说有准确率、召回率、F1分数等等指标。我该如何理解这些指标，如何根据具体情况选择合适的评估方法呢？

此外，我还听说机器学习有高级的算法，比如支持向量机、随机森林、神经网络等等。这些算法比基本算法更复杂，需要更深入的学习。我是不是应该先掌握基本算法，然后再学习这些复杂的算法呢？

数据预处理也是机器学习中的一个重要环节。数据可能有很多噪音，不完整，或者不平衡。我需要知道如何处理这样的数据，确保模型能够更好地学习。数据归一化、标准化，过采样和欠采样的技术，这些都是我需要了解的。

另外，version control方面，听说使用Git是必不可少的工具。我每天都会写代码，所以学习如何使用Git进行代码管理和协作也是很重要的。这次课程中提到了一些版本控制的基础知识，但感觉还不够深入，可能需要额外学习。

还有，机器学习项目也是学习中不可或缺的部分。实际操作通过项目来巩固所学的知识，积累经验。我需要寻找一些好的机器学习项目，从数据获取、处理、分析，到模型构建和评估，逐步实践自己的技能。

除了这些，我觉得还应该阅读一些经典的书籍和论文。听说《Pattern Recognition and Machine Learning》和《The Elements of Statistical Learning》是机器学习的入门书籍，我应该先读这些书，打好数学基础。但是这些书看起来有点难，我得慢慢来，不能急于求成。

另外，社区的支持也是学习过程中很重要的部分。每个学习小组或者论坛，比如Kaggle，Stack Overflow，Reddit等，都是 exchange ideas and learn from others的好地方。我应该积极参与讨论，向有经验的学习者请教，不断改进自己的知识和技能。

时间管理也很重要。学习机器学习需要投入大量的时间和精力，制定一个合理的学习计划，安排每天的学习任务，避免拖延。我需要制定一个详细的学习计划，包括每天学习的内容和学习时间，确保能够按时完成。

最后，patience and persistence也是学习过程中的重要品质。机器学习是一个不断优化和改进的过程，不可能一蹴而就。需要耐心学习，不怕失败，持续地进行实践和改进，才能真正掌握机器学习的知识和技术。

总的来说，学习机器学习需要系统性地学习编程、数据处理、算法和模型评估等内容，同时积极参与实践项目和社区交流，以积累实际经验。并且，制定合理的计划，争取足够的时间和精力来一步步stonelsearn机器学习的知识和技能。

2025-06-07 16:42:38,707 - DEBUG - XiDian - 进入 get_experiment_record_details，整体实验ID: 1, 用户ID: 1
2025-06-07 16:42:38,708 - DEBUG - XiDian - 实验 1 共有 10 个步骤。
2025-06-07 16:42:38,709 - DEBUG - XiDian - 步骤 1: 找到记录 3，状态 'completed', 分数 95.0
2025-06-07 16:42:38,709 - DEBUG - XiDian - 步骤 2: 未找到对应记录，默认为 'pending', 分数 0.0
2025-06-07 16:42:38,709 - DEBUG - XiDian - 步骤 3: 未找到对应记录，默认为 'pending', 分数 0.0
2025-06-07 16:42:38,710 - DEBUG - XiDian - 步骤 4: 找到记录 1，状态 'completed', 分数 90.0
2025-06-07 16:42:38,710 - DEBUG - XiDian - 步骤 5: 未找到对应记录，默认为 'pending', 分数 0.0
2025-06-07 16:42:38,710 - DEBUG - XiDian - 步骤 6: 未找到对应记录，默认为 'pending', 分数 0.0
2025-06-07 16:42:38,710 - DEBUG - XiDian - 步骤 7: 未找到对应记录，默认为 'pending', 分数 0.0
2025-06-07 16:42:38,710 - DEBUG - XiDian - 步骤 8: 未找到对应记录，默认为 'pending', 分数 0.0
2025-06-07 16:42:38,711 - DEBUG - XiDian - 步骤 9: 未找到对应记录，默认为 'pending', 分数 0.0
2025-06-07 16:42:38,711 - DEBUG - XiDian - 步骤 10: 未找到对应记录，默认为 'pending', 分数 0.0
2025-06-07 16:42:38,910 - DEBUG - XiDian - Final response: 

学习机器学习是一个系统化的过程，需要掌握相关的基础知识、算法、工具和实践经验。以下是一些学习机器学习的建议和步骤，帮助你快速入门：

---

### 1. **掌握基础知识**
   - **编程基础**：
     - 学习 Python，这是机器学习中最常用的编程语言。掌握基础语法、数据结构（如列表、字典、元组等）、函数和模块。
     - 学习“Hello World”式的基础程序，然后逐步学习更复杂的概念。

   - **数学基础**：
     - **线性代数**：理解向量、矩阵、特征值、奇异值分解等概念，这些都是机器学习的核心。
     - **概率与统计**：学习概率分布、期望、方差、协方差等概念，掌握统计推断的基本方法。
     - **微积分**：理解梯度、导数、偏导数等概念，这些概念在优化算法（如梯度下降）中非常关键。
     - **优化算法**：
       - 学习梯度下降法、牛顿法、共轭梯度法等优化方法，这些方法用于最小化损失函数。

   - **算法基础**：
     - 理解基础算法（如排序算法、搜索算法、图算法等），这对理解机器学习算法有一定的帮助。

---

### 2. **了解机器学习 basics**
   - **机器学习的定义**：
     - 机器学习是让计算机在没有明确程序的情况下学习数据中隐含的模式，并通过这些模式进行预测或决策。

   - **机器学习的类型**：
     - 学习监督学习、无监督学习、半监督学习和强化学习的基本概念和应用场景。
     - **监督学习**：如分类（逻辑回归、决策树、随机森林）和回归（线性回归、多项式回归）。
     - **无监督学习**：如聚类（K-means、层次聚类）、降维（主成分分析）等。

   - **数据准备与处理**：
     - 知道如何处理数据：清洗、归一化、特征工程等。这是机器学习中非常关键的一步。

---

### 3. **学习机器学习库**
   - **Python库**：
     - **TensorFlow 或 PyTorch**：这两种是最流行的深度学习框架，用于构建和训练复杂的模型。
     - **Scikit-learn**：一个功能完善但易于上手的机器学习库，适合快速实现基础算法。
     - **Pandas和NumPy**：这两个库用于数据处理和数值计算，是机器学习的基础工具。
     - **Matplotlib 或 Seaborn**：用于数据可视化，帮助你更好地理解数据和模型输出。

---

### 4. **学习算法和模型**
   - **基础模型**：
     - 学习线性回归、逻辑回归、K-近邻算法（KNN）、决策树等基础模型。
     - 学习它们的原理、优点和缺点，以及适用场景。

   - **复杂的模型**：
     - 学习支持向量机（SVM）、随机森林、梯度提升机（如 XGBoost、LightGBM）等复杂模型。
     - 了解神经网络和深度学习的基本概念，学习如何使用 TensorFlow 或 PyTorch 实现神经网络。

   - **模型评估**：
     - 学习如何评估模型的性能，如准确率、召回率、F1 分数、ROC 曲线、AUC 等指标。
     - 了解过拟合和欠拟合的问题，以及如何通过正则化、交叉验证等方式解决。

---

### 5. **实践项目**
   - **动手实践**：
     - 完成一些经典的机器学习项目，如手写数字识别（MNIST）、房价预测、图像分类等。
     - 我们可以使用 Kaggle 平台上的 competitions 或私有数据集来完成这些项目。

   - **使用工具**：
     - 学习如何使用 Jupyter Notebook 或 Python script 来编写和运行机器学习代码。
     - 学习如何整理代码和文档，保持代码清晰可读。

   - **部署模型**：
     - 学习如何将训练好的模型部署到生产环境，使用 Flask 或 FastAPI 等框架实现服务。

---

### 6. **学习进阶内容**
   - **特征工程（Feature Engineering）**：
     - 如何提取和变换特征，提高模型性能。

   - **集成学习**：
     - 如何通过集成多个模型来提高预测性能（如随机森林、 Gradient Boosting 等）。

   - **调参（Hyperparameter Tuning）**：
     - 学习如何通过网格搜索（Grid Search）、随机搜索（Random Search）、贝叶斯优化等方式调参。

   - **实时监控和维护**：
     - 了解如何监控模型的性能，发现它是否需要重新训练或维护。

---

### 7. **推荐的资源**
   - **书籍**：
     - 《机器学习实战》（Python 实现，作者：Peter Harrington）。
     - 《机器学习》（理论基础，作者：周志华）。
     - 《Deep Learning》（作者： Ian Goodfellow 等）。

   - **在线课程**：
     - Coursera 上的 Andrew Ng 的《机器学习》。
     - edX 上的 《Intro to CSMO》（麻省理工）。
     - Udacity 的《Introduction to AI and ML》。

   - **博客和教程**：
     -Towards Data Science（Medium 刊物）。
     - Geeky Insights、 medium/r/MachineLearning 等。

--- 

### 8. **注意以下几点**
   - **不要急于求成**：
     - 机器学习是一个不断学习和改进的过程。不要急于追求复杂的模型或高级技术，先打好基础。
   - **实践是关键**：
     - 实践才是学习机器学习的唯一途径。即使你了解理论，如果不动手实现，你就不真正理解。
   - **不要陷入“高薪职位背后有很简单的东西”的陷阱**：
     - 机器学习的核心是算法和模型，而不是框架或工具。真正高薪的是你的能力和实战经验。

---

### 9. **开始学习！**
   - 将基础知识与实践结合，从简单的模型开始，如线性回归，然后逐步学习复杂的模型和算法。
   - 完成一个完整的机器学习项目，从数据预处理到模型训练，再到模型评估和部署。

机器学习是一个有趣的领域，它结合了计算机科学、统计学和优化理论。希望你能通过系统的学习和不断的实践，掌握机器学习的核心知识，并将其应用到实际问题中。祝你学习愉快！
2025-06-07 16:42:38,926 - DEBUG - XiDian - Final reasoning response: 好，用户开始询问如何学习机器学习了。我得先想用户可能需要什么样的指导，因为他之前提到了冒泡排序，说明他可能刚开始接触编程或算法。所以，学习机器学习对他来说可能是比较深入的话题，需要一步步引导。

首先，我应该从基础开始。机器学习涉及多个领域，比如统计学、线性代数、编程，特别是Python，所以应该先确保他有这些基础。如果他在编程方面不太熟悉，可能需要先学习Python，毕竟这机器学习主要使用Python。

然后，模型会非常重要，我要解释不同类型的模型，如监督学习、无监督学习，还有神经网络和深度学习。这样他可以了解广度，避免只学部分模型。

接下来，数据准备和清理也是关键，很多时间都花在处理数据上，所以强调收集、清洗、处理数据的重要性。如果他不会处理数据，可能会影响后面的学习。

如果有一台计算机，我可以建议他安装必要的工具包，比如TensorFlow、PyTorch、Pandas等等。这些工具对机器学习非常重要，没有它们可能会很吃力。

实践和项目也是关键， lint必须通过做项目来学。可能需要先从简单项目开始，然后逐步挑战更复杂的任务。这样可以巩固所学，发现不足。

学习资源方面，我需要推荐好的书籍、在线课程，还有基础的数学复习材料，因为他可能在数学上有不足。同时，避免陷入陷阱，比如高薪职位背后的努力，提醒他认识到机器学习需要持续学习和实践。

激励他延迟满足，努力学习是很辛苦的，但长期来看是值得的。最后，准备开始学习并耐心坚持，这是最基础也是最重要的。

总结下来，我需要一步步引导用户，从基础到应用，理论到实践，确保他能系统地学习机器学习。

2025-06-07 16:42:38,974 - DEBUG - XiDian - Final response: 

学习机器学习可以从入门到进阶是一个系统的过程。以下是一个全面的学习路径和实用建议，帮助你快速掌握机器学习的核心概念、算法和实践技能：

---

### **1. 机器学习基础知识入门**
- **理解机器学习的概念**  
  机器学习是让计算机从数据中学习，并通过数据提升性能的任务。它包括监督学习（如分类和回归）、无监督学习（如聚类）和强化学习（如游戏AI）。
- **学习机器学习的基本流程**  
  机器学习的大致流程包括：
  - 数据收集和准备
  - 数据预处理和特征工程
  - 选择合适的算法
  - 训练模型
  - 测试和优化模型
  - 模型部署
- **了解关键术语**  
  关键术语包括：特征（feature）、标签（label）、训练集（training set）、验证集（validation set）、测试集（test set）、过拟合（overfitting）、欠拟合（underfitting）等。

---

### **2. 数学基础**
- **线性代数**  
  掌握向量、矩阵、矩阵乘法、特征值和特征向量等基本概念，因为机器学习模型的核心是基于线性代数。
- **概率与统计**  
  理解概率分布、统计推断、假设检验、方差、协方差等，这对理解机器学习算法的原理非常重要。
- **微积分与优化**  
  学习导数、梯度、链式法则和优化算法（如梯度下降）是理解机器学习算法优化的关键。

---

### **3. 编程技能**
- **Python 语言**  
  学会Python的基本语法，以及机器学习框架如Scikit-learn、TensorFlow、Keras、PyTorch等的使用。
- **数据处理与分析**  
  掌握使用Pandas和NumPy进行数据处理和分析，这是机器学习中的核心能力。
- **实践项目**  
  在Kaggle、GitHub等平台进行实战项目，通过数据分析、算法实现等方式加深理解。

---

### **4. 机器学习基础算法学习**
- **监督学习**  
  - **分类算法**：如逻辑回归、决策树、随机森林、支持向量机（SVM）、朴素贝叶斯。
  - **回归算法**：如线性回归、多项式回归。
- **无监督学习**  
  - **聚类算法**：如K-means、层次聚类。
  - **降维技术**：如主成分分析（PCA）、t-SNE。
- **强化学习基础**  
  探索Q学习和Deep Q Network（DQN）的基本概念。

---

### **5. 数据预处理与特征工程**
- **数据清洗**  
  处理缺失值、重复数据、异常值等。
- **特征工程**  
  包括特征提取、特征缩放、特征选择和特征组合，提升模型性能。
- **数据可视化**  
  用Matplotlib、Seaborn等工具进行数据可视化，帮助理解数据分布。

---

### **6. 机器学习项目经验积累**
- **小项目实践**  
  通过实现简单的机器学习项目（如手写数字识别、糖尿病预测）来加深理论知识的理解。
- **比赛参与**  
  在Kaggle等平台参与机器学习竞赛，通过实际比赛提升实战能力。
- ** deploy your model**  
  将训练出的模型用于生产或分享，提升部署能力。

---

### **7. 优化与评估**
- **模型评估**  
  学习如何评估模型性能，包括 accuracy、precision、recall、F1 score、ROC-AUC 等指标。
- **过拟合与欠拟合解决**  
  掌握正则化（L1/L2）、降维、调整模型复杂度、数据增强等技巧。
- **超参数调优**  
  使用Grid Search、Random Search、Bayesian Optimization等方法寻找最优模型参数。

---

### **8. 进阶学习**
- **深度学习入门**  
  学习深度神经网络（DNN）、卷积神经网络（CNN）、循环神经网络（RNN）等，理解其数学原理和实现。
- **自然语言处理（NLP）**  
  学习文本处理、词嵌入（Word2Vec、GPT）、情感分析等。
- **计算机视觉（CV）**  
  学习图像处理、特征提取、目标检测等技术。
- **强化学习进阶**  
  探索深度氧化（Deep Reinforcement Learning）和强化学习的应用场景。

---

### **9. 资源推荐**
- **书籍**  
  - 《机器学习实战》（Python实现）
  - 《机器学习》（由Tom Mitchell著）
  - 《数据科学从零到进阶》
- **在线课程**  
  - 数据分析与机器学习专项课程（Coursera、edX）
  - TensorFlow官方教程
  - 深度之眼（DeepLearning.AI）
- **工具文档**  
  - Scikit-learn官方文档
  - TensorFlow和Keras官方文档
  - PyTorch官方文档
- **社区与论坛**  
  - Kaggle Kernel
  - Reddit机器学习学习群
  - Stack Overflow机器学习标签

---

### **10. 持续学习与实践**
- **保持好奇心**  
  关注机器学习的最新进展和应用案例。
- **保持实践**  
  每天尝试解决一个小问题或实现一个新算法。
- **加入社区**  
  参与机器学习社区，与同行交流经验。

通过以上路径的学习和实践，你可以逐步掌握机器学习的核心知识和技能。记得从基础开始，慢慢积累，坚持实践是关键！
2025-06-07 16:42:38,990 - DEBUG - XiDian - Final reasoning response: 嗯，用户问的是“如何学习机器学习”。首先，我需要理解这个用户是谁。可能是刚开始接触机器学习的人，或者想入门的人。他们可能对机器学习的概念和流程不太了解，想要找到一个系统的学习路径。

接下来，我需要分析用户的真实需求。他们可能需要一个整体的框架来指导学习，比如从基础知识到实践的应用步骤。不过，也有可能他们只是想快速了解机器学习的基本是什么和做什么，不需要深入挖掘算法细节。

考虑到用户的问题是比较开放的，我决定提供一个全面的回答，涵盖从基础到进阶的多个方面。这样用户可以根据自己的情况选择适合的学习方法。

首先，我会提到理解机器学习的基础知识，包括概念、术语和应用场景。然后是数学基础，这是机器学习的核心，需要线性代数、概率统计和优化算法。接下来是编程技能，Python是主要工具，所以会提到学习Python的基本语法和常用库如NumPy和Pandas。

实践是学习机器学习的关键，所以我建议他们通过数据集进行实际操作，参考教材和文档。数据预处理也是不可忽视的部分，包括数据清洗和特征工程。

然后是核心算法，会简要介绍监督学习、无监督学习和深度学习的常见算法，帮助用户了解不同类型的问题如何解决。机器学习的流程和项目分解也是必须掌握的，从数据准备到模型评估再到部署都要涵盖。

持续学习和资源推荐是补充的部分，推荐一些书、在线课程和社区，让用户有持续进步的动力和资源。最后，提醒用户可以从零开始接触或者直接深入算法， depending on their current level.

整体上，我需要确保回答结构清晰，层级分明，让用户能够系统地逐步学习机器学习。同时，语言尽量简洁明了，避免过于技术化，以免用户感到困惑。

2025-06-07 16:42:39,128 - DEBUG - XiDian - 进入 get_experiment_record_details，整体实验ID: 1, 用户ID: 1
2025-06-07 16:42:39,129 - DEBUG - XiDian - 实验 1 共有 10 个步骤。
2025-06-07 16:42:39,130 - DEBUG - XiDian - 步骤 1: 找到记录 3，状态 'completed', 分数 95.0
2025-06-07 16:42:39,130 - DEBUG - XiDian - 步骤 2: 未找到对应记录，默认为 'pending', 分数 0.0
2025-06-07 16:42:39,131 - DEBUG - XiDian - 步骤 3: 未找到对应记录，默认为 'pending', 分数 0.0
2025-06-07 16:42:39,131 - DEBUG - XiDian - 步骤 4: 找到记录 1，状态 'completed', 分数 90.0
2025-06-07 16:42:39,131 - DEBUG - XiDian - 步骤 5: 未找到对应记录，默认为 'pending', 分数 0.0
2025-06-07 16:42:39,131 - DEBUG - XiDian - 步骤 6: 未找到对应记录，默认为 'pending', 分数 0.0
2025-06-07 16:42:39,131 - DEBUG - XiDian - 步骤 7: 未找到对应记录，默认为 'pending', 分数 0.0
2025-06-07 16:42:39,131 - DEBUG - XiDian - 步骤 8: 未找到对应记录，默认为 'pending', 分数 0.0
2025-06-07 16:42:39,132 - DEBUG - XiDian - 步骤 9: 未找到对应记录，默认为 'pending', 分数 0.0
2025-06-07 16:42:39,132 - DEBUG - XiDian - 步骤 10: 未找到对应记录，默认为 'pending', 分数 0.0
2025-06-07 16:42:39,197 - DEBUG - XiDian - 进入 get_experiment_record_details，整体实验ID: 1, 用户ID: 1
2025-06-07 16:42:39,198 - DEBUG - XiDian - 实验 1 共有 10 个步骤。
2025-06-07 16:42:39,199 - DEBUG - XiDian - 步骤 1: 找到记录 3，状态 'completed', 分数 95.0
2025-06-07 16:42:39,199 - DEBUG - XiDian - 步骤 2: 未找到对应记录，默认为 'pending', 分数 0.0
2025-06-07 16:42:39,200 - DEBUG - XiDian - 步骤 3: 未找到对应记录，默认为 'pending', 分数 0.0
2025-06-07 16:42:39,200 - DEBUG - XiDian - 步骤 4: 找到记录 1，状态 'completed', 分数 90.0
2025-06-07 16:42:39,200 - DEBUG - XiDian - 步骤 5: 未找到对应记录，默认为 'pending', 分数 0.0
2025-06-07 16:42:39,200 - DEBUG - XiDian - 步骤 6: 未找到对应记录，默认为 'pending', 分数 0.0
2025-06-07 16:42:39,200 - DEBUG - XiDian - 步骤 7: 未找到对应记录，默认为 'pending', 分数 0.0
2025-06-07 16:42:39,200 - DEBUG - XiDian - 步骤 8: 未找到对应记录，默认为 'pending', 分数 0.0
2025-06-07 16:42:39,201 - DEBUG - XiDian - 步骤 9: 未找到对应记录，默认为 'pending', 分数 0.0
2025-06-07 16:42:39,201 - DEBUG - XiDian - 步骤 10: 未找到对应记录，默认为 'pending', 分数 0.0
2025-06-07 16:42:39,219 - DEBUG - XiDian - Final response: 

学习机器学习可以从基础到深入是一个系统的过程，需要结合理论知识、实践项目和持续学习。以下是学习机器学习的分步建议：

---

### 1. **掌握基础知识**
机器学习涉及多个领域的知识，包括：
- **数学基础**：
  - 线性代数（向量、矩阵运算）：理解数据表示和操作。
  - 概率论和统计学（分布、假设检验）：理解数据的特性。
  - 优化方法（梯度下降）：理解模型训练的核心。
- **编程基础**：
  - Python 是机器学习的主流语言，掌握基础语法和常用库（如 NumPy、Pandas、Matplotlib）。
- **算法基础**：
  - 掌握常见算法（如线性回归、决策树）和模型评估方法（如混淆矩阵、ROC曲线）。

---

### 2. **入门到进阶学习路径**
根据你的目标（如理解原理还是做高级应用），可以从不同起点开始：

#### （1）**完全入门阶段**
目标：了解机器学习的基本概念和流程。
- 学习机器学习的定义、类型（监督学习、无监督学习、强化学习）。
- 学习数据预处理（数据清洗、特征工程）。
- 掌握基本算法，如线性回归、逻辑回归、k-近邻（KNN）。
- 资源推荐：
  - 《机器学习 crash course》（https://www.apache.orgBBBBBBBBBBBBBBBBBBBBBBBBBBBBBBBBBBBBBBBBBBBBBBBBBBB）
  - 自顶向下的学习方法：从具体的代码和项目开始，如 Kaggle 上的简单回归问题。

#### （2）**深入学习阶段**
目标：全面掌握深度学习和机器学习进阶技术。
- 学习深度学习的基础（如神经网络、卷积神经网络、循环神经网络）。
- 学习深度学习框架（如 TensorFlow、PyTorch）。
- 掌握监督学习算法（如支持向量机、随机森林、梯度提升树）。
- 学习无监督学习（如聚类、降维）。
- 资源推荐：
  - **书籍**：
    - 《机器学习实战》（机器学习的实践指南）
    - 《Python机器学习》（用 Python 实现机器学习算法）
    - 《深度学习》（深度学习领域的经典书籍）
  - **在线课程**：
    - Coursera（Andrew Ng 的机器学习课程）：https://www.coursera.orgBBBBBBBBBBBBBBBBBBBBBBBBBBBBBBBBBBBBBBBBBBBBBBBBBBBBBBBBBBBBBBBBBBBBBBBBBBBBBBBBBBBBBBBBBBBBBBBBBBBBBBBBBBBBBBBBBBBBBBBBBBBBBBBBBBBBBBBBBBBBBBBBBBBBBBBBBBBBBBBBBBBBBBBBBBBBBBBBBBBBBBBBBBBBBBBBBBBBBBBBBBBBBBBBBBBBBBBBBBBBBBBBBBBBBBBBBBBBBBBBBBBBBBBBBBBBBBBBBBBBBBBBBBBBBBBBBBBBBBBBBBBBBBBBBBBBBBBBBBBBBBBBBBBBBBBBBBBBBBBBBBBBBBBBBBBBBBBBBBBBBBBBBBBBBBBBBBBBBBBBBBBBBBBBBBBBBBBBBBBBBBBBBBBBBBBBBBBBBBBB）
    - Fast.ai（https://www.fast.ai）：https://www.fast.aiBBBBBBBBBBBBBBBBBBBBBBBBBBBBBBBBBBBBBBBBBBBBBBBBBBBBBBBBBBBBBBBBBBBBBBBBBBBBBBBBBBBBBBBBBBBBBBBBBBBBBBBBBBBBBBBBBBBBBBBBBBBBBBBBBBBBBBBBBBBBBBBBBBBBBBBBBBBBBBBBBBBBBBBBBBBBBBBBBBBBBBBBBBBBBBBBBBBBBBBBBBBB）

---

### 3. **实践是关键**
- **项目实战**：
  - 选择一个数据集（如 Kaggle 来源）进行建模。
  - 从数据预处理到模型训练、调优和评估，逐步练习。
  - 例如：预测房价（回归问题）、分类任务（如手写数字识别）。
- **工具使用**：
  - 学习使用 Jupyter Notebook 进行代码实现。
  - 学习如何使用 Scikit-learn 库中的模型。
  - 如果想深入，尝试使用 TensorFlow 或 PyTorch 实现深度学习模型。

---

### 4. **数学知识的补充**
如果你觉得数学基础不够扎实，可以先从网上的一些数学资源开始：
- 线性代数：The Matrix Calculus You Need For Machine Learning（https://www.csc.caltech.eduBBBBBBBBBBBBBBBBBBBBBBBBBBBBBBBBBBBBBBBBBBBBBBBBBBBBBBBBBBBBBBBBBBBBBBBBBBBBBBBBBBBBBBBBBBBBBBBBBBBBBBBBBBBBBBBBBBBBBBBBBBBBBBBBBBBB）
- 概率论和统计学：Code Like aStatistician（https://codech=>$=>牛b)
- 微积分：深度学习需要的线性代数和微积分复习指南（https://jph777.github.ioBBBBBBBBBBBBBBBBBBBBBBBBBBBBBBBBBBBBBBBBBBBBBBBBBBBBBBBBBBBBBBBBBBBBBBBBBBBBBBBBBBBBBBBBBBBBBBBBBBBBBBBBBBBBBBBBBBBBBBBBBBBBBBBBBBBBBBBBBBBBBBBBBBBBBBBBBBBBBBBBBBBBBBBBBBBBBBBBBBBBBBBBBBBBBBBBBBBBBBBBBBBB）

---

### 5. **推荐书籍和资源（进阶）**
- 《机器学习》（机器学习领域的经典书籍）
- 《PRML》（Pattern Recognition and Machine Learning）（需要较高的数学基础）
- 线性代数与机器学习（书籍 + 视频课程）：https:// blog.csdn.net/ j/common/TeV35j r.html
- 机器学习算法详解（书籍）：书籍内容以 Python 代码实现为主

---

### 6. **持续学习与社区参与**
机器学习是一个快速发展的领域，学习过程中需要不断更新知识：
- 关注 GitHub 上的优秀开源项目，学习 others implement。
- 参与 Kaggle 竞赛，实践比赛。
- 加入机器学习社区（如 Reddit 的 r/MachineLearning 或 Stack Overflow）。

---

### 总结
学习机器学习是一个循序渐进的过程，需要理论与实践结合。从基础的算法到复杂的模型，逐步深入。关键是坚持实践和不断学习，掌握代码实现和数学原理双管齐下。
2025-06-07 16:42:39,236 - DEBUG - XiDian - Final reasoning response: 好，用户问“如何学习机器学习”，我应该如何回答呢？首先，我需要明确用户的需求可能是，他们想进入机器学习领域，或者想改进现有的技能。用户可能是一个刚开始接触机器学习的人，或者是一个有其他背景的人，比如数据科学家、分析师或者其他相关领域的专业人士。

接下来，我应该考虑用户可能的背景，是否有编程基础，特别是Python的知识。如果他们对编程不太熟悉，可能需要从基础开始学起，所以推荐使用Python作为工具，因为它的社区好，有很多库和资源。

然后，机器学习需要数学和统计学的基础，所以用户需要理解线性代数、概率论和统计学、优化方法等数学知识。如果他们没有这些基础，可能需要花时间学习这些基础知识，要不然学习机器学习会很吃力。

之后，推荐学习路径也很重要。我可以分阶段来指导用户，首先是入门阶段，了解概念和基础算法，比如线性回归、逻辑回归、决策树和随机森林。然后是进阶阶段，深入学习深度学习和神经网络，以及无监督学习。

还要考虑实践的重要性，数据分析和处理是机器学习的关键。用户也需要通过项目实践来巩固所学知识，所以我可以提到如何选择项目，从数据收集到模型部署。

推荐书籍和在线资源会很有帮助，我需要列出一些经典书籍和资源平台，这些都是机器学习领域的权威材料。最后，个人成长和持续学习也是关键，鼓励用户不断更新知识，加入社区交流，持续学习新技术。

不过，我需要确保回答条理清晰，分点说明，让用户能够一步步跟随学习。同时，语言要口语化，避免太专业的术语，让用户容易理解。

总结一下，我的回答应该涵盖基础知识、学习路径、实践、资源推荐和持续学习几个方面，让用户有一个全面的学习路线，帮助他们从零开始或提升现有的机器学习能力。

2025-06-07 16:42:39,356 - DEBUG - XiDian - Final response: 

学习机器学习是一种系统而持续的过程，需要综合掌握多方面的知识和技能。以下是一个详细的步骤指南，帮助您逐步掌握机器学习：

### 1. 建立数学基础

- **统计学和概率论**：理解均值、方差、标准差、概率分布等基本概念，这些为机器学习中的模型理解提供基础。
- **线性代数**：熟悉向量、矩阵、矩阵运算、特征值等知识，因为这些是机器学习算法的核心。
- **微积分**：掌握导数、偏导数、梯度、积分等概念，用于优化模型参数。

### 2. 学习编程语言

- **Python**：成为机器学习的主要编程语言，掌握Python的基本语法、数据结构（如列表、字典、元组）以及模块和库的使用。
- **常用库**：
  - **NumPy**：用于高效数值运算和数组操作。
  - **Pandas**：用于数据处理和分析，帮助管理和清洗数据。
  - **Matplotlib 和 Seaborn**：用于数据可视化，帮助理解数据分布和特征。
  - **Scikit-learn**：提供大量机器学习算法和模型评估工具。
  - **TensorFlow 或 PyTorch**：用于深度学习模型的开发和训练。

### 3. 学习机器学习基础知识

- **概念理解**：了解机器学习的定义、类型（如监督学习、无监督学习、强化学习）、优缺点。
- **算法学习**：学习常用机器学习算法，如线性回归、决策树、随机森林、k-近邻算法、支持向量机（SVM）、聚类算法（如K-means）、神经网络等。
- **模型评估**：了解如何评估模型性能，使用准确率、召回率、精确率、F1分数、ROC曲线等指标。

### 4. 了解机器学习工作流程

- **数据获取**：从各种来源获取数据，如CSV文件、网络API等。
- **数据预处理**：进行数据清洗、特征工程、数据归一化/标准化，处理缺失值和异常值。
- **模型训练**：使用适配的数据和算法训练模型。
- **模型调优**：通过超参数调整、网格搜索等方法优化模型。
- **模型评估**：使用测试集评估模型性能，进行过拟合检测和解决。
- **模型部署**：将训练好的模型集成到应用中，使其能够处理新数据。

### 5. 实践项目

- **项目选择**：选择感兴趣的领域，如图像识别、自然语言处理、预测分析等，完成一个完整的机器学习项目。
- **数据收集与清洗**：从公共数据集（如Kaggle）或自行爬取数据，进行清洗和预处理。
- **模型选择与训练**：根据项目需求选择合适的算法，训练模型并进行验证。
- **结果分析**：分析模型输出，解释预测结果，撰写项目报告。

### 6. 学习进阶内容

- **深度学习**：学习神经网络和深度学习模型，如卷积神经网络（CNN）、循环神经网络（RNN）、长短期记忆网络（LSTM）。
- **强化学习**：理解如何让模型在环境中通过试错策略学习最优策略。
- **生成模型**：学习GAN（生成对抗网络）、VAE（变分自编码器）等生成模型。
- **Ensemble Methods**：了解集成学习方法，如袋装法、提升法、堆叠等，提升模型性能。

### 7. 参与社区和竞争

- **加入学习社区**：如Reddit的r/MachineLearning、Kaggle、GitHub等，与其他学习者交流经验，获取资源。
- **参与数据竞赛**：通过Kaggle平台参与公开的数据竞赛，提升实战能力。
- **阅读论文**：阅读机器学习领域的经典论文，了解前沿技术和发展趋势。

### 8. 不断实践和改进

- **坚持实践**：持续参与项目，积累经验。
- **反思与改进**：每次项目完成后，总结经验，找出问题所在，并改进。
- **持续学习**：机器学习领域发展迅速，保持更新，关注新方法和新技术。

### 9. 寻求指导和合作

- **请教导师**：如果有条件，可以找专业的老师或导师指导学习。
- **团队合作**：与他人组成团队，共同完成项目，分享知识和资源。
- **利用在线课程**：如Coursera、Udacity、edX提供的机器学习课程，根据自己的进度学习。

### 10. 应用到实际问题

- **解决实际问题**：应用机器学习技术解决实际问题，如预测销售、推荐系统、图像识别等。
- **部署应用**：将模型集成到企业应用中，为业务决策提供支持。

通过以上步骤的系统学习和实践，您可以逐步掌握机器学习的核心内容，从基础的概念理解到复杂的模型应用，最终达到独立开发和解决问题的能力。
2025-06-07 16:42:39,359 - DEBUG - XiDian - Final reasoning response: 好，我现在想学习机器学习。我在想，机器学习其实是一个挺大的领域，有很多不同的算法和模型。首先，我需要明白机器学习到底是什么，它是怎么工作的。然后，我得弄清楚有哪些常用的方法，比如监督学习、无监督学习、强化学习，还有这些模型的具体应用。可能我得先从基础开始学起，比如先了解一下统计学和数学基础，因为机器学习里面很多算法都需要概率论、线性代数和微积分的知识。

接下来，我觉得需要学习一些编程语言，尤其是Python。好像Python在机器学习领域很流行，有很多库可以用，比如Scikit-learn、TensorFlow、Keras这些。我需要学会用Python来编写和使用这些库。可能得先从基础的Python编程知识开始，比如数据结构、函数、类等等，然后才能学习如何用这些库来处理数据和训练模型。

然后，数据处理和清洗也是机器学习中非常重要的部分。如何获得数据，如何清洗数据，如何处理缺失值和异常值，这些都需要掌握。数据预处理可能是一个比较复杂的过程，需要耐心和实践。

我还需要了解机器学习的评估指标，比如准确率、召回率、精确率、F1分数等等，这样才能知道模型的性能如何，如何通过这些指标来优化模型。另外，过拟合和欠拟合的问题也是需要重视的，得明白什么是过拟合，什么是欠拟合，以及如何防止它们。

可能我需要先选择一个项目来实践，从头到尾完整地做过一次机器学习的项目。这样既能巩固理论知识，又能积累实际经验。比如，我可以找一个简单的分类任务，比如房价预测或者图像分类，按照步骤来完成。

在学习过程中，可能会遇到很多问题和挑战。比如，如何选择合适的模型，如何调整超参数，如何处理高维数据等等。这些都需要通过不断尝试和学习来解决。如果有条件的话，可以找一个导师或者加入一些学习社区，向别人请教和交流，可能会加速学习过程。

此外，阅读和学习相关的书籍、论文和在线教程也是很好的资源。比如《机器学习实战》、《深度学习》这些比较权威的书籍，还有像Kaggle这样的平台，有很多数据竞赛可以参与，实践自己的能力。还有各种在线课程，比如Coursera、Udacity、edX等等，可以提供系统化的学习路径。

我还需要注意积累经验和改进方法。每次做项目时，都要记录和总结自己的思考和经验，分析哪里做得好，哪里可以改进。通过不断优化自己的方法，逐步提高自己的机器学习水平。

总的来说，学习机器学习是一个循序渐进的过程，需要打好数学、编程和数据处理的基础，积累实际项目的经验，不断挑战和解决新的问题。虽然过程可能会遇到很多困难和挑战，但只要坚持下去，不断学习和实践，就一定能够掌握机器学习的核心思想和方法。

2025-06-07 16:42:39,437 - DEBUG - XiDian - 进入 get_experiment_record_details，整体实验ID: 1, 用户ID: 1
2025-06-07 16:42:39,438 - DEBUG - XiDian - 实验 1 共有 10 个步骤。
2025-06-07 16:42:39,439 - DEBUG - XiDian - 步骤 1: 找到记录 3，状态 'completed', 分数 95.0
2025-06-07 16:42:39,440 - DEBUG - XiDian - 步骤 2: 未找到对应记录，默认为 'pending', 分数 0.0
2025-06-07 16:42:39,440 - DEBUG - XiDian - 步骤 3: 未找到对应记录，默认为 'pending', 分数 0.0
2025-06-07 16:42:39,441 - DEBUG - XiDian - 步骤 4: 找到记录 1，状态 'completed', 分数 90.0
2025-06-07 16:42:39,441 - DEBUG - XiDian - 步骤 5: 未找到对应记录，默认为 'pending', 分数 0.0
2025-06-07 16:42:39,441 - DEBUG - XiDian - 步骤 6: 未找到对应记录，默认为 'pending', 分数 0.0
2025-06-07 16:42:39,442 - DEBUG - XiDian - 步骤 7: 未找到对应记录，默认为 'pending', 分数 0.0
2025-06-07 16:42:39,442 - DEBUG - XiDian - 步骤 8: 未找到对应记录，默认为 'pending', 分数 0.0
2025-06-07 16:42:39,442 - DEBUG - XiDian - 步骤 9: 未找到对应记录，默认为 'pending', 分数 0.0
2025-06-07 16:42:39,443 - DEBUG - XiDian - 步骤 10: 未找到对应记录，默认为 'pending', 分数 0.0
2025-06-07 16:42:39,581 - DEBUG - XiDian - Final response: 

学习机器学习是一个系统化且多维度的过程，它需要掌握编程、数学、算法以及实际应用等多方面的知识。以下是学习机器学习的分步指南：

### 1. 学习Python编程

**原因：**  
Python是机器学习中最常用的编程语言，掌握Python是学习机器学习的基础。

**步骤：**
- **安装Python：** 使用[Python.org](https://www.python.org/)下载并安装Python。
- **学习基础语法：** 从平台如[Codecademy](https://www.codecademy.com/paths/learn-pyton-3)或[Udemy](https://www.udemy.com/)学习基本的Python编程。
- **实践项目：** 开始编写简单的Python脚本，如日志记录器、计算器等，将理论应用到实际中。

### 2. 掌握数学基础

**原因：**  
理解机器学习算法的背后原理需要数学知识，尤其是线性代数、微积分和概率统计。

**步骤：**
- **学习线性代数：** 视频课程如[3Blue1Brown的《Essence of Linear Algebra》](https://www.youtube.com/playlist?list=PLZHQxI7KnHa处分)提供直观的讲解。
- **学习微积分：** 通过[Khan Academy](https://www.khanacademy.org/math/multivariable-calculus)或Coursera上的课程学习基础微积分。
- **理解概率统计：** 使用Coursera上的统计学课程或书本如《概率导论》（Introduction to Probability, 2nd Edition）来学习。

### 3. 学习机器学习基础知识

**原因：**  
理解机器学习的基本概念、研究方向和常见算法是学习的前提。

**步骤：**
- **入门书籍：** 《机器学习实战》（Machine Learning with |>Python）提供由浅入深的讲解，适合初学者。
- **在线课程：** 例如[Udacity](https://www.udacity.com/course/machine-learning-pcm)的机器学习课程。
- **了解算法基础：** 学习线性回归、支持向量机、决策树等基本算法的原理和应用场景。

### 4. 掌握机器学习框架

**原因：**  
框架如TensorFlow和PyTorch可以帮助开发者更高效地构建和训练模型。

**步骤：**
- **TensorFlow入门：** 官方文档([https://www.tensorflow.org/tutorials](https://www.tensorflow.org/tutorials))提供全面的学习资源。
- **PyTorch学习：** 通过[PyTorch的官方教程](https://pytorch.org/tutorials/)学习，了解如何构建计算图和训练模型。
- **选择框架练习：** 选择一个框架并尝试完成一些简单项目，如手写数字识别。

### 5. 研究机器学习算法和模型

**原因：**  
深入理解不同机器学习算法和模型的优缺点，以便选择合适的模型用于实际问题。

**步骤：**
- **深入学习算法：** 研究支持向量机、随机森林、神经网络等算法的原理。
- **阅读论文：** 从[CIDM](https://www.ijci.org/)或arXiv.org获取相关领域的最新论文，理解最新的研究进展。
- **实践项目：** 尝试使用Kaggle平台（https://www.kaggle.com/）进行数据竞赛，解决实际问题。

### 6. 数据预处理和特征工程

**原因：**  
处理数据质量、特征提取等问题是机器学习项目成功的关键。

**步骤：**
- **数据清洗：** 使用pandas库处理缺失值、重复数据等。
- **特征工程：** 学习如何提取、转换和归一化特征。
- **机器学习数据集：** 使用Scikit-learn库的Ťitanic机器学习竞赛（https://www.kaggle.com/c/titanic）作为实践项目。

### 7. 评估和优化模型

**原因：**  
评估模型性能和进行优化是机器学习项目中的关键环节。

**步骤：**
- **评估指标：** 学习准确率、召回率、F1分数、 ROC AUC等评估指标。
- **过拟合与欠拟合：** 学习如何识别并解决过拟合或欠拟合的问题。
- **交叉验证：** 使用K折交叉验证技术评估模型性能。

### 8. 参与机器学习项目

**原因：**  
通过实际项目应用机器学习技术，巩固和提升综合能力。

**步骤：**
- **选择项目：** 根据自己的兴趣选择项目，如推荐系统、图像识别等。
- **文档编写：** 遵循良好的软件开发规范，如[机器学习实践文档](https://github.com/ jerelif features)。
- **发布和分享：** 在GitHub等平台上发布项目，并参与社区讨论和问题解决。

### 9. 参与社区和持续学习

**原因：**  
加入机器学习社区，通过交流和分享提升自己，并保持对新技术的关注。

**步骤：**
- **加入社区：** 参与Kaggle比赛、Reddit的机器学习版块等。
- **关注博客：** 订阅Like, Love, and Prune等知名的机器学习博客。
- **参加在线会议：** 关注PyData、MLconf等会议，了解最新动态。

### 总结

学习机器学习需要系统地掌握编程、数学、算法和实践应用。从Python编程到数学基础，再到各种机器学习算法和框架，每一个阶段都需要持续的努力和实践。通过不断地学习和项目实践，你将能够逐步掌握机器学习的技能，并将这些知识应用到实际问题中。祝你在学习机器学习的旅程中取得成功！
2025-06-07 16:42:39,595 - DEBUG - XiDian - Final reasoning response: 嗯，今天遇到了一个问题，就是不太明白如何学习机器学习。我是刚开始接触这个领域，所以有点不知道从哪里开始。首先，我听说机器学习是一个很广泛的技术领域，涉及很多不同的算法和应用，但我需要弄清楚学习的步骤和方法，以及需要哪些基础知识。

我记得老师提到过，学习机器学习需要掌握编程，尤其是Python，因为它是机器学习中用得最多的语言。所以，我应该先学习Python的基础语法和编程 paradigms。但是，作为刚入门的学生，我对编程还不是很熟悉，可能需要从零开始学习。

然后，我听说机器学习还涉及到数学，尤其是线性代数、微积分和概率统计。这些数学知识对于理解机器学习的算法和背后的原理是非常重要的。不过，我对数学不是很自信，担心学这些可能会很难。

另外，机器学习框架也是关键的一部分。听说有很多现有的框架，比如TensorFlow和PyTorch，可以帮助开发者更高效地构建模型。但是，我也不确定应该先学习哪个框架，或者是否需要深入学习它们的底层实现。

听说机器学习算法有很多种，比如线性回归、支持向量机、决策树等等。我需要先了解这些算法的基本概念和应用场景，然后再逐步深入学习更复杂的方法。另外，评估模型性能也是很重要的，需要知道如何通过准确率、召回率等指标来衡量模型的好坏。

关于项目实战，我应该如何开始呢？听说需要结合实际问题来应用机器学习技术，但具体怎么操作还不清楚。可能需要先选择一个实际的问题，收集相关的数据，然后进行数据预处理、模型训练和评估，最后进行模型优化。

不过，整理这些思考后，我发现自己有很多需要学习和掌握的内容，每个领域都有自己的难度和挑战。我需要制定一个学习计划，合理安排时间，逐步攻克各个知识点。同时，还需要找到合适的学习资源，比如书籍、在线课程和文档，来帮助我理解和实践。

总的来说，学习机器学习是一个系统化的过程，需要在编程、数学、算法和实际应用之间找到平衡，逐步积累知识和技能。希望经过系统的练习和不断的实践，自己能够掌握机器学习的 fundamental concepts 和应用方法。

2025-06-07 16:42:39,597 - DEBUG - XiDian - 进入 get_experiment_record_details，整体实验ID: 1, 用户ID: 1
2025-06-07 16:42:39,599 - DEBUG - XiDian - 实验 1 共有 10 个步骤。
2025-06-07 16:42:39,600 - DEBUG - XiDian - 步骤 1: 找到记录 3，状态 'completed', 分数 95.0
2025-06-07 16:42:39,600 - DEBUG - XiDian - 步骤 2: 未找到对应记录，默认为 'pending', 分数 0.0
2025-06-07 16:42:39,601 - DEBUG - XiDian - 步骤 3: 未找到对应记录，默认为 'pending', 分数 0.0
2025-06-07 16:42:39,601 - DEBUG - XiDian - 步骤 4: 找到记录 1，状态 'completed', 分数 90.0
2025-06-07 16:42:39,601 - DEBUG - XiDian - 步骤 5: 未找到对应记录，默认为 'pending', 分数 0.0
2025-06-07 16:42:39,601 - DEBUG - XiDian - 步骤 6: 未找到对应记录，默认为 'pending', 分数 0.0
2025-06-07 16:42:39,601 - DEBUG - XiDian - 步骤 7: 未找到对应记录，默认为 'pending', 分数 0.0
2025-06-07 16:42:39,602 - DEBUG - XiDian - 步骤 8: 未找到对应记录，默认为 'pending', 分数 0.0
2025-06-07 16:42:39,602 - DEBUG - XiDian - 步骤 9: 未找到对应记录，默认为 'pending', 分数 0.0
2025-06-07 16:42:39,602 - DEBUG - XiDian - 步骤 10: 未找到对应记录，默认为 'pending', 分数 0.0
2025-06-07 16:42:39,798 - DEBUG - XiDian - 进入 get_experiment_record_details，整体实验ID: 1, 用户ID: 1
2025-06-07 16:42:39,800 - DEBUG - XiDian - 实验 1 共有 10 个步骤。
2025-06-07 16:42:39,800 - DEBUG - XiDian - 步骤 1: 找到记录 3，状态 'completed', 分数 95.0
2025-06-07 16:42:39,801 - DEBUG - XiDian - 步骤 2: 未找到对应记录，默认为 'pending', 分数 0.0
2025-06-07 16:42:39,801 - DEBUG - XiDian - 步骤 3: 未找到对应记录，默认为 'pending', 分数 0.0
2025-06-07 16:42:39,801 - DEBUG - XiDian - 步骤 4: 找到记录 1，状态 'completed', 分数 90.0
2025-06-07 16:42:39,801 - DEBUG - XiDian - 步骤 5: 未找到对应记录，默认为 'pending', 分数 0.0
2025-06-07 16:42:39,801 - DEBUG - XiDian - 步骤 6: 未找到对应记录，默认为 'pending', 分数 0.0
2025-06-07 16:42:39,801 - DEBUG - XiDian - 步骤 7: 未找到对应记录，默认为 'pending', 分数 0.0
2025-06-07 16:42:39,801 - DEBUG - XiDian - 步骤 8: 未找到对应记录，默认为 'pending', 分数 0.0
2025-06-07 16:42:39,801 - DEBUG - XiDian - 步骤 9: 未找到对应记录，默认为 'pending', 分数 0.0
2025-06-07 16:42:39,801 - DEBUG - XiDian - 步骤 10: 未找到对应记录，默认为 'pending', 分数 0.0
2025-06-07 16:42:40,725 - DEBUG - XiDian - Final response: 

为了学习机器学习，您可以按照以下步骤进行：

### 1. 理解机器学习的基础概念

机器学习是一种让计算机从数据中学习而不使用预定义的逐步说明的技术。它允许系统通过从数据中学习来提高性能。学习可以分为监督学习和无监督学习：

- **监督学习**：系统从有标签的数据中学习，用于分类和回归任务。
  - **分类**：将数据分配到预定义的类别中（如识别图片中的物体）。
  - **回归**：预测连续的结果（如房价预测）。
  
- **无监督学习**：系统从无标签的数据中寻找隐藏的结构和模式（如聚类分析）。

### 2. 学习必要的数学知识

机器学习背后的数学是理解算法的核心：

- **线性代数**：处理向量和矩阵，用于数据表示。
- **概率与统计**：理解数据分布和假设检验。
- **微积分**：优化算法，如梯度下降。
- **优化**：寻找最小值和最大值的方法。

**资源**：
- 矩阵运算: 《Linear Algebra》 by Khan Academy
- 概率统计: 《Introduction to Probability and Statistics》 by MIT OpenCourseWare
- 机器学习数学基础: 《Mathematics for Machine Learning》 by Imperial College London

### 3. 学习编程语言

主要使用Python，因为它在机器学习社区非常流行，有很多库支持。

#### Python编程基础

- 学习变量、数据类型、循环、条件、函数等基本概念。
- 练习：编写简单的脚本，如计算平均值或排序算法。

**资源**：
- Python 官方文档
- 《Python编程：从入门到实践》 by Eric Matthes

####-machine learning libraries

- **Pandas**：数据操作和分析。
- **Matplotlib & Seaborn**：数据可视化。
- **Scikit-learn**：机器学习库。
- **TensorFlow/Keras**：深度学习框架。

### 4. 学习机器学习算法

从基础的算法开始，逐步深入复杂的技术。

#### 机器学习模型的级别

1. **监督学习**
   - **线性模型**：
     - 线性回归
     - Logistic回归
   - **树模型**：
     - 决策树
     - 随机森林
     - 支持向量机（SVM）
   - **神经网络**：
     - 单层感知机
     - 深度学习

2. **无监督学习**
   - **聚类**：K-means, DBSCAN
   - **降维**：PCA, t-SNE
   - **Association Rules**

**资源**：
- 分类算法: "机器学习算法 cheatsheet " by Scikit-learn
- 书籍: "机器学习" by BL bias

### 5. 完成一个项目

通过实际项目加深理解：

- 选择一个有趣的问题。
- 数据收集、预处理和特征工程。
- 建模、评估和优化。
- 分析结果并提出见解。

#### 实例

- **房价预测**：使用回归算法预测不同地区的房价。
- **垃圾邮件分类**：使用分类算法区分垃圾邮件和正常邮件。
- **图像分类**：使用深度学习算法进行图像分类。

**资源**：
- Kaggle 竞赛项目：`https://www.kaggle.com/datasets`
- 项目开始：Author's GitHub 算法学习

### 6. 学习机器学习库和工具

熟悉像 Scikit-learn、TensorFlow、PyTorch 等库：

- 实战项目：逐步建立模型，调整超参数，评估性能。
  - 调整模型：学习如何网格搜索（GridSearchCV）和随机搜索（RandomizedSearchCV）。
  - 可视化结果：绘制学习曲线、混淆矩阵等。

**资源**：
- Scikit-learn 文档与教程
- TensorFlow 教程
- 深度学习入门

### 7. 探索高级主题

- 机器学习中的正则化
- 优化算法（如梯度下降、Adam）
- 超参数调优
- 模型解释性

### 8. 参加社区和比赛

加入 Kaggle 竞赛，参与实际项目，与其他学习者交流：

- 竞赛提升：Kaggle 提供的竞赛平台。
- 社区交流：Reddit 学习小组（如 r/learnmachinelearning）或 Twitter 上的 influencers.

### 9. 阅读 books and blogs

阅读经典书籍和博客，了解理论基础:

- 书籍:
  - "The Elements of Statistical Learning" by Hastie, Tibshirani, and Friedman.
  - "Pattern Recognition and Machine Learning" by Christopher Bishop.
- 博客:
  - 向量化AI的博客
  - 向往的算法工程师的博客

### 10. 保持热情和实践

机器学习是一个持续的学习过程，保持对技术的最新趋势的关注

- 关注 论文发布：了解最新的研究进展。
- 如何: 化解最后的问题并将其转化为学习和实践的机会。

通过以上步骤，您可以系统地学习机器学习，从基础的概念到高级的应用，逐步掌握所需知识和技能。
2025-06-07 16:42:40,731 - DEBUG - XiDian - Final reasoning response: 嗯，如何学习机器学习呢？我最近对这个领域挺感兴趣的，想要开始学习它。首先，我应该先了解什么是机器学习，它是怎么工作的吗？听说机器学习可以让我让计算机自动学习从数据中，所以，这可能和编程有关，尤其是像Python这样的编程语言。我之前学过一些Python的基础知识，应该可以帮忙。

然后，我听说机器学习有各种不同的算法，比如线性回归、逻辑回归、决策树等等。这些算法是什么意思呢？它们有什么不同的应用场景吗？我需要先从基础的算法开始学习吗？还是应该先从理解数据和模型的原理入手？

此外，机器学习需要处理大量的数据，对吧？我想我应该先学习一些基础的数据分析和可视化工具，比如Pandas和Matplotlib这些库。这样才能高效地处理和探索数据，找出有用的信息。

在模型构建方面，我需要学习如何选择合适的算法，如何训练模型，如何评估模型的表现。背后的数学原理是怎样的呢？这看起来有点复杂，但我觉得如果我能理解基本的概念，比如梯度下降、损失函数等，应该会更容易掌握算法。

另外，机器学习还有很多高级的模型，比如神经网络和深度学习。这些听起来更难，但我听说如果我能掌握基础的算法，再深入学习这些高级模型会容易一些。我应该如何安排学习的顺序呢？是先学线性回归，还是从SVM开始？

实践也是非常重要的，我需要通过项目来巩固所学的知识。应该找一些实际的问题，比如预测房价、分类邮件等，自己动手构建模型。这样才能真正理解机器学习的应用和局限性。

然后，我需要学习如何使用scikit-learn这个机器学习库，它提供很多现成的算法和工具，应该能加快学习速度。另外，想了解更多前沿的技巧和最佳实践，比如数据预处理、特征工程、模型调优等，可能也有助于提高机器学习模型的效果。

可能需要先从基础开始，一步一步地深入学习。我应该制定一个学习计划，每周学习一个主题，逐渐掌握机器学习的各个方面。同时，也要结合实际的项目来进行实践，这样能更好地应用所学的知识。

另外，我还需要找一些好的学习资源，比如书、在线课程、教程文章，甚至于社区和论坛，获取更多的帮助和支持。遇到困难时，可以去寻求帮助，或者多做些练习，来巩固理解。

最后，我应该持续地学习和实践，因为机器学习是一个不断发展的领域，新的算法和方法层出不穷。只有保持学习的热情和动力，才能在机器学习的道路上走得更远。

总的来说，我想通过系统地学习基础知识，逐步深入，通过实践来提升自己的机器学习能力，最终能够应用这些技术解决实际的问题。

2025-06-07 16:42:40,756 - DEBUG - XiDian - Final response: 

### 学习机器学习的步骤指南

1. **制定学习计划**

   - **目标设定**：明确你希望在多长时间内掌握机器学习，以及最终想要实现的目标（例如：仅了解概念，或者开发简单的应用）。
   - **阶段划分**：将学习分成几个阶段，比如基础概念、数学基础、算法与工具、项目实战等。

2. **学习机器学习的基本概念**

   - **什么是机器学习？**：了解机器学习的定义、类型（监督、无监督、半监督等）。
   - **机器学习流程**：从数据准备到模型训练、验证和部署。
   - **关键术语**：学习特征、标签、训练集、测试集、过拟合、欠拟合等概念。

   **学习资源**：
   - 《机器学习》(Christopher M. Bishop)
   - 网易云Charles Penner的《机器学习入门指南》
   - 教育部推荐的机器学习学习资源列表

3. **掌握数学基础**

   - **线性代数**：理解向量、矩阵、特征值等概念，掌握Python的NumPy库。
   - **概率与统计**：学习概率分布、统计推断、假设检验。
   - **微积分**：掌握导数、梯度、优化方法（如梯度下降）。
   - **优化方法**：理解梯度下降、牛顿法等优化算法。

   **学习资源**：
   - 《线性代数及其应用》(David C. Lay)
   - 《概率论与数理统计》(峁工)
   - 官方的数学基础课程（如Coursera上的Andrew Ng的机器学习课程）

4. **学习编程技能**

   - **Python编程基础**：掌握Python的基本语法，数据结构（列表、字典、元组等）、函数、类等。
   - **数据处理库**：学习Pandas用于数据处理，NumPy用于数值计算。
   - **机器学习框架**：熟悉TensorFlow、PyTorch的API和基本用法。

   **学习资源**：
   - Codecademy的Python课程
   - 官方文档（如TensorFlow的Python guide）
   - 教育部推荐的Python学习资源

5. **学习机器学习算法**

   - **回归算法**：线性回归、多项式回归。
   - **分类算法**：逻辑回归、支持向量机（SVM）、决策树、随机森林。
   - **聚类算法**：K-means、层次聚类。
   - **降维技术**：主成分分析（PCA）、可视化技术。
   - **神经网络与深度学习**：感知机、卷积神经网络（CNN）、 recurrent neural network（RNN）。

   **学习资源**：
   - 《机器学习实战》(Peter Harrington)
   - 《Python机器学习》(Sebastian Raschka)
   - 教育部推荐的机器学习算法学习资源

6. **实践项目**

   - **了解数据集**：从Kaggle、UCI Machine Learning Repository等平台获取数据集。
   - **数据分析与可視化**：使用Pandas进行数据清洗，用Matplotlib、Seaborn进行数据可视化。
   - **模型开发**：选择合适的算法，进行模型训练、验证、调参。
   - **模型评估**：学习使用准确率、召回率、F1分数等指标评估模型性能。
   - **部署与应用**：将训练好的模型部署到生产环境，进行预测。

   **实践平台**：
   - Kaggle：提供各种比赛和公开数据集，适合练习。
   - 机器学习 hacker-n handbook：提供详细的项目指南和代码示例。
   - GitHub上的开源项目：学习别人的代码，理解他们的实现逻辑。

7. **参与社区与交流**

   - **在线论坛**：如Stack Overflow、Zhihu、Reddit上的机器学习板块，与他人交流学习经验。
   - **社区项目**：加入机器学习相关的开源社区，参与项目贡献。
   - **参加工作坊与峰会**：通过参加线下或线上的机器学习工作坊和峰会，与专家和同行交流。

8. **持续学习与改进**

   - **关注最新进展**：机器学习是一个快速发展的领域，关注最新的研究成果和应用。
   - **解决实际问题**：尝试将机器学习应用到实际工作或项目中，不断优化和改进。
   - **参与挑战与比赛**：参加机器学习竞赛，如Kaggle的竞赛，提升实际应用能力。

   **资源**：
   - 机器学习博客（如Towards Data Science、Medium的机器学习专栏）
   - 论文阅读（如DeepLearningReview）
   - 参加机器学习会议和榜单

9. **培养好习惯与耐心**

   - **坚持学习**：每天抽出一定时间学习新知识，避免临时抱佛脚。
   - **记录学习历程**：写学习笔记，记录遇到的问题和解决方案，方便后续复习和进步。
   - **寻求反馈**：将项目或解决问题的过程与他人分享，获取反馈和建议。

   **学习工具**：
   - Netlify博客
   - Jupyter Notebook用于实现和测试代码
   - Markdown编写学习笔记

通过以上步骤的系统学习和实践，你可以逐步掌握机器学习的基本知识和技能，从理论到实践都能得心应手。
2025-06-07 16:42:40,761 - DEBUG - XiDian - Final reasoning response: 嗯，突然想到如何学习机器学习这个问题。刚开始，我对机器学习感到有些 OVERWHELMING。不知道从哪里下手，全新的概念让我感到有点压力。我记得机器学习是一个涉及到很多技术的领域，比如算法、统计、编程等等，但我对大部分还不太了解。

首先，我需要弄清楚机器学习的基本概念。听说机器学习主要分为监督学习和无监督学习，我不知道它们具体有什么不同，可能需要查阅一下资料。好像还有一种半监督学习，这又怎么区分呢？

然后，我需要了解一下机器学习常用的算法有哪些。听说有回归、分类、聚类等等。不知道具体每个算法是用来做什么事情的。比如，用起来来预测什么？分类是用来看看属于哪一类？

关于工具和技术，听说有很多框架像TensorFlow、PyTorch，还有Python和R这些编程语言。听起来编程语言是基础，但我现在对Python还不是很熟练，可能需要先学习的基础知识包括数据结构、算法、Plus的话，还要了解一些库和框架，像Pandas、NumPy什么的。

数学基础也是机器学习必须的，但我数学不太好。我记得一些代数、微积分的基础，但不知道在机器学习中具体应用是什么样的。线性代数和概率统计在其中起到什么作用呢？优化方法呢，听说梯度下降是常用的一种方法，具体是怎么工作的？

还有机器学习的流程，从数据准备到模型选择、训练、验证和部署，这个过程看起来挺长的。每个步骤都需要仔细思考和操作，可能需要学习一些数据处理的方法和工具，比如特征工程、数据可视化等。

书籍和资源方面，听说有《机器学习实战》、《机器学习》、《深度学习》这些书。不知从哪一本开始比较好，是不是需要一步一步来学习，先从基础书籍开始，再深入研究高级内容？

哦，对了，实践非常重要。听说有人建议可以从Kaggle这样的平台开始，或者用提供的数据集来练习，这样可以在实际操作中学习到很多东西。但是，我第一次做项目可能会没什么思路，不知道可以从哪里动手。

另外，社区和资源也是一个很大的资源。听说有很多在线课程和论坛可以交流经验。但是对于我这种刚入门的人来说，不知道该怎么找到适合的学习路径和资源。

坚持也是关键。机器学习相对复杂，我觉得学习机器学习可能会很耗时，但我需要保持耐心，一步步来，不要急于求成。

可能我需要制定一个学习计划，分阶段学习。先从了解机器学习的基本概念和流程开始，然后学习必要的数学知识和编程技能，接着掌握常用算法和工具，最后通过实践项目来巩固所学知识。

学习过程中，我应该如何处理这些信息呢？是通过阅读书籍、观看视频、做项目，还是这篇文章的逐步引导？我需要找到一个合适的路径，把理论和实践结合起来。

最后，面对复杂的术语和概念，我需要不怕困难，不断学习和探索，或许每天解决一小块知识或问题，积少成多，最终才能掌握机器学习的核心思想。

2025-06-07 16:42:40,930 - DEBUG - XiDian - 进入 get_experiment_record_details，整体实验ID: 1, 用户ID: 1
2025-06-07 16:42:40,932 - DEBUG - XiDian - 实验 1 共有 10 个步骤。
2025-06-07 16:42:40,933 - DEBUG - XiDian - 步骤 1: 找到记录 3，状态 'completed', 分数 95.0
2025-06-07 16:42:40,933 - DEBUG - XiDian - 步骤 2: 未找到对应记录，默认为 'pending', 分数 0.0
2025-06-07 16:42:40,933 - DEBUG - XiDian - 步骤 3: 未找到对应记录，默认为 'pending', 分数 0.0
2025-06-07 16:42:40,934 - DEBUG - XiDian - 步骤 4: 找到记录 1，状态 'completed', 分数 90.0
2025-06-07 16:42:40,934 - DEBUG - XiDian - 步骤 5: 未找到对应记录，默认为 'pending', 分数 0.0
2025-06-07 16:42:40,934 - DEBUG - XiDian - 步骤 6: 未找到对应记录，默认为 'pending', 分数 0.0
2025-06-07 16:42:40,934 - DEBUG - XiDian - 步骤 7: 未找到对应记录，默认为 'pending', 分数 0.0
2025-06-07 16:42:40,935 - DEBUG - XiDian - 步骤 8: 未找到对应记录，默认为 'pending', 分数 0.0
2025-06-07 16:42:40,935 - DEBUG - XiDian - 步骤 9: 未找到对应记录，默认为 'pending', 分数 0.0
2025-06-07 16:42:40,935 - DEBUG - XiDian - 步骤 10: 未找到对应记录，默认为 'pending', 分数 0.0
2025-06-07 16:42:40,960 - DEBUG - XiDian - 进入 get_experiment_record_details，整体实验ID: 1, 用户ID: 1
2025-06-07 16:42:40,961 - DEBUG - XiDian - 实验 1 共有 10 个步骤。
2025-06-07 16:42:40,962 - DEBUG - XiDian - 步骤 1: 找到记录 3，状态 'completed', 分数 95.0
2025-06-07 16:42:40,962 - DEBUG - XiDian - 步骤 2: 未找到对应记录，默认为 'pending', 分数 0.0
2025-06-07 16:42:40,963 - DEBUG - XiDian - 步骤 3: 未找到对应记录，默认为 'pending', 分数 0.0
2025-06-07 16:42:40,963 - DEBUG - XiDian - 步骤 4: 找到记录 1，状态 'completed', 分数 90.0
2025-06-07 16:42:40,963 - DEBUG - XiDian - 步骤 5: 未找到对应记录，默认为 'pending', 分数 0.0
2025-06-07 16:42:40,963 - DEBUG - XiDian - 步骤 6: 未找到对应记录，默认为 'pending', 分数 0.0
2025-06-07 16:42:40,963 - DEBUG - XiDian - 步骤 7: 未找到对应记录，默认为 'pending', 分数 0.0
2025-06-07 16:42:40,963 - DEBUG - XiDian - 步骤 8: 未找到对应记录，默认为 'pending', 分数 0.0
2025-06-07 16:42:40,964 - DEBUG - XiDian - 步骤 9: 未找到对应记录，默认为 'pending', 分数 0.0
2025-06-07 16:42:40,964 - DEBUG - XiDian - 步骤 10: 未找到对应记录，默认为 'pending', 分数 0.0
2025-06-07 16:42:41,113 - DEBUG - XiDian - Final response: 

学习机器学习是一个系统化的过程，需要逐步掌握必要的知识和技能。以下是一个详细的步骤指南：

### 1. 学习编程基础 - Python
- **掌握Python基础知识**：理解数据类型（整数、字符串、列表、字典等）、控制流（条件语句、循环）、函数、类等。
- **学习数据科学库**：安装并使用Pandas、NumPy等库，掌握数据读取、处理和分析的基本操作。

### 2. 学习数学基础
- **线性代数**：理解向量、矩阵、矩阵运算（点积、逆、行列式、转置等）、特征值和特征向量。
- **统计学与概率论**：学习均值、中位数、标准差、方差、协方差、相关系数、概率分布（正态分布、二项分布等）。
- **微积分**：掌握导数、梯度、多元微积分基础，用于理解机器学习算法的优化过程。

### 3. 理解机器学习的基本概念
- **机器学习的类型**：
  - **监督学习**：有监督数据，学习任务包括分类（如逻辑回归、支持向量机）和回归（如线性回归、多项式回归）。
  - **无监督学习**：无标签数据，学习任务包括聚类（如K-means）和降维（如主成分分析，PCA）。
  - **半监督学习和强化学习**：介于以上两种类型，但通常在初学者阶段较少涉及。
- **特征工程**：理解特征的重要性，数据预处理的重要性，包括数据清洗、归一化、编码等。

### 4. 学习基础的机器学习算法
- **基础算法**：
  - **线性回归**：用于预测连续变量。
  - **逻辑回归**：用于分类问题。
  - **K-邻近算法（KNN）**：用于分类和回归。
  - **支持向量机（SVM）**：用于分类和回归，特别适用于高维数据。
  - **决策树**：用于分类和回归，生成可解释性强的模型。
  - **随机森林**：集成学习方法，提高模型预测准确性。
  - **朴素贝叶斯**：基于概率论的分类方法，适用于文本分类。
- **评估模型性能**：
  - 使用指标如均方误差（MSE）、均绝对误差（MAE）、准确率（Accuracy）、召回率（Recall）、精确率（Precision）、F1分数等。
  - 利用交叉验证（Cross-Validation）评估模型的泛化能力。
  - 理解混淆矩阵，分析模型的分类效果。

### 5. 加强实践，完成实际项目
- **选择项目**：根据自己的兴趣和技能，选择一个有意义的项目，如图像识别、房价预测、文本分类等。
- **数据收集与处理**：学习从互联网获取数据，清洗数据，处理缺失值，进行数据可视化。
- **模型开发与调参**：
  - 使用机器学习框架如TensorFlow、PyTorch或Scikit-learn构建模型。
  - 通过调整模型超参数来优化性能。
- **模型部署**：学习将模型部署到生产环境中，如使用Flask、Django框架，或容器化工具如Docker、Kubernetes。

### 6. 持续学习与探索
- **参考书籍与教程**：
  - *《机器学习实战》*（调试书，适合初学者）。
  - *《Python机器学习》*（学习Python在机器学习中的应用）。
  - *《机器学习入门》*（简明扼要的入门指南）。
  - *《Hands-On Machine Learning with Scikit-Learn and Scikit-Product-Learn in Python》*（实践性强）。
- **参与社区与挑战**：
  - 加入机器学习社区（如Kaggle、GitHub、Reddit），参与数据科学挑战，提升实战能力。
- **学习进阶算法**：随着熟练度提高，逐步学习如神经网络、深度学习（使用TensorFlow、PyTorch）等。

### 7. 学习机器学习框架
- **TensorFlow与PyTorch**：
  - 学习TensorFlow的“Hello World”教程，掌握基本的模型构建和训练。
  - 了解PyTorch的张量操作和模型构建方式。
- **Scikit-learn**：
  - 学习机器学习接口标准化，集成多种算法，处理大数据集的快速应用。

### 8. 应用与实践
- **应用于实际问题**：将所学的机器学习知识应用到实际工作中，解决实际问题，增强理解和信心。
- **持续改进模型**：通过反馈和验证数据不断优化模型，提高预测能力。

### 9. 面向企业学习
- **学习企业知识**：
  - 了解企业级机器学习框架和工具（如Docker、Kubernetes等）。
  - 学习企业中的机器学习最佳实践，目标是准备求职或进入该领域工作。

### 10. 学习高级机器学习技术
- **深度学习**：
  - 学习神经网络、卷积神经网络（CNN）、 recurrent neural network (RNN)、长短期记忆网络（LSTM）等。
- **强化学习**：
  - 学习算法设计，优化问题解决方法，应用于游戏、机器人控制等复杂问题。

### 总结
机器学习是一个不断学习和探索的过程。系统化地学习编程、数学、算法和实践项目是掌握机器学习的关键。坚持不懈地练习和项目实战，将帮助你真正掌握机器学习，并应用到实际问题中。
2025-06-07 16:42:41,117 - DEBUG - XiDian - Final reasoning response: 嗯，我要学习机器学习。首先，我需要了解机器学习是什么，它是怎么工作的。听说机器学习是让计算机根据数据自动学习和改进的，这听起来挺酷的。但是，我有点不知道从哪里开始，有没有具体的步骤？

我觉得我应该先学习一些基本的编程知识，比如Python。因为Python好像在机器学习中用得很多。但是我还要学什么呢？数据处理？数学基础？

我有点紧张，不知道这些基础是不是必须得先学好。听说机器学习涉及很多数学，比如线性代数和统计学，我得不要害怕，慢慢来。数学好的人学机器学习是他们的优势吗？

我听说机器学习的算法主要分为监督学习和无监督学习。监督学习似乎是用标签训练模型，无监督学习是没有标签的数据来找规律。我还不太清楚这两种的区别，可能需要具体的例子来理解。

如果我想做一个项目，比如预测房价，我需要哪些数据？可能需要历史房价数据，影响房价的因素，比如面积、位置、房龄等等。然后我要用这些数据训练模型，以预测未来的房价。我需要学习哪些算法来实现这个目标？

听说回归算法是最基本的，比如线性回归。可能我可以先用线性回归来预测房价。但不知道怎么操作，具体步骤是怎样的呢？

模型训练是关键，但我知道数据预处理也很重要。可能我需要清洗数据，处理缺失值，归一化数据等等。大数据集可能需要更复杂的预处理步骤。

评估模型的性能，我需要用什么样的指标？比如均方误差、准确率、召回率等等。但是如何计算这些指标？我需要学一些统计知识。

优化模型的话，可能需要调整参数，比如学习率，或者使用不同的算法来提高准确性。不知道怎么选择，可能需要通过实验来找到最佳参数。

部署模型也是件新奇的事，将训练好的模型集成到实际应用中，比如网站或者 mobile app。需要考虑如何保存和加载模型，可能还得学习一些机器学习框架，比如TensorFlow或者PyTorch。

我还不太确定具体的学习路径，是应该先学编程，再学数学，还是同时进行？听说先学编程再学数学效果更好。那我先从Python basics 开始，再逐步深入学习机器学习的基础知识。

好吧，我得制定一个学习计划。首先，花时间学习Python的基础语法，然后是数据科学的库，比如Pandas和NumPy。接着，学一些数学，尤其是线性代数和统计学。再深入学习机器学习的基本概念和算法，最后实现一些项目来巩固所学的知识。

遇到问题和困难是难免的，但重要的是坚持下去，多练习，多实践。可能有时候会卡在某个概念上，这时候需要回去复习或者找一些教程来看看。

总之，学习机器学习需要耐心和决心，一步一步来，不要急于求成。我相信只要坚持下去，总有一天能够掌握机器学习的知识。

2025-06-07 16:42:41,326 - DEBUG - XiDian - 进入 get_experiment_record_details，整体实验ID: 1, 用户ID: 1
2025-06-07 16:42:41,328 - DEBUG - XiDian - 实验 1 共有 10 个步骤。
2025-06-07 16:42:41,329 - DEBUG - XiDian - 步骤 1: 找到记录 3，状态 'completed', 分数 95.0
2025-06-07 16:42:41,329 - DEBUG - XiDian - 步骤 2: 未找到对应记录，默认为 'pending', 分数 0.0
2025-06-07 16:42:41,329 - DEBUG - XiDian - 步骤 3: 未找到对应记录，默认为 'pending', 分数 0.0
2025-06-07 16:42:41,330 - DEBUG - XiDian - 步骤 4: 找到记录 1，状态 'completed', 分数 90.0
2025-06-07 16:42:41,330 - DEBUG - XiDian - 步骤 5: 未找到对应记录，默认为 'pending', 分数 0.0
2025-06-07 16:42:41,330 - DEBUG - XiDian - 步骤 6: 未找到对应记录，默认为 'pending', 分数 0.0
2025-06-07 16:42:41,330 - DEBUG - XiDian - 步骤 7: 未找到对应记录，默认为 'pending', 分数 0.0
2025-06-07 16:42:41,331 - DEBUG - XiDian - 步骤 8: 未找到对应记录，默认为 'pending', 分数 0.0
2025-06-07 16:42:41,331 - DEBUG - XiDian - 步骤 9: 未找到对应记录，默认为 'pending', 分数 0.0
2025-06-07 16:42:41,331 - DEBUG - XiDian - 步骤 10: 未找到对应记录，默认为 'pending', 分数 0.0
2025-06-07 16:42:41,489 - DEBUG - XiDian - Final response: 

学习机器学习可以从基础知识到实践应用逐步入手。以下是一个系统的学习路径和方法论：

---

### **1. 建立学习基础**
机器学习是一个广泛且复杂领域，首先需要掌握一些基础知识，包括编程、数学和机器学习的基本概念。

#### **1.1 选择编程语言**
机器学习通常使用 Python 作为主要的编程语言，因为它简单易学且生态友好。推荐安装 Python 并使用常见库（如 NumPy、Pandas、Matplotlib、Scikit-learn 等）。

#### **1.2 学习数学基础**
机器学习算法背后的数学知识是关键。包括：
- **线性代数**：向量和矩阵操作。
- **概率与统计**：理解数据分布、贝叶斯定理等。
- **微积分**：梯度下降等优化算法。
- **优化理论**：最小化损失函数的方法。

推荐学习资源：
- 可汗学院的 [数学 lodash](https://www.khanacademy.org/math)
- 吉他'A._K. 法兰克林的《数学，机器学习和深度学习中的线性代数》。

#### **1.3 掌握基本编程技能**
熟悉 Python 的语法和基础库：
- 学习 [Python 教程](https://www-python-tutorial.com/) 或 [Codecademy](https://www.codecademy.com/ learning paths/python)。
- 学习 NumPy 和 Pandas 的基本使用。

---

### **2. 学习机器学习理论**
掌握机器学习的基本概念和算法。

#### **2.1 机器学习的三 stays**
机器学习有监督学习、无监督学习和半监督学习三种学习方式。

#### **2.2 背景知识与术语**
了解机器学习的基本概念，如特征、标签、训练集、测试集、过拟合、欠拟合等。

#### **2.3 机器学习算法入门**
学习以下基本算法，了解它们的工作原理和应用场景：
- **线性回归**：预测连续值。
- **逻辑回归**：分类问题。
- **决策树**：基于树的结构进行分类或回归。
- **随机森林**：多个决策树的集成。
- **K-近邻算法（KNN）**：基于邻居的分类和回归。
- **K-means 聚类**：无监督聚类算法。

推荐书籍：
- 《机器学习实战》（机器学习经典书籍，作者是分子 computer vision 和 Sk learn 的主要维护者）
- 《Hands-On Machine Learning with Scikit-Learn and Scipy》

---

### **3. 掌握机器学习框架**
学习主流的机器学习框架，如：
- **TensorFlow**：Google 开源的机器学习框架。
- **PyTorch**：定位在训练深度学习模型方面的框架。
- **Scikit-learn**：Python 中的机器学习库。

基本使用步骤：
1. 安装框架。
2. 学习基本用法（如训练一个简单的分类器）。
3. 参考官方文档和教程。

推荐资源：
- TensorFlow 官方文档：[https://www.tensorflow.org/tutorials](https://www.tensorflow.org/tutorials)
- PyTorch 官方文档：[https://pytorch.org/tutorials](https://pytorch.org/tutorials)
- Scikit-learn 官方文档：[https://scikit-learn.org/stable/](https://scikit-learn.org/stable/)

---

### **4. 实践与项目实战**
机器学习的最佳学习方式是通过实践。
1. **选择一个项目**：如图像分类、文本分类、推荐系统等。
2. **数据准备**：收集数据集（公共数据集如 MNIST、CIFAR-10 等）、数据预处理（归一化、缺失值处理等）。
3. **模型训练**：使用选择的算法或框架训练模型。
4. **模型调优**：通过交叉验证、参数调优等方法提高模型性能。
5. **模型部署**：将模型部署到 production 环境。

推荐使用工具：
- Jupyter Notebook：方便运行和调试代码。
- Git：版本管理。
- Docker：环境隔离。

---

### **5. 深度学习与神经网络**
机器学习的基础后盾——学习深度学习和神经网络。
推荐学习内容：
- **神经网络入门**：了解神经网络的基本结构和工作原理。
- **深度学习框架**：如 Keras（基于 TensorFlow）、PyTorch。
- **主流模型**：如卷积神经网络（CNN）、 recurrent 神经网络（RNN）、长短期记忆网络（LSTM）等。

推荐书籍：
- 《深度学习》（Ian Goodfellow 的深度学习经典书籍）
- 学习平台：Coursera 上的 Andrew Ng 的《Deep Learning Specialization》系列。

---

### **6. 加入社区与交流**
机器学习是一个快速发展的领域，加入社区可以提供更多学习资源和实践机会。
推荐：
- **GitHub**：查看优秀开源项目，学习代码。
- **Stack Overflow**：提问和回答机器学习相关问题。
- **Kaggle**：参加机器学习竞赛，实战演练。
- **社区平台**：加入 Reddit（如 r/MachineLearning）或 Facebook 的机器学习群组。

---

### **7. 持续学习与应用**
机器学习是一个不断进化的领域，需要随时学习新技术和新方法。同时，将机器学习应用到实际工作中：
- 在工作中应用机器学习算法。
- 参与开源项目或个人项目。
- 持续关注最新的研究和论文。

---

### **总结学习步骤**
1. 学习编程语言和数学基础。
2. 学习机器学习理论和基本算法。
3. 掌握机器学习框架的使用。
4. 通过项目实战巩固知识。
5. 深入学习深度学习和神经网络。
6. 加入社区和持续学习。
7. 将机器学习应用到实际工作中。

通过以上步骤，你可以逐步掌握机器学习的核心概念和技能，成为机器学习的 practitioner！
2025-06-07 16:42:41,503 - DEBUG - XiDian - Final reasoning response: 嗯，用户问的是“如何学习机器学习”。看起来他们刚开始对机器学习感兴趣，想要开始自己的学习之旅。首先，我需要理解他们的背景。他们可能是一个编程爱好者，或者正在大学里学习相关专业，想要进入机器学习领域。也可能是企业里寻求转型的人。

接下来，我应该考虑用户最关心的问题。机器学习领域很广，用户可能对基础概念、工具、算法的选择、实践应用等方面感到困惑。他们可能需要一个全面的学习路径，从入门到进阶，涵盖必要的知识和技能。

我应该分步骤来建议他们。首先，他们需要建立一个学习环境。选择合适的编程语言和工具是关键，Python是机器学习的首选语言，TensorFlow或PyTorch是常用的框架。找一个良好的在线学习平台也很重要，像Coursera、Udemy或DataCamp提供高质量的课程。

然后，他们需要系统地学习基础知识。这包括数学基础、编程基础、机器学习的基本原理和算法。通过基础课程，他们可以打好数学和编程的双重基础。接下来，学习监督和无监督学习的典型算法，比如线性回归、决策树、聚类等，通过案例实践来加强理解。

进入进阶阶段，他们需要了解更复杂的算法和自动化调优技术，如深度学习、强化学习和模型微调。此时，项目实战变得重要，通过实际项目巩固所学知识，解决实际问题。

最后，持续学习和成长是机器学习 Journey 的一部分。找到学习小组或社区进行交流， 持续关注最新动态。将机器学习应用到实际工作中，为职业发展助力。

用户可能还对资源选择有疑虑，所以特别推荐一些 Bodies 的资源和书籍，确保他们有全面的学习材料。同时，考虑到他们的初始阶段，建议他们从基础开始，逐步深入，不要急于求成。

总的来说，用户需要一个结构化的学习路径，从基础知识到项目实战，逐步培养技能和应用能力，同时加入持续学习和社区交流，确保他们在机器学习领域走得更远。

2025-06-07 16:42:41,685 - DEBUG - XiDian - 进入 get_experiment_record_details，整体实验ID: 1, 用户ID: 1
2025-06-07 16:42:41,687 - DEBUG - XiDian - 实验 1 共有 10 个步骤。
2025-06-07 16:42:41,688 - DEBUG - XiDian - 步骤 1: 找到记录 3，状态 'completed', 分数 95.0
2025-06-07 16:42:41,688 - DEBUG - XiDian - 步骤 2: 未找到对应记录，默认为 'pending', 分数 0.0
2025-06-07 16:42:41,688 - DEBUG - XiDian - 步骤 3: 未找到对应记录，默认为 'pending', 分数 0.0
2025-06-07 16:42:41,688 - DEBUG - XiDian - 步骤 4: 找到记录 1，状态 'completed', 分数 90.0
2025-06-07 16:42:41,688 - DEBUG - XiDian - 步骤 5: 未找到对应记录，默认为 'pending', 分数 0.0
2025-06-07 16:42:41,689 - DEBUG - XiDian - 步骤 6: 未找到对应记录，默认为 'pending', 分数 0.0
2025-06-07 16:42:41,689 - DEBUG - XiDian - 步骤 7: 未找到对应记录，默认为 'pending', 分数 0.0
2025-06-07 16:42:41,689 - DEBUG - XiDian - 步骤 8: 未找到对应记录，默认为 'pending', 分数 0.0
2025-06-07 16:42:41,689 - DEBUG - XiDian - 步骤 9: 未找到对应记录，默认为 'pending', 分数 0.0
2025-06-07 16:42:41,689 - DEBUG - XiDian - 步骤 10: 未找到对应记录，默认为 'pending', 分数 0.0
2025-06-07 16:42:41,979 - DEBUG - XiDian - Final response: 

### 如何有效学习机器学习

学习机器学习是一个系统化和持续的过程，需要结合多方面知识和技能的积累。以下是详细的分步指南：

1. **掌握基础编程知识**
   - **编程语言选择**：优先选择Python，因为它被广泛用于机器学习和数据科学领域。
   - **基础概念**：掌握数据类型（如变量、列表、元组、字典、集合）、控制流（如条件语句、循环）、函数、类等基本概念。
   - **内置函数和库**：熟悉Python标准库，特别是用于数据处理的模块（如`list`, `tuple`, `dict`）以及用于科学计算的`NumPy`和`Pandas`库。

2. **学习数据处理工具**
   - **NumPy**：用于高效数值计算，理解其数组操作和向量化运算。
   - **Pandas**：用于数据 manipulate, data cleaning, 和 data analysis。熟练掌握DataFrame 和 Series的使用。

3. **了解机器学习的基本概念**
   - **机器学习入门**：理解机器学习的定义、分类（监督学习、未监督学习、半监督学习、强化学习）、应用场景。
   - **模型评估指标**：学习准确率、精确率、召回率、F1分数、ROC曲线等评估指标的含义和应用场景。

4. **学习机器学习算法**
   - **监督学习**：
     - **回归分析**：线性回归、逻辑回归。
     - **分类算法**：决策树、随机森林、支持向量机（SVM）、神经网络等。
   - **无监督学习**：聚类（如K-means、层次聚类）、降维（如主成分分析（PCA））等。
   - **半监督学习**：了解混合学习算法的基本概念和应用。
   - **强化学习**：概念和基础算法，如Q-Learning。

5. **数据预处理与工程**
   - **数据清洗**：处理缺失值、去除重复数据、数据格式转换。
   - **数据归一化/标准化**：了解其作用和适用场景。
   - **特征工程**：创建新特征、选择特征、降维。
   - **数据集划分**：训练集、验证集、测试集的合理划分。

6. **掌握机器学习模型开发与优化**
   - **模型训练**：使用Python库如`Scikit-learn`进行模型训练。
   - **模型调参**：GridSearchCV、随机搜索等方法进行超参数优化。
   - **过拟合与欠拟合**：识别问题背景，了解解决方法（如正则化、数据增强等）。
   - **模型评估与调优**：通过交叉验证等方法评估模型性能，逐步优化模型。

7. **实践项目**
   - **动手实践**：从Kaggle平台获取数据集，尝试解决实际问题，如房价预测、手写数字识别等。
   - **完整项目构建**：从数据收集、预处理、模型选择、训练、调优、部署等环节，完成一个完整项目。

8. **深入学习与探索**
   - **深入研究**：重点学习前沿技术，如深度学习框架（如TensorFlow、Keras）、自然语言处理（NLP）、深度学习在计算机视觉（CV）中的应用。
   - **研究论文**：了解经典算法和最新进展，尝试复现论文中的实验结果。
   - **参与开源项目**：贡献或 fork 开源机器学习项目，学习社区协作开发的经验。

9. **改进学习方法**
   - **制定学习计划**：分解学习目标，设定短期和长期的学习计划。
   - **利用多平台资源**：利用博主教程、视频课程、书籍、在线课程（如Coursera、Udacity等）等多样化资源。
   - **认证验证**：通过专业认证和/or 实战项目来验证学习效果，获得ประกาศ的技能认证。

10. **寻求帮助与持续学习**
    - **加入学习社区**：参与如Stack Overflow、Kaggle forums、GitHub issues等社区，寻求解答和分享经验。
    - **持续学习**：机器学习是一个快速发展的领域，保持对新技术的关注和学习。
    - **参加线下/线上活动**：如技术讲座、工作坊、会议等，获取面对面的学习机会。

通过以上步骤的系统学习和实践，可以逐步掌握机器学习的基本原理和应用技术，为实现自己的目标打下坚实的基础。
2025-06-07 16:42:41,980 - DEBUG - XiDian - Final reasoning response: 嗯，如何学习机器学习呢？真是个大问题。我听说过机器学习，但真正去了解它，好像有很多东西需要学。首先，机器学习到底是什么？好像是让计算机自动学习和改进的能力吧？或者说是通过数据训练模型，让模型能够用来做预测或者其他事情。

然后，听说机器学习需要编程，尤其是Python。那我该先学Python吗？从哪里开始学呢？是不是有一些基础的编程概念，比如变量、函数、控制流之类的？可能还需要学一些库，比如NumPy和Pandas，这些是不是用来处理数据的？

接下来，算法是机器学习的关键部分吧。那有哪些机器学习算法？线性回归、随机森林、神经网络等等。这些算法有什么区别，它们在什么情况下使用？我需要学会每种算法的基本原理，以及如何实现它们。

数据预处理也很重要，不管用什么算法，都会有不同的数据预处理方法吧？比如归一化、标准化、处理缺失值、特征工程等等。这些步骤能不能有效地提升模型的性能呢？这是需要实践才能理解的。

机器学习的评估也很关键，比如准确率、精确率、召回率、F1分数等等，每种评估指标有什么不同的适用场景吗？怎么选择合适的评估指标来衡量模型的好坏？

然后，机器学习是实践性很强的，但有时候可能因为数据、资源、时间不够而觉得难以入门。听说有很多资料和教程，比如Kaggle平台上的各种竞赛和练习数据，能不能先从那里开始？还有GitHub上的教程和开源项目，是不是也能帮助我更好地学习？

另外，面对复杂的机器学习概念和算法，有时候会感到困惑，不知道怎么下手。有没有什么学习方法或者资源，能够帮助我更好地理解和掌握这些内容？比如视频教程、书籍、论文解读等等。

刚开始接触机器学习，可能还需要先掌握一些统计学和数学基础，比如概率论、线性代数、微积分等等。这些数学背景是否真的对机器学习的理解有帮助呢？我需要花时间去复习和巩固这些方面的知识吗？

听说机器学习模型过拟合是一个常见的问题，如何避免过拟合？比如正则化、交叉验证、数据增强等等，这些技术具体是怎么应用的？有没有具体的例子可以让我理解这些概念？

还有机器学习的最新发展，比如深度学习、强化学习等，这些是不是已经取代了传统的机器学习方法？了解这些前沿技术对我未来发展有什么帮助呢？是不是需要对这些方法有基本的了解？

实践和项目开发很重要，可能需要先从简单的项目开始，比如预测房价、识别手写数字等，记录自己的学习过程，不断改进模型，积累经验。同时，参考优秀的代码库或开源项目，学习如何高效地实现复杂的算法。

社区交流也是必要的，遇到问题的时候，向更有经验的人请教，参与一些机器学习的论坛或讨论，和其他学习者交流经验。比如Stack Overflow、Kaggle forums、GitHub issues等等，都是不错的选择。

时间管理和持续学习也很关键，设定明确的学习目标，合理安排时间，不会因为一时的兴趣或一时的冲动而荒废学习。每天花一定时间学习，避免临时抱佛脚。

最后，不要害怕失败，错误和挫折是学习过程中的自然部分。每一次失败都是一次学习的机会，只要坚持下去，终会取得进步。

总之，学习机器学习是一个系统化和持续的过程，需要掌握编程、算法、数据处理、模型评估、实践应用等多个方面的能力，同时还需要不断学习和更新自己的知识储备。

2025-06-07 16:42:42,157 - DEBUG - XiDian - 进入 get_experiment_record_details，整体实验ID: 1, 用户ID: 1
2025-06-07 16:42:42,160 - DEBUG - XiDian - 实验 1 共有 10 个步骤。
2025-06-07 16:42:42,161 - DEBUG - XiDian - 步骤 1: 找到记录 3，状态 'completed', 分数 95.0
2025-06-07 16:42:42,162 - DEBUG - XiDian - 步骤 2: 未找到对应记录，默认为 'pending', 分数 0.0
2025-06-07 16:42:42,162 - DEBUG - XiDian - 步骤 3: 未找到对应记录，默认为 'pending', 分数 0.0
2025-06-07 16:42:42,162 - DEBUG - XiDian - 步骤 4: 找到记录 1，状态 'completed', 分数 90.0
2025-06-07 16:42:42,163 - DEBUG - XiDian - 步骤 5: 未找到对应记录，默认为 'pending', 分数 0.0
2025-06-07 16:42:42,163 - DEBUG - XiDian - 步骤 6: 未找到对应记录，默认为 'pending', 分数 0.0
2025-06-07 16:42:42,163 - DEBUG - XiDian - 步骤 7: 未找到对应记录，默认为 'pending', 分数 0.0
2025-06-07 16:42:42,164 - DEBUG - XiDian - 步骤 8: 未找到对应记录，默认为 'pending', 分数 0.0
2025-06-07 16:42:42,164 - DEBUG - XiDian - 步骤 9: 未找到对应记录，默认为 'pending', 分数 0.0
2025-06-07 16:42:42,164 - DEBUG - XiDian - 步骤 10: 未找到对应记录，默认为 'pending', 分数 0.0
2025-06-07 16:42:42,617 - DEBUG - XiDian - Final response: 

学习机器学习是一个系统而复杂的过程，需要时间和耐心。以下是逐步指南，帮助您有效地掌握机器学习的知识和技能：

---

### 1. **制定明确的学习目标**
   - 确定您希望通过学习机器学习达到什么目标。例如：
     - 学习基本概念和理论。
     - 掌握至少一个具体的机器学习算法。
     - 能够独立开发一个简单的机器学习项目。
   - 根据目标，制定合理的学习计划和时间表。

---

### 2. **打好数学基础**
   机器学习依赖大量的数学知识，特别是线性代数、概率统计和微积分。如果您对这些内容不熟悉，应该从基础开始学习。

   - **推荐资源**：
     - **线性代数**：《Intuition for Linear Algebra for Machine Learning》（机器学习中的线性代数直觉）。
     - **概率与统计**：《机器学习 crash course》第3部分。
     - **微积分基础**：《机器学习中的微积分》。

---

### 3. **学习编程技能（尤其是Python）**
   Python是机器学习的常用语言，熟练掌握以下工具和库对学习至关重要。

   - **推荐学习资源**：
     - **Python编程基础**：《Python编程：从入门到实践》（PyHarry）。
     - **NumPy**：《Python NumPy 1.13机器学习与数据科学实践》。
     - **Pandas**：《Pandas数据处理开发实践》。
     - **Matplotlib**：《Python Matplotlib官方手册》。
     - **Scikit-learn**：《机器学习学习 exhaustion with Scikit-learn》。

---

### 4. **了解机器学习的概况**
   在深入具体算法之前，了解机器学习的整体框架和结构会对您的学习大有帮助。

   - **学习资源**：
     - **书籍**：《机器学习入门：通过Python实践》。
     - **在线课程**：Andrew Ng的“机器学习”课程（Coursera）。
     - **博客和教程**：Kaggle's Machine Learning Open Source Recipes。

---

### 5. **学习机器学习的基本算法**
   从简单到复杂，学习几种常用机器学习算法，如线性回归、逻辑回归、决策树、随机森林和神经网络。

   - **学习路径**：
     - 先理解算法的基本原理和数学推导。
     - 通过实践项目熟悉算法的实现和应用。

   - **推荐书籍**：
     - 《机器学习算法与Python实践》。
     - 《机器学习实战》。

---

### 6. **参加实践项目和比赛**
   实践是最好的学习方式。通过参与实际项目和机器学习比赛，您可以巩固所学知识，并提升解决问题的能力。

   - **推荐平台**：
     - **Kaggle**：提供丰富的公开比赛和数据集。
     - **Coursera 和 edX**：提供与机器学习相关的实践项目。
     - **GitHub**：关注优秀开源机器学习项目，学习实际应用。

---

### 7. **学习机器学习框架和工具**
   各个框架有不同的特点，选择合适的工具可以极大地提升你的工作效率和开发速度。

   - **推荐框架**：
     - **Scikit-learn**：适合快速上手和经典算法。
     - **Xgboost**：高效，适合竞赛和复杂应用。
     - **Keras 和 TensorFlow**：适合深度学习项目。

---

### 8. **阅读经典的机器学习书籍**
   从经典的机器学习书籍中，您可以全面了解理论和方法。

   - **经典书籍**：
     - **《The Elements of Statistical Learning》**。
     - **《机器学习》by Trevor Hastie, Robert Tibshirani, Jerome Friedman**。
     - **《Pattern Recognition and Machine Learning》**。

---

### 9. **加入学习社区和寻求帮助**
   机器学习是一个快速发展的领域，加入社区可以提供学习支持和反馈。

   - **推荐社区**：
     - **Kaggle社区**：分享数据集、比赛和解决方案。
     - **Stack Overflow**：提出和解决问题。
     - **Reddit’s r/MachineLearning**：获取学习资源和推荐。

---

### 10. **保持持续学习和实践**
   机器学习领域每天都在发展，保持对新技术的关注并持续实践是关键。

   - 定期阅读新技术相关的论文和博客。
   - 参与学习打卡活动或创建学习小组。
   - 在工作或研究中寻找机器学习应用的 opportunity。

---

### 11. **应用机器学习解决实际问题**
   将所学知识应用到实际问题中，增强理解和应用能力。

   - 开始小项目：从数据分析到模型构建。
   - 参与开源项目或 fork 改进现有项目。
   - 分析现实中的数据集，提取有价值的信息。

---

### 12. **总结与反思**
   定期总结学习过程中的收获和不足，调整学习计划，保持高效的学习状态。

   - 每周或每月进行一次学习总结，记录进取得感和挑战。
   - 提问自己：理解了什么？哪里还有疑问？下一步应该学什么？

---

通过以上步骤，您可以系统地学习机器学习，从基础到高级知识，逐步掌握其核心概念和技术。记住，学习机器是一个实践性很强的过程，不要害怕犯错，通过不断地实践和积累经验，您一定能够快速提升自己的技能，成为机器学习领域的专家。
2025-06-07 16:42:42,634 - DEBUG - XiDian - Final reasoning response: 嗯，如何才能有效地学习机器学习呢？机器学习对我来说有点复杂，有很多不同的概念和技术，我需要找到一个系统的学习方法。首先，我想，我应该从什么地方开始呢？是直接读书籍吗？还是先学习一些基础知识呢？

我记得，机器学习涉及很多数学知识，比如线性代数、概率统计等等。可是我对这些数学知识还不是很熟悉，应该先从数学基础入手吗？或者有其他的方式可以学习这些内容？

我还听说机器学习需要编程技能，尤其是Python。我已经有了一些编程的经验，但在具体应用机器学习算法前，我需要掌握Python中的哪些库和工具呢？像是NumPy、Pandas、Matplotlib这些库，我需要花时间去学习它们吗？

然后，机器学习本身有很多不同的算法，比如监督学习、无监督学习、强化学习等等。这些算法之间有什么区别和联系呢？我需要一一学习它们吗？还是可以通过做项目来结合这些算法来理解和掌握？

另外，我还不太清楚机器学习的流程是怎样的。有没有一个整体的流程或者步骤，可以帮助我系统地进行学习和项目开发？比如从数据获取、数据处理、算法选择、模型训练，到模型评估和优化，这些都是哪些具体的步骤呢？

还有，机器学习的书籍和资源那么多，我应该如何选择合适的学习材料？网上有很多教程和视频，但如何判断哪个是可靠且全面的呢？有没有推荐的书籍或者在线课程？

我还担心，学习机器学习可能会遇到很多问题和挑战，比如算法理解不透彻、项目实施难度大、代码开发不够熟练等等。有没有好的方法可以帮助我克服这些问题，提高学习效率和效果？

啊，对了，实践是非常重要的。怎么才能有效地进行机器学习项目的实践呢？是直接寻找公开的机器学习数据集，自己进行数据分析和算法测试吗？还是应该参加一些在线比赛或者竞赛来锻炼自己的能力？

总体来说，我需要一个全面的学习计划，涵盖数学基础、编程技能、机器学习理论以及实践应用。但是，我还不知道具体应该怎么安排时间，分配精力，才能 progresses 最快，达到预期的目标。

也许我可以先制定一个明确的目标，比如在半年内掌握机器学习的基本原理和应用技术，或者在一年内能够独立完成一个完整的机器学习项目。根据不同的目标，学习计划可能会有所调整。

在我的学习过程中，可能会遇到很多疑问和不确定性。如何有效地处理这些疑问，明确自己的学习方向和路径呢？有没有一个良好的学习习惯和方法，可以帮助我保持专注和持续的学习？

总的来说，学习机器学习是一个系统而复杂的过程，需要时间和耐心。我需要制定一个详细的学习计划，充分利用各种资源，积极实践，遇到问题时及时寻求帮助和解决，这样才能有效地掌握机器学习的知识和技术。

2025-06-07 16:42:42,816 - DEBUG - XiDian - 进入 get_experiment_record_details，整体实验ID: 1, 用户ID: 1
2025-06-07 16:42:42,817 - DEBUG - XiDian - 实验 1 共有 10 个步骤。
2025-06-07 16:42:42,818 - DEBUG - XiDian - 步骤 1: 找到记录 3，状态 'completed', 分数 95.0
2025-06-07 16:42:42,818 - DEBUG - XiDian - 步骤 2: 未找到对应记录，默认为 'pending', 分数 0.0
2025-06-07 16:42:42,819 - DEBUG - XiDian - 步骤 3: 未找到对应记录，默认为 'pending', 分数 0.0
2025-06-07 16:42:42,819 - DEBUG - XiDian - 步骤 4: 找到记录 1，状态 'completed', 分数 90.0
2025-06-07 16:42:42,819 - DEBUG - XiDian - 步骤 5: 未找到对应记录，默认为 'pending', 分数 0.0
2025-06-07 16:42:42,819 - DEBUG - XiDian - 步骤 6: 未找到对应记录，默认为 'pending', 分数 0.0
2025-06-07 16:42:42,819 - DEBUG - XiDian - 步骤 7: 未找到对应记录，默认为 'pending', 分数 0.0
2025-06-07 16:42:42,819 - DEBUG - XiDian - 步骤 8: 未找到对应记录，默认为 'pending', 分数 0.0
2025-06-07 16:42:42,820 - DEBUG - XiDian - 步骤 9: 未找到对应记录，默认为 'pending', 分数 0.0
2025-06-07 16:42:42,820 - DEBUG - XiDian - 步骤 10: 未找到对应记录，默认为 'pending', 分数 0.0
2025-06-07 16:42:43,111 - DEBUG - XiDian - Final response: 

学习机器学习是一个系统的过程，需要从基础到高级逐步掌握。以下是一个详细的步骤指南，帮助你从入门到 intermediate learner：

---

### **步骤指南**

#### **1. 学习基础知识：机器学习概述**
- **目标**：了解机器学习的定义、类型（监督/无监督/半监督/强化学习）、应用场景等。
- **内容**：
  - 机器学习的基本概念。
  - 监督学习（如回归、分类）和无监督学习（如聚类、降维）的区别。
  - 常见的算法（如线性回归、决策树、支持向量机、聚类算法等）。
- **资源**：
  - 书籍：《机器学习原理》（机器学习 Mitchell, 1997）。
  - 在线课程：Andrew Ng 的《机器学习》课程（Coursera）。

#### **2. 掌握编程基础**
- **目标**：掌握Python（或其他编程语言如R），并熟悉相关的机器学习库。
- **内容**：
  - 基本编程知识（变量、循环、函数、条件语句等）。
  - NumPy、Pandas、Matplotlib等库的基础使用。
  - PyTorch 或者 Keras 等深度学习框架的简介。
- **资源**：
  - 书籍：《Python for Data Analysis》（Pandas）。
  - 在线课程：Python for Everybody（Coursera）。

#### **3. 学习和实践基础机器学习算法**
- **目标**：理解和实现基础的机器学习算法，通过实践提升编程能力。
- **内容**：
  - 线性回归：简单但重要，理解其原理和应用。
  - 逻辑回归：分类算法的基础。
  - 决策树：递归划分的方法。
  - 随机森林：集成学习的基础。
  - 支持向量机（SVM）：理解核函数和间隔的概念。
  - K-means：聚类算法的基础。
- **实践**：
  - 使用 [scikit-learn](https://scikit-learn.org/) 库实现这些算法。
  - 做数据预处理（如归一化、特征工程）和评价指标（如准确率、召回率、F1 分数）。
- **资源**：
  - 书籍：《机器学习实战》（SVM部分）。
  - 在线教程：Kaggle 的学习资源库。

#### **4. 深入学习深度学习**
- **目标**：理解深度学习的基本原理和高级算法。
- **内容**：
  - 人工神经网络（ANN）和深度神经网络（DNN）的基础。
  - 深度学习框架（如 TensorFlow 或 PyTorch）的使用。
  - 卷积神经网络（CNN）、递归神经网络（RNN）、 Long Short-Term Memory (LSTM) 等。
  - 自动微分和优化器（如 Adam）。
- **资源**：
  - 书籍：《深度学习》（Goodfellow, 2016）。
  - 在线课程：Deep Learning Specialization（Coursera）。

#### **5. 参与机器学习项目**
- **目标**：通过实际项目巩固知识，提升解决问题的能力。
- **内容**：
  - 制定项目的完整流程：数据收集、清洗、特征工程、模型选择、训练、调优。
  - 参与 Kaggle 竞赛（https://www.kaggle.com/）等机器学习比赛。
  - 尝试开源项目（如 TensorFlow 的 GitHub），贡献代码或改进。
- **资源**：
  - Kaggle 竞赛指南。
  - GitHub 上的机器学习开源项目。

#### **6. 持续学习和探索**
- **目标**：保持对新技术的敏感性和学习能力。
- **内容**：
  - 关注机器学习领域的最新研究成果（论文阅读，如 arXiv）。
  - 参加技术社区（如 Reddit 的机器学习版块、Stack Overflow）。
  - 学习如何在大型企业或研究机构中应用机器学习（如顶会如 NeurIPS、ICML）。
- **资源**：
  - arXiv 上的论文。
  - 关注顶会、会议和挑战（如 Meta 的 ACL。
  - 技术博客（如 Distill）。

#### **7. 关注伦理和应用**
- **目标**：了解机器学习在实际应用中的伦理问题和挑战。
- **内容**：
  - 数据隐私和安全（如联邦学习、差分隐私）。
  - 偏差与公平性（算法歧视）。
  - 机器学习在现实世界中的实际应用（如医疗、自动驾驶、金融等）。
- **资源**：
  - 论文：《 fairest AI》或《Bias in Machine Learning》。
  - 书籍：《doing data science》的伦理章节。

---

### **总结**
学习机器学习是一个循序渐进的过程，需要系统地从基础知识到实践、再到项目经验，最终达到应用和创新。建议结合文献和itivity来学习，不要急于求成，慢慢积累经验。同时，保持好奇心和耐心，机器学习是一个不断迭代和探索的领域。

如果你有更多具体的问题或目标，可以随时进一步细化！
2025-06-07 16:42:43,116 - DEBUG - XiDian - Final reasoning response: 好，用户问“如何学习机器学习”。这是一个比较广泛的问题，所以我需要先了解他的具体需求。他可能是一个刚开始接触机器学习的人，或者是一个有一定基础但仍想深入学习的人。最重要的是，他可能对机器学习的整体流程不太清楚，不知道从哪里开始。

首先，我需要拆解学习机器学习的步骤。机器学习是一个系统的过程，通常包括数据准备、选择算法、训练模型、调优和部署。所以，我应该把整个学习过程分成几个阶段来详细说明。

第一阶段，学习机器学习的基本概念和术语。这对刚入门的人来说很重要，他们需要理解什么是监督学习、无监督学习，各种特征，过拟合、欠拟合等概念。或许我可以推荐一些入门书籍或者在线课程，比如《机器学习原理》或者是flowingdata的教程。

第二阶段，掌握编程基础。机器学习需要编程能力，特别是Python或者R。Python的流行主要是因为它的简单性和丰富的库。我应该提到PyTorch或Keras这样的深度学习框架，以及Pandas和Numpy这些数据处理库。可能还要提到Anaconda和Jupyter Notebook，因为它们是机器学习者的常用工具。

第三阶段，学习和实践基础算法。这个阶段关键的是理解不同的机器学习算法的基本原理和应用场景。可以从简单的线性回归、逻辑回归开始，再到决策树、随机森林，再学到SVM、K-means等算法。对于每种算法，我需要解释数学基础和适用场景，并建议使用 scikit-learn库来实践。

第四阶段，深入了解深度学习。随着深度学习的兴起，自定义模型变得越来越重要。需要学习神经网络的原理，激活函数，前向传播，反向传播等概念。同时，掌握深度学习框架如TensorFlow或PyTorch的使用。这部分可能有一定的难度，特别是数学基础的 Requirements，所以需要推荐相关的《深度学习》书籍。

第五阶段，实践项目很重要。将所学应用于实际项目中，以加深理解和巩固知识。推荐一些公开的 Kaggle竞赛或 Hackathon，这样不仅能够锻炼实战能力，还能从他人的解法中学习。

第六阶段，持续学习和探索前沿技术。机器学习领域每天都有新的发展，需要保持学习的热情。阅读最新的论文，关注顶会（如NeurIPS、ICML），参加社区活动，如MLSS或者是plementary的学习平台如Coursera或Udemy上的课程。

第七阶段，关注伦理和应用。机器学习在实际中涉及到很多伦理问题，如数据隐私、Bias、在自动驾驶或医疗中的应用，也应该给予重视。

最后，设定个人的目标是非常重要的。每一步都应有明确的目标，帮助你保持方向，避免陷入学习的盲目性。

在思考中，我可能会考虑遗漏什么，或者是否需要加入更多的资源，比如书籍、在线课程或需要用到的工具的详细步骤。这可能需要用户反馈或进一步调整，以确保建议的全面性和实用性。另外，考虑到数学基础的重要性，也许在学习算法部分需要强调必要的数学基础，比如线性代数、概率统计。

当然，如果用户有特定的发展目标或偏好，可以进一步细化建议，比如内容的安全、案例的行业特点等。因此，最终的建议应该是一个能够引导用户从基础到高级，逐步掌握机器学习方法的全面但灵活的学习路径。

2025-06-07 16:42:43,271 - DEBUG - XiDian - 进入 get_experiment_record_details，整体实验ID: 1, 用户ID: 1
2025-06-07 16:42:43,273 - DEBUG - XiDian - 实验 1 共有 10 个步骤。
2025-06-07 16:42:43,274 - DEBUG - XiDian - 步骤 1: 找到记录 3，状态 'completed', 分数 95.0
2025-06-07 16:42:43,274 - DEBUG - XiDian - 步骤 2: 未找到对应记录，默认为 'pending', 分数 0.0
2025-06-07 16:42:43,274 - DEBUG - XiDian - 步骤 3: 未找到对应记录，默认为 'pending', 分数 0.0
2025-06-07 16:42:43,274 - DEBUG - XiDian - 步骤 4: 找到记录 1，状态 'completed', 分数 90.0
2025-06-07 16:42:43,274 - DEBUG - XiDian - 步骤 5: 未找到对应记录，默认为 'pending', 分数 0.0
2025-06-07 16:42:43,274 - DEBUG - XiDian - 步骤 6: 未找到对应记录，默认为 'pending', 分数 0.0
2025-06-07 16:42:43,276 - DEBUG - XiDian - 步骤 7: 未找到对应记录，默认为 'pending', 分数 0.0
2025-06-07 16:42:43,276 - DEBUG - XiDian - 步骤 8: 未找到对应记录，默认为 'pending', 分数 0.0
2025-06-07 16:42:43,276 - DEBUG - XiDian - 步骤 9: 未找到对应记录，默认为 'pending', 分数 0.0
2025-06-07 16:42:43,276 - DEBUG - XiDian - 步骤 10: 未找到对应记录，默认为 'pending', 分数 0.0
2025-06-07 16:42:43,326 - DEBUG - XiDian - Final response: 

学习机器学习是一个系统化的过程，需要从基础知识到实践应用全面掌握。以下是分步骤的学习指南：

### 步骤 1：掌握基础知识

1. **数学基础**:
   - **线性代数**: 理解向量、矩阵、行列式等基本概念，为机器学习模型奠定基础。
   - **微积分**: 学习导数、梯度、多元微积分，掌握优化算法如梯度下降。
   - **概率与统计**: 掌握概率分布、期望、方差等统计概念，理解机器学习中的不确定性。

2. **编程基础**:
   - **Python**: 学习Python编程语言，掌握基本语法、数据结构和常用库如`List`, `Dictionary`, `Set`。
   - **主流编程模型**: 熟悉软件开发模型，如分段开发、版本控制（Git）、单元测试等。

### 步骤 2：学习数据科学基础

1. **数据处理**:
   - 掌握使用`Pandas`进行数据加载、清洗、分析。
   - 学习如何处理缺失值、异常值，数据归一化、特征工程等。

2. **数据可视化**:
   - 使用`Matplotlib`和`Seaborn`制作图表，帮助数据理解与分析。

3. **数据预处理**:
   - 数据编码、标准化、特征提取等步骤，为模型训练做准备。

### 步骤 3：学习机器学习 basics

1. **理解机器学习概念**:
   - 学习监督学习、无监督学习、强化学习的区别和应用场景。
   - 理解模型评估的指标，如准确率、召回率等。

2. **基础算法**:
   - **线性回归**: 学习用来预测连续变量的简单算法。
   - **Logistic Regression**: 应用于分类问题。
   - **k-近邻算法 (k-NN)**: 理解基于邻域的分类和回归方法。
   - **支持向量机 (SVM)**: 学习间隔最大化的分类方法。
   - **决策树和随机森林**: 掌握分治策略和集成学习方法。

3. **机器学习实践**:
   - 使用`Scikit-learn`库实现上述算法，通过练习项目提升技能。

### 步骤 4：深入学习进阶算法

1. **深度学习**:
   - 学习神经网络基础，使用`TensorFlow`或`PyTorch`框架构建和训练深度学习模型。

2. **自然语言处理 (NLP)**:
   - 掌握文本预处理、词袋模型、词嵌入、序列模型如LSTM等。

3. **计算机视觉 (CV)**:
   - 学习图像预处理、卷积神经网络（CNN）、图像分类等技术。

### 步骤 5：模型评估与优化

1. **评估指标**:
   - 学习准确率、F1分数、ROC-AUC等评估指标，理解不同指标适用的场景。

2. **模型调优**:
   - 掌握参数调优方法，如Grid Search和贝叶斯优化，提升模型性能。

3. **过拟合与欠拟合**:
   - 学习正则化、交叉验证等技巧，防止模型过拟合或欠拟合。

### 步骤 6：部署与应用

1. **模型部署**:
   - 学习使用`Flask`框架或`API`生成器将模型转化为 web服务。

2. **API设计**:
   - 掌握API设计，使其易于集成到其他系统或平台。

### 步骤 7：实践项目

1. **独立项目**:
   - 完成多个独立项目，如图像分类、文本情感分析等，巩固所学知识。

2. **公开竞赛**:
   - 参加机器学习竞赛（如Kaggle），挑战自己，提升实战能力。

### 步骤 8：持续学习与资源积累

1. **阅读经典书籍**:
   - 阅读《机器学习实战》、《Pattern Recognition and Machine Learning》等经典书籍。

2. **观看在线课程**:
   - 参观Coursera、 edX等平台上的机器学习课程，如 Andrew Ng 的《机器学习》。

3. **加入社区**:
   - 加入机器学习社区（如知乎、Stack Overflow、Reddit），参与讨论，分享经验。

### 步骤 9：持续实践与创新

1. **优化现有模型**:
   - 在已有项目中对模型进行优化，提升性能或减少资源消耗。

2. **探索新技术**:
   - 关注实时的机器学习技术发展，如 transformers、生成对抗网络（GANs）等。

3. **创新项目**:
   - 根据自己的兴趣或行业需求，开发创新性的机器学习项目。

通过以上系统化的学习步骤，你可以逐步掌握机器学习的基础知识，从复杂的理论概念到实际的应用开发。关键在于持续学习、实践操作和不断改进。机器学习是一项充满挑战和机遇的领域，但只要坚持和努力，你将能够掌握这一技术，并将其应用到实际项目中。
2025-06-07 16:42:43,328 - DEBUG - XiDian - Final reasoning response: 嗯，学习机器学习好像有点复杂。我刚开始接触，对很多概念都不熟悉。首先，我需要知道什么是机器学习？听说它是让计算机学习数据，然后做预测或决策。那具体是怎么实现的呢？

我记得之前学过一些编程语言，比如Python，可能这是机器学习要用到的主要语言。那我需要学Python吗？对的，听说Python有很多机器学习的库，比如TensorFlow、PyTorch、Scikit-learn，这些是不是必须掌握的？

然后，学习机器学习需要哪些数学基础？好像有线性代数、微积分、概率统计这些吧。我有点担心自己数学基础不够，是不是这些数学知识是必要的？如果不会，我应该先从哪里开始学起？

还有，数据科学的基础是什么？听说需要处理数据、清洗数据、可视化数据等等。那我需要先学数据预处理，比如处理缺失值、异常值，还有数据的特征工程，比如归一化、特征选择什么的。

想学编程的话，Python会不会太难？有没有什么推荐的入门书籍或课程？听说有一个叫“机器学习 crash course”的课程很流行，是不是应该从那里开始？

然后，了解机器学习的基本流程很重要。比如，数据准备、模型选择、训练模型、评估模型，最后部署模型。每个步骤需要怎么做？比如，如何选择合适的模型，如何评估模型的性能，这些都需要学习。

我应该从简单model开始学起，比如线性回归，然后逐步学更复杂的模型，比如支持向量机、决策树、随机森林，再到深度学习的神经网络。是不是要按这个顺序来学习？

听说评估模型有很多指标，比如准确率、召回率、精确率、F1分数等等。怎么选择适合的指标呢？不同的问题适用不同的指标，我需要了解各种评估方法的应用场景。

部署模型好像也很重要，但我不确定怎么实现。听说可以用Flask服务器，或者创建一个API，让用户可以调用我的模型进行预测。这需要学习一些 server 知识和接口的设计。

我好奇现在机器学习有哪些应用，比如图像识别、自然语言处理、推荐系统这些是怎么做的。有没有一些实际的项目我可以做，来加深理解？

还有，加入机器学习社区很重要，可以向其他人请教，分享经验。有没有国内外的资源，比如在线文档、论坛、 Meetups 等等？听说有一个 Kaggle 数据竞赛平台，我可以参加那些比赛来练习。

听说 Pandas 是处理数据的库，NumPy 是数组操作的库，Seaborn 和 Matplotlib 是数据可视化库。这些都是学习过程中会用到的库，我应该如何掌握它们？

如果有人指导我，学习起来会更容易。不知道有没有能找到指导的老师或学习小组，或者有没有推荐的书籍和课程资源。听说有一个《机器学习实战》这本书挺 popular，应该值得一看。

还有，持续学习和实践很重要。机器学习是一个不断发展的领域，需要不断学习最新的技术和工具。我应该怎样保持更新，比如关注行业新闻，参加在线课程，学习新的算法和模型？

虽然我有点紧张，但一步步来，先打好数学基础，学好编程语言，掌握数据处理和分析，再逐步学习各种机器学习算法和模型评估，应该没问题。虽然过程可能会很大，但只要坚持下去，相信自己可以学会机器学习。

总之，学习机器学习需要系统地学习编程基础、数学基础、数据处理、机器学习算法和模型评估，最后通过实践项目来巩固所学知识。从无到有，一步步来，应该能够掌握机器学习的基本概念和方法。

2025-06-07 16:42:43,498 - DEBUG - XiDian - 进入 get_experiment_record_details，整体实验ID: 1, 用户ID: 1
2025-06-07 16:42:43,500 - DEBUG - XiDian - 实验 1 共有 10 个步骤。
2025-06-07 16:42:43,500 - DEBUG - XiDian - 步骤 1: 找到记录 3，状态 'completed', 分数 95.0
2025-06-07 16:42:43,501 - DEBUG - XiDian - 步骤 2: 未找到对应记录，默认为 'pending', 分数 0.0
2025-06-07 16:42:43,501 - DEBUG - XiDian - 步骤 3: 未找到对应记录，默认为 'pending', 分数 0.0
2025-06-07 16:42:43,501 - DEBUG - XiDian - 步骤 4: 找到记录 1，状态 'completed', 分数 90.0
2025-06-07 16:42:43,501 - DEBUG - XiDian - 步骤 5: 未找到对应记录，默认为 'pending', 分数 0.0
2025-06-07 16:42:43,501 - DEBUG - XiDian - 步骤 6: 未找到对应记录，默认为 'pending', 分数 0.0
2025-06-07 16:42:43,501 - DEBUG - XiDian - 步骤 7: 未找到对应记录，默认为 'pending', 分数 0.0
2025-06-07 16:42:43,502 - DEBUG - XiDian - 步骤 8: 未找到对应记录，默认为 'pending', 分数 0.0
2025-06-07 16:42:43,502 - DEBUG - XiDian - 步骤 9: 未找到对应记录，默认为 'pending', 分数 0.0
2025-06-07 16:42:43,502 - DEBUG - XiDian - 步骤 10: 未找到对应记录，默认为 'pending', 分数 0.0
2025-06-07 16:42:43,689 - DEBUG - XiDian - Final response: 

学习机器学习是一个系统化的过程，需要掌握相关的基础知识、算法、工具和实践。以下是学习机器学习的步骤和资源推荐：

---

### 1. **掌握基础知识**
机器学习需要一定的数学基础和编程能力。以下是一些需要掌握的基础知识：
- **数学基础**：
  - 线性代数（矩阵运算、向量空间等）：理解机器学习中的数据表示。
  - 概率论与统计学：理解数据分布、假设检验等。
  - 微积分：理解优化算法（如梯度下降）。
- **编程基础**：
  - 掌握 Python（推荐使用 Python 作为机器学习的主要语言）。
  - 学习基本的编程概念，如循环、条件、函数、类等。
- **数据处理与可视化**：
  - 学习如何使用 Python 的数据科学库（如 Pandas、NumPy、Matplotlib、Seaborn）处理和可视化数据。

---

### 2. **学习机器学习基础概念**
在掌握基础之后，可以系统地学习机器学习的基本概念和常见算法。
- **书籍推荐**：
  - 《机器学习实战》（Hands-On Machine Learning with Scikit-Learn, Keras, and TensorFlow）：一本经典的机器学习入门书。
  - 《机器学习》（Elements of Statistical Learning）：深入介绍机器学习的统计学基础。
- **在线课程**：
  - Coursera 上的 Andrew Ng 的《机器学习》课程（Machine Learning）。
  - Udacity 的《 Intro to Machine Learning 》。
- **视频教学**：
  - YouTube 上的 3Blue1Brown 的《机器学习的本质》系列。
  - 我的《机器学习基础知识》系列视频（可以在 YouTube 或其他平台观看）。

---

### 3. **学习常用算法**
机器学习中有许多算法，建议先从小到大学习一些基础的算法。
- **分类算法**：
  - K-近邻算法（K-Nearest Neighbors, KNN）。
  - 决策树（Decision Tree）。
  - 随机森林（Random Forest）。
  - 支持向量机（Support Vector Machine, SVM）。
  - 线性回归与逻辑回归。
  - 人工神经网络（Neural Network）和深度学习（Deep Learning）。
- **聚类算法**：
  - K-均值聚类（K-Means）。
  - 系统聚类（Hierarchical Clustering）。
- **降维与可视化**：
  - 主成分分析（Principal Component Analysis, PCA）。
  - 温度图（ t-SNE 温度图）。

---

### 4. **实践项目**
机器学习的最佳学习方式是通过实践来巩固知识。建议从简单项目开始，逐步增加难度。
- **项目建议**：
  - 天气预测。
  - 网页分类。
  - 用户推荐系统。
  - 医疗数据分类。
- **工具推荐**：
  - Python 机器学习库（如 Scikit-learn、XGBoost、LightGBM、 catboost）。
  - TensorFlow 和 Keras。
  - PyTorch。
  - Pandas 和 Matplotlib 进行数据分析和可视化。

---

### 5. **学习机器学习框架**
机器学习框架是实现算法和实用工具的重要工具。
- **TensorFlow**：
  - 开源框架，支持端到端的机器学习模型开发。
- **Keras**：
  - 高层 API，简便快速地构建和训练模型。
- **PyTorch**：
  - 强调灵活性和研究，适合复杂任务。
- **Scikit-learn**：
  - 提供了许多经典的机器学习算法和工具。

---

### 6. **学习数据集和竞赛**
- 数据集来源：
  - Kaggle（机器学习竞赛平台）。
  - UCI Machine Learning Repository（开放数据集）。
  - 一些公开的数据集（如 MNIST、CIFAR-10、 IMDb 很好的电影评论数据集等）。
- 参加机器学习竞赛：
  - Kaggle 是机器学习竞赛的首要选择。
  - 其他竞赛平台：Google Cloud Challenge、Prokubot、等。

---

### 7. **持续学习与优化**
机器学习是一个快速发展的领域，需要不断学习新知识和新技术。
- 关注 Twitter 和知乎（如 Machine Learning 等）关注逃离 burned。
- 读机器学习论文。
- 学习最新的技巧和工具（如自动调参工具、可解释性方法等）。

---

### 8. **资源推荐**
以下是一些学习资源，供你参考：
- **书籍**：
  - 《机器学习》（Elements of Statistical Learning）。
  - 《统计学习导论》（An Introduction to Statistical Learning）。
  - 《机器学习实战》（Hands-On Machine Learning with Scikit-Learn, Keras, and TensorFlow）。
- **在线课程**：
  - Coursera：Andrew Ng 的《机器学习》、程MaxY 的《Python 机器学习与自然语言处理》。
  - Udacity：《 Intro to Machine Learning 》。
  - 视频教学：3Blue1Brown 的《机器学习的本质》。
- **工具文档**：
  - Scikit-learn 文档：[https://scikit-learn.org/stable/](https://scikit-learn.org/stable/)
  - TensorFlow 文档：[https://www.tensorflow.org/](https://www.tensorflow.org/)

---

### 9. **个人实践**
学习机器学习的最终目标是实践。建议从简单项目开始，逐步挑战复杂的问题。
- **推荐的项目**：
  - **聚类分析**：根据商品特征或用户行为进行分类。
  - **分类任务**：邮件自动分类（垃圾邮件识别）。
  - **推荐系统**：根据用户行为或评分数据推荐商品。
  - **时间序列分析**：股票预测、天气预测等。

---

### 10. **加入社区**
机器学习是一个开放的社区，积极参与社区可以提高你的技能。
- 入门社区：
  - Kaggle 讨论区。
  - GitHub 上的机器学习项目。
  - Reddit 上的 r/MachineLearning。
- 进阶社区：
  - Stack Overflow 上的机器学习标签。
  - 论文阅读和讨论群组（如 ResearchGate）。

---

### 11. **练习与巩固**
- 每天花一定时间学习和实践。
- 反思代码的运行结果，理解每一步的作用。
- 每周尝试一个新项目。

---

### 12. ** buffer 持续学习**
机器学习是一个不断前进的领域， нов 技术和方法层出不穷。为了保持竞争力，你需要持续学习新的知识和工具。

---

通过以上步骤，你可以逐步掌握机器学习的核心知识和技能，并将其应用到实际项目中。机器学习是一项充满挑战和机遇的事业，但只要坚持学习和实践，你一定能有所成就！
2025-06-07 16:42:43,697 - DEBUG - XiDian - Final reasoning response: 好的，用户现在问的是“如何学习机器学习”。这是一个比较广泛的问题，需要从多个方面来回答。首先，我得考虑用户可能的不同背景和学习需求，他们可能是一名学生、研究人员，或者数据科学家。此外，用户可能已经有一定的编程基础，但对于机器学习的具体步骤和资源选择不太清楚。

我应该先把学习机器学习的大致步骤理清楚，这样用户能有一个整体的认识。可能需要从了解基础知识开始，然后逐步学习算法，接着实践，最后建立一个项目。各个阶段需要哪些资源是关键，比如书籍、在线课程或者文档。

考虑到用户的背景可能不是特别深入，我需要推荐一些适合入门的资料，比如《机器学习实战》或者Coursera上的Andrew Ng课程。同时，提供一些工具的介绍，如Python、TensorFlow等，以及一些免费的数据集来源，如Kaggle。

此外，实践是机器学习学习的重要部分，用户可能需要具体的项目建议和持续学习的资源，比如GitHub上的开源项目或者参加竞赛。最后，还要提醒用户，机器学习需要时间投入，保持好奇心和持续学习是很重要的。

整个回答要保持口语化，避免使用太专业的术语，让用户感觉容易理解。同时，分段处理不同的主题，比如基础知识、工具、实践、资源等等，让用户可以一步步学习。

最后，再次确认用户的需求，确保每个部分都覆盖到了用户可能需要的，这样用户才能有全面的学习计划。

2025-06-07 16:42:43,861 - DEBUG - XiDian - 进入 get_experiment_record_details，整体实验ID: 1, 用户ID: 1
2025-06-07 16:42:43,863 - DEBUG - XiDian - 实验 1 共有 10 个步骤。
2025-06-07 16:42:43,865 - DEBUG - XiDian - 步骤 1: 找到记录 3，状态 'completed', 分数 95.0
2025-06-07 16:42:43,865 - DEBUG - XiDian - 步骤 2: 未找到对应记录，默认为 'pending', 分数 0.0
2025-06-07 16:42:43,865 - DEBUG - XiDian - 步骤 3: 未找到对应记录，默认为 'pending', 分数 0.0
2025-06-07 16:42:43,865 - DEBUG - XiDian - 步骤 4: 找到记录 1，状态 'completed', 分数 90.0
2025-06-07 16:42:43,865 - DEBUG - XiDian - 步骤 5: 未找到对应记录，默认为 'pending', 分数 0.0
2025-06-07 16:42:43,866 - DEBUG - XiDian - 步骤 6: 未找到对应记录，默认为 'pending', 分数 0.0
2025-06-07 16:42:43,866 - DEBUG - XiDian - 步骤 7: 未找到对应记录，默认为 'pending', 分数 0.0
2025-06-07 16:42:43,866 - DEBUG - XiDian - 步骤 8: 未找到对应记录，默认为 'pending', 分数 0.0
2025-06-07 16:42:43,866 - DEBUG - XiDian - 步骤 9: 未找到对应记录，默认为 'pending', 分数 0.0
2025-06-07 16:42:43,866 - DEBUG - XiDian - 步骤 10: 未找到对应记录，默认为 'pending', 分数 0.0
2025-06-07 16:42:44,148 - DEBUG - XiDian - Final response: 

学习机器学习是一个系统而复杂的过程，需要一步一步地规划和执行。以下是根据思考整理的分步指南：

### 1. 确定学习目标
- **明确用途**：明确想通过机器学习解决什么问题，比如预测、分类还是数据挖掘。
- **选择学习路径**：根据自己的兴趣和职业目标，选择适合的学习路线，比如快速入门课程或深入的学术路线。

### 2. 打好数学基础
- **学习线性代数**：掌握向量、矩阵、特征值等概念，这对理解机器学习算法很重要。
- **复习概率与统计**：理解概率分布、假设检验等，为机器学习的模型评估打下基础。
- **学习微积分**：了解导数、梯度等概念，尤其在优化算法中应用广泛。

### 3. 学习编程基础
- **选择编程语言**：熟练掌握Python，因为它是机器学习的常用语言。
- **学习Python basics**：理解变量、数据类型、控制流、函数等基础概念。
- **熟悉Jupyter Notebook**：用于快速实验和运行机器学习算法，提升学习效率。

### 4. 掌握机器学习基础知识
- **理解基本概念**：明确什么是机器学习、监督学习和无监督学习等。
- **学习算法原理**：从简单算法如线性回归、逻辑回归开始，逐步学习决策树、随机森林、支持向量机和神经网络等。
- **实践操作**：通过平台如Kaggle进行实战，应用算法解决实际问题，巩固理论知识。

### 5. 学习机器学习框架
- **掌握TensorFlow和PyTorch**：这些流行的深度学习框架帮助构建和训练模型。
- **熟悉Pandas和NumPy**：用于数据处理和分析，提升数据预处理效率。
- **了解Scikit-learn**：一个全面的机器学习库，用于模型选择、评估和部署。

### 6. 进行数据预处理
- **数据清理**：处理缺失值、去除异常值，确保数据质量。
- **特征工程**：提取有用的特征，进行归一化或标准化处理，优化模型性能。
- **数据可视化**：使用Matplotlib或Seaborn进行数据可视化，帮助理解数据分布和关系。

### 7. 选择合适的算法和模型
- **评估数据特点和问题类型**：根据数据特征和目标问题选择适合的算法。
- **验证和比较**：使用不同的算法进行实验，比较性能，选择最优模型。
- **调优模型参数**：通过网格搜索等方法调整模型参数，提高模型性能。

### 8. 模型评估与优化
- **使用评估指标**：如准确率、召回率、F1分数等，量化模型性能。
- **处理过拟合与欠拟合**：通过正则化、降维等方法防止模型过拟合，确保模型泛化能力。
- **集成学习**：使用Bagging、Boosting等方法结合多个模型，提升预测效果。

### 9. 项目实战与实践
- **参与机器学习项目**：通过Kaggle、GitHub等平台参与项目，积累实战经验。
- **撰写技术博客**：分享学习心得和项目经验，提升写作能力和 oxy能学习他人思路。
- **加入学习社区**：参与论坛如Stack Overflow、Reddit等，与其他学习者交流，获取反馈。

### 10. 持续学习与更新
- **跟进行业动态**：关注AI新闻、博客，了解深度学习、生成式AI等前沿技术。
- **参与在线课程**：例如Coursera、Udacity等平台提供的机器学习课程，系统性学习。
- **阅读经典书籍**：如《机器学习实战》、《深度学习》等，深入了解理论和实践。

### 11. 总结与反思
- **定期反思学习进展**：总结 weekly的学习成果，发现不足之处，制定改进计划。
- **设定短期和长期目标**：设定可量化的学习目标，如在三个月内掌握基础算法，然后逐步深入。

通过系统的学习和不断的实践，我相信自己能够逐步掌握机器学习的核心概念和技术，为未来的高级应用和发展打下坚实的基础。
2025-06-07 16:42:44,149 - DEBUG - XiDian - Final reasoning response: 嗯，我现在对机器学习有点兴趣，但也感觉有点摸不着头脑。首先，我需要了解机器学习到底是什么。网上有很多文章和教程，但很多地方都提到“机器学习”这个词，到底它具体是什么呢？好像是让计算机自己学习和进步的什么技术吗？好像还涉及到数据和算法什么的。

我记得之前听说过“数据驱动的决策”，不知道机器学习是不是也是一种基于数据的决策方式？好像是的，它通过分析大量的数据来发现规律，然后用来预测或者分类什么的。那具体是怎么做到的呢？是不是需要编程？好像之前有点编程的基础，但也不算很熟练。

好，我先看看机器学习的几种常见的算法有哪些。好像有回归、分类、聚类、降维这些都是机器学习中的常用方法。回归用来预测连续值，比如房价预测；分类用来分不同类，比如邮件分类；聚类是自动分类，比如客户细分；降维是减少数据维度，方便分析。这些都是机器学习的基础吗？好像是的。

接下来，我想知道学习机器学习需要哪些前置知识。网上看到有人提到需要掌握编程语言，尤其是Python。Python好像在机器学习领域很常见，有很多库和框架支持，比如TensorFlow、PyTorch、Pandas和NumPy。我应该先学习这些库吗？

不对，我先得先学习Python basics，比如变量、数据类型、控制流、函数等，这样才能更好地理解这些库。对，先打好数学基础也是必要的。机器学习涉及到很多数学概念，比如线性代数、概率论和统计学。数学基础不好，怎么学下去呢？

然后是算法和模型。好像需要了解算法的原理，比如线性回归、逻辑回归、决策树，还有各种模型的评估方法。这部分我感觉有点难，不太确定怎么开始。是不是需要看一些基础的教程，然后一步步来实践呢？

数据预处理也是很关键的一部分吧。数据 cleaning、归一化、特征工程这些操作，好像也不少。不知道具体怎么操作，可能需要看一些案例来学习。

算法选择方面，好像有很多不同的算法，不知道该用什么算法才能得到好的结果。可能是需要根据具体问题来选择合适的算法，但具体怎么判断呢？可能需要尝试不同的算法，比较它们的性能。

模型评估和调优这部分也很重要。模型评估指标呢，比如准确率、召回率、F1分数等等。模型调优可能需要进行参数调整或者优化算法本身。这些听起来有点复杂，得慢慢来。

机器学习项目实战也是很难，没有实际操作的话，感觉很难掌握。有没有什么好的平台可以练习呢？比如Kaggle，那里的项目很多，可以用来实践吗？

部署和部署也是一个挑战，尤其是对于非专业的开发者来说，如何将模型集成到实际应用中呢？不知道有哪些工具可用，可能需要学习一些服务器管理和API开发的知识。

持续学习和更新也是一个重要的点，机器学习发展很快，得时刻关注新方法和新工具。这需要投入很多时间，因为等领域变化很快。

当前的问题和趋势包括深度学习、强化学习、生成式AI，这些都是机器学习的前沿方向。得想一想，未来如何发展，自己的职业定位是什么，这样才能更好地规划学习路线。

自我提升的方法有很多，定期做项目、阅读 books、参加社区活动都是不错的选择。坚持学习和实践是关键，没有捷径，得慢慢积累。

总的来说，学习机器学习需要打好数学基础、编程基础，掌握各种算法和模型，实践项目积累经验，同时要持续学习和关注行业前沿。虽然看起来很复杂，但一步步来，慢慢积累，应该能够掌握机器学习的精髓。

不过，我感觉自己对于数学和编程不是很熟悉，可能需要更系统地学习。应该从基础的Python编程开始，逐步积累数学知识，然后学习机器学习的基础算法和模型，通过实践项目来巩固和应用这些知识。同时，也要关注最新的技术和趋势，不断扩展自己的知识面和技能。

总之，学习机器学习是一个长期而复杂的过程，需要耐心和坚持。通过不断的实践和学习，我相信自己可以逐渐掌握这项技术，并在实际应用中发挥作用。

2025-06-07 16:42:44,307 - DEBUG - XiDian - 进入 get_experiment_record_details，整体实验ID: 1, 用户ID: 1
2025-06-07 16:42:44,309 - DEBUG - XiDian - 实验 1 共有 10 个步骤。
2025-06-07 16:42:44,309 - DEBUG - XiDian - 步骤 1: 找到记录 3，状态 'completed', 分数 95.0
2025-06-07 16:42:44,310 - DEBUG - XiDian - 步骤 2: 未找到对应记录，默认为 'pending', 分数 0.0
2025-06-07 16:42:44,310 - DEBUG - XiDian - 步骤 3: 未找到对应记录，默认为 'pending', 分数 0.0
2025-06-07 16:42:44,310 - DEBUG - XiDian - 步骤 4: 找到记录 1，状态 'completed', 分数 90.0
2025-06-07 16:42:44,310 - DEBUG - XiDian - 步骤 5: 未找到对应记录，默认为 'pending', 分数 0.0
2025-06-07 16:42:44,310 - DEBUG - XiDian - 步骤 6: 未找到对应记录，默认为 'pending', 分数 0.0
2025-06-07 16:42:44,311 - DEBUG - XiDian - 步骤 7: 未找到对应记录，默认为 'pending', 分数 0.0
2025-06-07 16:42:44,312 - DEBUG - XiDian - 步骤 8: 未找到对应记录，默认为 'pending', 分数 0.0
2025-06-07 16:42:44,312 - DEBUG - XiDian - 步骤 9: 未找到对应记录，默认为 'pending', 分数 0.0
2025-06-07 16:42:44,312 - DEBUG - XiDian - 步骤 10: 未找到对应记录，默认为 'pending', 分数 0.0
2025-06-07 16:42:44,350 - DEBUG - XiDian - Final response: 

学习机器学习需要一个系统的计划和持续的努力。以下是根据你的思考过程整理出的详细步骤：

### 1. 数学知识复习
- **学习内容**：掌握线性代数、概率统计、微积分和优化方法。
- **学习方法**：复习大学课程的教材，参加免费的在线课程（如Coursera上的Linear Algebra for Machine Learning），做练习题巩固理解。

### 2. 学习机器学习的基础
- **学习内容**：了解监督学习、无监督学习的基本概念和常见算法。
- **推荐书籍**：
  - "机器学习" by 欧拉·奥 bullsight
  - "机器学习实战" by 包维进取
- **学习方法**：通过Khan Academy或Coursera上的机器学习入门课程开始学习。

### 3. 学习和实践编程技能
- **编程语言**：熟练掌握Python，加强Pandas和NumPy的学习。
- **学习方法**：
  - 完成“Learn Python in 10 minutes”这样的简短课程。
  - 做Codecademy上的Python项目。
  - 使用LeetCode或Codewars进行算法练习。

### 4. 工具和框架学习
- **学习内容**：熟悉TensorFlow、PyTorch、Scikit-learn等框架。
- **学习方法**：
  - 参加Stanford大学的Coursera课程《机器学习导论》。
  - 安装并实践TensorFlow的基础教程。
  - 通过Kaggle比赛练习模型部署。

### 5. 实践项目
- **项目目标**：每周完成至少一个机器学习项目，并记录在博客或notebook中。
- **项目建议**：
  - 分类项目：如银行信用评估。
  - 回归项目：如房价预测。
  - 聚类项目：如客户分段。

### 6. 数据处理与分析
- **学习内容**：学会使用Pandas进行数据操作，Matplotlib和Seaborn进行可视化。
- **学习方法**：
  - 完成DataCamp上的Pandas和Seaborn课程。
  - 练习数据分析的Kaggle项目。

### 7. 持续学习与社区参与
- **社区资源**：加入机器学习社区，如Stack Overflow、Kaggle forum、Reddit小组。
- **参与活动**：参加机器学习比赛，分析别人的作品学习他们的技巧。

### 8. 时间管理和 htt:/rrcomprehensive
- **每日学习安排**：
  - 早上：数学复习。
  - 中午：机器学习基础课程。
  - 下午：实践项目。
  - 晚上：高斯学习和休息。
- **定期回顾**：每周总结学习进度，调整学习计划。

### 9. 兴趣领域探索
- **选择领域**：根据兴趣选择应用机器学习的领域，如自然语言处理、图像识别。
- **深入学习**：研究相关领域的最新算法和应用案例。

### 10. 未来展望
- **职业发展**：明确目标，如成为数据科学家或机器学习工程师，并制定职业规划。
```
2025-06-07 16:42:44,350 - DEBUG - XiDian - Final reasoning response: 今天，我决定开始学习机器学习。我对机器学习充满了兴趣，想利用它来解决一些实际问题。但当我第一次上网搜索关于学习机器学习的资料时，发现自己不知道从哪里开始，各种书籍、教程、视频太多了。我该如何选择呢？

首先，我想到找一个系统的学习路径。在网上搜索后，我发现了几种不同的学习路线。一种是零基础的入门路线，另一种是对编程有一定了解的提升路线。我发现自己有基础的编程知识，比如使用Python，所以我决定选择一个结合编程和机器学习的路线。

我注意到，很多教程都提到了掌握必要的数学知识，比如线性代数、概率统计等。我知道数学是机器学习的基础，所以我要先补上这些数学知识。我记得大学学过一些线性代数和概率统计，但可能有些久了，所以需要复习课本，巩固这些基础。此外，我觉得编程技能也是必要的，虽然我有一定Python知识，但要确保自己能熟练应用在机器学习项目中。

接下来，我决定制定一个学习计划。首先，我会花两周时间复习数学基础知识。然后，第三周开始学习机器学习的基础概念，比如监督学习、无监督学习，以及一些基础算法，如线性回归、逻辑回归、决策树和随机森林。接着，在接下来的几周中，我会逐步学习机器学习的一系列高级算法，比如支持向量机（SVM）、k近邻算法（KNN）、聚类分析等。我还需要学习如何评估模型的性能，理解过拟合和欠拟合的问题。

为了巩固所学，我会尝试一些实际项目。比如，我可以尝试根据数据集进行预测任务或者聚类任务。有人建议我使用Kaggle平台，上面有很多公开的数据集和比赛，我可以参与这些比赛，或者解决其他用户提出的实际问题。这样做不仅可以帮助我应用所学知识，还能让我接触到不同的问题和解决方案。

编程方面，除了Python，我还需要学习一些机器学习框架，比如TensorFlow或PyTorch。听说TensorFlow是一个非常流行的库，虽然看似复杂，但有了好的基础，我应该能够逐步掌握。另外，我会尝试使用 Pandas 操作数据，使用 Matplotlib 和 Seaborn 进行数据可视化，帮助我更好地理解数据特征。

除此之外，我知道实践是关键。所以我计划每周至少完成一个机器学习项目，记录下来，权当个人笔记。这不仅能帮助我查漏补缺，还能让我更深入地理解和应用机器学习概念。同时，我也需要学习如何使用Scikit-learn库，因为它是机器学习的常用工具库，里面有很多预建成模块，like分类、回归、聚类等等。

我还需要注意避免的一些误区。比如，陷入算法实现的细节中，过于专注于算法的内部原理而忽略了整体应用；或者，在项目中只关注模型本身，而忽略了数据预处理的重要性。因此，我需要在学习过程中平衡理论与实践，确保每一个概念都能通过实际项目得到应用和验证。

我应该避免只看理论书籍，而不动手实践。因为只有通过动手操作，才能真正掌握机器学习的方法和技巧。此外，即使在遇到困难时，我也不会轻易放弃，而是鼓励自己寻找解决方法，可以参考在线资源，或者向其他人请教。

记得，我的目标是将机器学习应用到实际问题中。因此，我需要选择一个领域，比如预测房价、识别手写数字、推荐系统等，来集中精力进行学习和实践。对我来说，我可能更感兴趣的是自然语言处理或者图像识别领域，但这些可能需要更深入的掌握。

我还意识到，时间管理和专注力是非常重要的。安排足够的时间学习，包括每天固定的学习时间，同时也要保证身体的健康，避免过度疲劳。有些同学可能因为拖延症而导致学习效果不佳，因此我需要为学习制定详细的计划，并坚持Go。

我还在考虑参加一些在线课程或线下课程，不仅仅依赖于自学。因为有时候跟着老师或者lecturer的指导学习，效率会更高，尤其是对于那些复杂的概念或者容易出错的地方。所以，我会关注一些知名的在线学习平台，比如Coursera、edX、Udacity等，看看有没有高质量的机器学习课程。

最后，我意识到学习过程充满挑战，但是也会有很多有趣的发现。每当我在某个算法中有了自己的理解，或者解决了项目的困难点时，我都会感到非常有成就感。因此，我需要保持学习的热情和积极的态度，不断鼓励自己前进。

综上所述，我的学习步骤大致如下：

1. 复习必要的数学知识，包括线性代数、概率统计等。
2. 学习机器学习的基础概念和算法。
3. 学习和实践与编程相关的工具和技术，比如Python、TensorFlow、Pandas等。
4. 完成多个实际项目，将所学知识应用到实际问题中。
5. 使用Kaggle等平台寻找更多的练习和比赛，拓展实战经验。
6. 参加在线课程或线下课程，系统化地学习机器学习的内容。
7. 保持良好的时间管理，定期回顾和总结所学内容，巩固知识。
8. 了解机器学习的未来发展趋势和应用场景，拓宽自己的视野。

通过以上步骤，我相信自己可以系统地学习机器学习，并将其应用到实际工作中或兴趣领域中去。

2025-06-07 16:42:44,424 - DEBUG - XiDian - Final response: 

学习机器学习需要一个系统化的计划和持续的努力。以下是一个学习机器学习的步骤指南：

### 1. **了解基本概念**

- **机器学习的定义**：机器学习是让计算机从数据中自动学习并改进性能的科学。
- **机器学习的类型**：
  - **监督学习**：需要标签数据，输入输出之间有明确对应关系。
  - **无监督学习**：不需要标签数据，数据自身包含结构。
  - **半监督学习**：结合有标签和无标签数据。
  - **强化学习**：通过试错和奖励机制来学习。

### 2. **准备基础知识**

- **数学**：
  - **线性代数**：理解向量和矩阵操作。
  - **概率论和统计学**：掌握概率分布、假设检验和统计推断。
  - **微积分**：学习导数和积分，理解优化算法。
  - **优化算法**：了解梯度下降、凸优化等概念。

- **编程基础**：
  - **Python语言**：掌握基础语法，了解数据结构和算法。
  - **常用库**：熟悉`pandas`（数据分析）、`numpy`（数值计算）、`matplotlib`（数据可视化）等库。

- **数据处理**：
  - 学习数据采集、清洗和预处理技术。

### 3. **选择学习路径**

- **书籍和在线课程**：
  - 《机器学习》（Introduction to Machine Learning）：全面了解机器学习的基础。
  - 斯坦福大学机器学习课程：经典的入门课程。
  - 《机器学习实战》：通过实践掌握机器学习方法。

- **在线资源**：
  - **Coursera** 和 **edX**：提供多种机器学习课程。
  - **Kaggle**：参与机器学习比赛，实践自己的算法。
  - **Towards Data Science**：订阅以获取最新的学习资源和文章。

### 4. **实践操作**

- **项目实践**：从简单项目开始，如图像分类、文本分类或预测问题。
- **工具和框架**：
  - **Python库**：使用`scikit-learn`进行传统机器学习，`TensorFlow`/`PyTorch`进行深度学习。
- **数据集**：获取公开数据集（如Kaggle、UCI Machine Learning Repository）进行实验。

### 5. **逐步深入学习**

- **基础算法**：
  - 学习线性回归、逻辑回归、决策树、随机森林等。
- **高级算法**：
  - 探索支持向量机、聚类算法（K-means等）、神经网络、卷积神经网络（CNN）、 recurrent neural networks（RNN）。
- **模型评估**：
  - 学习如何评估模型性能，使用混淆矩阵、准确率、召回率、F1分数等指标。

### 6. **优化与调参**

- **超参数调整**：使用网格搜索、随机搜索等方法优化模型。
- **正则化技术**：防止过拟合（如L1、L2正则化）。

### 7. **持续学习**

- **跟进最新动态**：了解机器学习的前沿技术，如强化学习、生成对抗网络（GAN）、 transformers等。
- **阅读前沿论文**：透过高质量的研究文章，理解当前的研究方向。
- **加入社区**：参与机器学习社区，如Stack Overflow、Reddit等，与同行交流。

### 8. **应用与实践**

- **参与项目**：将所学应用到实际项目中，积累经验。
- **使用比赛平台**：参与Kaggle等比赛，提高算法应用能力。

### 9. **保持耐心与坚持**

- **逐步积累**：机器学习是一个长期积累的过程，不要急于求成。
- **解决问题**：遇到问题时，及时寻求帮助，保持学习的热情。

通过以上步骤的系统学习和实践，可以逐步掌握机器学习的核心概念和应用方法，提高实际操作能力，为未来的学习和发展打下坚实的基础。
2025-06-07 16:42:44,424 - DEBUG - XiDian - Final reasoning response: 今天，我决定开始学习机器学习。我听说过机器学习，知道它是机器和算法如何通过数据学习和改进的方法。但是，我对它到底是什么、如何开始以及需要具备哪些知识还不是很清楚。于是，我开始思考，从哪里入手呢？

首先，我知道机器学习涉及到很多技术和概念，比如算法、编程、数学、数据等。但我发现自己在数学和编程方面还有些薄弱。我应该先补充这些基础吗？还是说可以从一些基础的机器学习概念入手，先Broaden我的视野？

我记得先了解什么是机器学习会比较好。于是，我搜索了一些相关的资料，发现机器学习的定义是通过数据让系统自动学习，以改进性能的领域。听起来像是让机器通过经验和数据来提升自己的能力。

接下来，我想了解机器学习的分类。听说常见的主要有监督学习、无监督学习、半监督学习和强化学习。监督学习需要标签数据，无监督学习不需要，半监督是介于两者之间，而强化学习是通过试错来学习。这些分类让我对机器学习有了更深入的了解。

然后，我开始思考学习机器学习的方法。听说可以先从一些基础的编程语言，比如Python入手，因为机器学习大部分都是用Python来实现的。Python有很多机器学习库，比如Scikit-learn、TensorFlow、PyTorch等。这意味着我可以通过学习这些库来快速开始机器学习项目。

接下来，我想知道需要基础知识有哪些。数学方面，我需要掌握线性代数、概率论、统计学、微积分和优化算法。编程方面，我需要掌握Python语言，了解数据结构和算法。数据处理方面，了解数据采集、清洗、处理和预处理也是必要的。

我发现，如果我先通读一本书或在线课程，可能会比较有效率。于是，我搜索了一些经典的机器学习书籍和在线课程。斯坦福大学的机器学习课程和《机器学习》(Introduction to Machine Learning)这本书似乎都很不错。

但是，有时候面对复杂的数学公式和算法，我感到有些不知所措。我该怎么办呢？也许我可以逐步来，先从简单的算法开始，比如线性回归、逻辑回归，再到决策树、随机森林等。一步步掌握基础，然后再深入学习更复杂的模型。

我记得机器学习的流程大致是数据准备、模型选择、模型训练、模型评估和模型优化。我可以按照这个流程来一步步学习。首先，获取和准备数据，清洗和预处理数据，然后选择适合的数据模型，接着训练模型，评估模型的性能，最后优化模型以提高准确性。

我还意识到，实践非常重要。只有通过实际操作，才能真正理解机器学习的概念和算法。于是我决定，要从一个简单的项目开始，比如图像分类、文本分类或者预测问题，自己动手实践。

但当我尝试第一次做项目时，发现自己对某些步骤还不是很熟悉。比如，在数据预处理阶段，如何处理缺失值和异常值？在模型选择阶段，如何评判不同的模型哪个最适合我的数据？在模型训练过程中，如何调整参数以优化模型性能？这些问题让我感到有点压力。

也许，我可以寻找一些教程或案例研究，学习如何处理这些实际问题。同时，多看别人的工作，学习他们的方法和技巧，也能帮助我更好地理解机器学习的应用。

此外，我还想到，了解当前的研究热点和新兴技术也是必要的，这样我可以了解机器学习的前沿动态，并根据这些动态来选择适合自己的学习方向。比如，最近常用的深度学习技术、强化学习应用等。

不过，我担心自己时间不够，如何在有限的时间内全面掌握机器学习的内容？也许，我应该制定一个合理的学习计划，每天分配固定的时间来学习和实践，逐步深入。

我决定先从基础的数学知识入手，先 strengthening my math skills。然后，逐步学习Python编程，掌握必要的数据分析和机器学习库的使用。接着，我将按照机器学习的流程，从简单的方法开始实践。

同时，我也会关注mediately可用的在线资源和社区，主动参与讨论和交流，fasta

然学习过程中遇到的问题，及时寻求帮助，不要害怕犯错，逐步积累经验和知识。

总的来说，学习机器学习需要系统性的计划和持续的努力。通过对基础知识、编程技能和实际项目的学习，我希望能够逐步掌握机器学习的核心思想和应用方法，为未来的学习和工作打下坚实的基础。

2025-06-07 16:42:44,445 - DEBUG - XiDian - Final response: 

学习机器学习需要系统的学习和不断的实践。以下是一个详细的步骤指南，帮助你高效地掌握机器学习：

---

### 1. **建立学习目标**

明确自己想要学习的机器学习目标，是学习的第一步。是想做一个分类器？还是想进行预测？确定目标后，你才能更有针对性地选择学习路径和资源。

---

### 2. **准备好学习环境**

在开始学习之前，确保你的学习环境准备好必要的工具和软件。这包括：

- **编程语言**：Python是机器学习的首选语言，因为它有强大的库支持（如scikit-learn、TensorFlow等）。
- **工具**：安装必要的库，如`numpy`、`pandas`、`matplotlib`和`scikit-learn`。
- **硬件**：确保你的电脑有足够的内存和处理能力，适合机器学习任务。

---

### 3. **学习机器学习的基础知识**

机器学习的基础知识决定了你能否理解复杂的算法和模型。建议从以下方面入手：

#### **（3.1）什么是机器学习？**

- **机器学习**是一门研究让计算机自动学习和改进经验的科学。
- 它可以完成的任务包括分类、回归、聚类、推荐系统等。
- 学习监督学习和无监督学习的基本概念。

#### **（3.2）机器学习的数学基础**

- **线性代数**：理解向量和矩阵运算，这对机器学习中的算法实现至关重要。
- **概率与统计**：理解数据分布、假设检验等概念。
- **微积分**：了解梯度下降等优化算法的基本原理。

#### **（3.3）机器学习的编程基础**

- **Python编程**：学习基本语法和常用库的使用，如`numpy`和`pandas`。
- **数据结构**：熟悉`list`、`dictionary`、`set`等数据结构，并学习如何高效操作它们。

---

### 4. **学习机器学习的核心算法**

机器学习的核心在于理解各种算法及其应用场景。以下是一些基本的算法和学习资源：

#### **（4.1）线性回归与逻辑回归**

- **线性回归**：用于预测连续值。
- **逻辑回归**：用于分类问题。
- **资源**：Andrew Ng的Coursera课程《机器学习》提供了详细的讲解。

#### **（4.2）决策树与随机森林**

- **决策树**：一种直观的分类和回归方法。
- **随机森林**：一种集成方法，通过多棵决策树提高准确性。
- **资源**：scikit-learn的官方文档有丰富的示例代码。

#### **（4.3）支持向量机（SVM）**

- **SVM**：一种有效的分类算法，适合小规模数据集。
- **资源**：scikit-learn和Kaggle上的SVM教程。

#### **（4.4）神经网络与深度学习**

- **神经网络**：通过训练人工神经网络进行复杂的模式识别。
- **深度学习**：涉及多层神经网络，如卷积神经网络（CNN）和循环神经网络（RNN）。
- **资源**：DeepLearning.AI的Coursera课程和TensorFlow的官方教程。

---

### 5. **实践与项目实战**

实践是掌握机器学习的关键。通过实际操作，你才能更好地理解理论知识。

#### **（5.1）寻找学习资料**

- **官方文档**：scikit-learn的官方文档提供了详细的API使用方法。
- **博客和教程**： medium上的机器学习专栏和KDnuggets提供丰富的学习资源。
- **书籍**：《机器学习》、《机器学习实战》等书籍适合系统学习。

#### **（5.2）参与机器学习竞赛**

- **Kaggle竞赛**：各种公开数据集上的竞赛项目，如Titanic、House Prices等。
- **在线平台**：LeetCode和力扣虽然主要以算法题为主，但也能锻炼机器学习相关的能力。

#### **（5.3）创建个人项目**

- **记录学习过程**：将自己学习的算法用代码实现，并记录下来，以便复习和沉淀。
- **发布项目**：在GitHub等平台发布自己的项目，吸引志同道合的朋友交流学习经验。

---

### 6. **加入学习社区**

机器学习是一个快速发展的领域，加入社区可以帮助你获取最新信息，解决学习过程中遇到的问题。

- **Stack Overflow**：提问和回答关于机器学习的问题。
- **Reddit机器学习论坛**：与其他学习者交流，获取 motivate和学习资源。
- **参加 meetups 和 Conference**：扩展人脉，了解最新研究进展。

---

### 7. **持续学习与更新**

机器学习不断进步，算法和模型也在不断更新。保持学习的热情和动力至关重要。

- **参加在线课程**：如Coursera、Udemy等平台上的机器学习课程。
- **阅读最新论文**：了解前沿研究成果和新算法的出现。
- **关注媒体和开发者**：如机器学习博客、 receipts和开发者博客，获取最新动态。

---

### 8. **概括**

学习机器学习是一个逐步积累的过程。首先要打好数学和编程基础，系统地学习机器学习算法，然后通过实践和项目来巩固知识，同时加入社区和持续学习。坚持和耐心是成功的关键！

---

### 结语

机器学习是一个充满挑战却也非常有趣和有回报的领域。与其被动地接受知识，不如主动地去探索和实践。从简单的算法开始，一步步提升自己的技能，最终达到能够独立解决复杂问题的目标。祝你在机器学习的旅程中取得成功！
2025-06-07 16:42:44,458 - DEBUG - XiDian - Final reasoning response: 嗯，如何学习机器学习呢？我之前对机器学习了解得不多，只知道它和电脑智能有关。首先，我觉得应该了解机器学习的基本概念和原理，对吧？像什么是机器学习，它的分类，比如监督学习和无监督学习，这些都得先搞清楚。不然的话，后面跟着做题可能会跑偏。

然后，要学些什么基础知识呢？数学方面，机器学习肯定要用到很多数学知识，像是线性代数、概率统计这些。线性代数里的矩阵操作，好像在机器学习中非常常用。概率统计的话，可能需要掌握一些基础的概念，比如概率分布、假设检验，这些对于理解数据和模型都有帮助。

另外，编程也是必不可少的。Python看起来是一个很流行的编程语言，在机器学习领域应用广泛。所以应该学一些Python的基础语法，还有相关的库，比如NumPy、Pandas、Matplotlib，以及scikit-learn，这是机器学习中的常用库。

实践也是关键，我听说机器学习理论多，实际操作少的话，可能难以真正掌握。所以需要通过项目实战来巩固知识。从简单的小项目开始，比如分类或者回归问题，学着用Python和机器学习库实现这些模型，看看效果如何。然后逐步挑战更复杂的项目，积累经验。

资料方面，有很多有用的资源。官方文档和教程总是在所难免的，比如scikit-learn的文档，非常详细，可以从中学到很多东西。还有在线课程和视频教程，像Coursera上面有Andrew Ng的机器学习课程，应该很适合入门学习。

书籍也是一个好途径。《机器学习》这本书应该很经典，可以从中获得系统的知识。另外，像Introduction to Machine Learning with Python这样的等书，也是不错的选择，可能更偏向于Python实现。

实践平台也很重要，Kaggle是个很好的平台，有很多比赛可以参加，提升自己的水平。还有LeetCode、力扣，虽然主要是算法题，但ML的一些算法和逻辑也有一定的关联，可以结合起来练习。

社区交流也是不可或缺的。Stack Overflow和Reddit上有机器学习的板块，可以看到别人的问题和讨论，遇到问题也可以去请教一下。加入一些淹没式的机器学习社群，和同行交流经验，借鉴他们的学习方法。

持续学习和更新也很重要，机器学习发展得越来越快，不断rang新算法和模型，得紧跟时代步伐。参加各种会议和讲座，最大化接触到最新的进展。还有定期复习和巩固基础知识，毕竟机器学习涉及很多数学和统计学，得时不时复习才能不会生锈。

哦，对了，项目实战太重要了，所以应该多做项目，记录下来，既能加深理解，也能积累实际经验。推荐一些公开的数据集，比如MNIST、CIFAR-10这些，用它们来做模型测试，实际体会。

嗯，总的来说，学习机器学习需要系统地学习理论知识，加强数学和编程基础，结合实践进行项目实战，主动寻求帮助和交流，以及持续学习和更新知识。这些都是我的思考过程，希望能帮助我更好地掌握机器学习。

2025-06-07 16:42:44,458 - DEBUG - XiDian - Final response: 

学习机器学习需要一个系统且有计划的学习过程，以下是详细的步骤指南：

---

### **1. 确定学习目标**
明确你想通过学习机器学习达到什么目的，是仅仅了解基本概念，还是希望掌握实际应用。根据目标选择合适的学习深度和内容。

---

### **2. 基础知识学习**
掌握机器学习的基本概念、数学基础和编程技能。

#### **数学基础**
- **线性代数**：理解向量、矩阵、特征值等，用于数据表示和算法推导。
- **概率论和统计学**：掌握概率分布、期望、方差等，用于数据分析和模型评估。
- **微积分**：了解导数、梯度、多元微积分，理解机器学习中的优化方法。

#### **编程基础**
- **Python**：掌握数据结构（列表、字典、元组、集合）、函数、类和模块等，因为Python是机器学习的主流语言。
- **数据处理库**：熟悉Pandas（用于数据清洗和分析）和NumPy（用于高效数值计算）。

---

### **3. 机器学习基础知识**
理解机器学习的基本概念、流程和模型。

- **机器学习的定义**：学习从数据中发现模式并进行预测或决策的过程。
- **监督学习**：有标签的数据，包括分类（如逻辑回归、支持向量机）和回归（如线性回归、决策树）。
- **无监督学习**：无标签的数据，包括聚类（如K-means、层次聚类）和降维（如主成分分析）。
- **机器学习模型**：理解几种 commonly used的算法，如决策树、随机森林、梯度提升机、神经网络等。
- **模型评估**：掌握评估模型性能的指标，如准确率、召回率、F1分数、AUC-ROC曲线等。

---

### **4. 实践与项目**
将理论知识应用于实际项目，巩固学习并提高解决问题的能力。

- **数据获取与处理**：从公开数据集（如Kaggle）或自行收集数据，进行清洗、归一化等预处理。
- **算法实现**：尝试手动实现一些基础算法，如线性回归、逻辑回归，了解每个算法的原理和实现细节。
- **使用机器学习库**：熟练使用Scikit-learn、TensorFlow、PyTorch等工具进行快速开发。
- **模型调优**：通过网格搜索（Grid Search）和随机搜索（Random Search）优化模型性能。

---

### **5. 深入学习与挑战**
追求更深入的学习和更多的挑战，扩大知识面和应用能力。

- **深入学习进阶算法**：如神经网络、卷积神经网络（CNN）、循环神经网络（RNN）、强化学习等。
- **参与竞赛**：在Kaggle等平台参与机器学习竞赛，提升竞争力。
- **解决实际问题**：尝试解决生活或工作中遇到的实际问题，如推荐系统、图像识别等。

---

### **6. 持续学习与反思**
机器学习领域知识不断更新，保持对最新技术和趋势的关注。

- **关注行业动态**：时刻了解机器学习在各个行业的应用和最新进展。
- **阅读经典书籍和论文**：如《Pattern Recognition and Machine Learning》、《Deep Learning》等。
- **加入学习社区**：参与在线学习社区（如Coursera、YouTube、知乎等），与他人交流学习经验。

---

### **7. 应用与分享**
将学习成果应用到实际项目，并分享经验。

- **开发项目**：创建一个个人机器学习项目，并按照从数据获取、预处理到模型选择、优化、评估的完整流程完成。
- **发布作品**：在GitHub或个人博客中分享你的项目和学习成果，供他人学习和参考。
- **参与讨论**：在论坛或社交媒体上分享自己的学习经验，解答他人的疑问。

---

### **8. 总结与提升**
定期回顾学习进展，总结经验，找出不足并加以改进。

- **自我评估**：每隔一段时间回顾已学内容，测试自己的知识和技能。
- **反思学习过程**：分析哪些环节做得好，哪些需要改进，制定下阶段的学习计划。
- **设定目标**：根据个人兴趣和职业规划，设定短期和长期的学习目标。

---

通过以上系统化的学习过程，你将能够全面掌握机器学习的基础知识和实际应用能力，进一步提升在数据科学和AI领域的竞争力。
2025-06-07 16:42:44,467 - DEBUG - XiDian - Final reasoning response: 嗯，如何学习机器学习呢？这似乎是一个挺大的话题。首先，我需要了解机器学习的基本概念和流程。机器学习（Machine Learning）是一种基于数据训练模型，让计算机具备学习和改进的能力的技术。它被广泛应用于数据分析、自然语言处理、图像识别等领域。

我记得以前学过一些编程，比如Python，这对于学习机器学习应该有帮助。因为很多机器学习算法需要用代码来实现。那么，首先我应该学习哪些基础知识呢？我想可能是数学、数据处理、编程知识，以及机器学习的理论基础。

数学是机器学习的基础，毕竟很多算法涉及到线性代数、概率统计等。比如，在线性回归中，就需要用到线性代数中的矩阵运算。还有支持向量机（Support Vector Machine）这种算法，概率论和统计学的知识更是不可或缺的。嗯，这可能意味着我需要复习一下这些数学知识。

其次，关于数据处理，机器学习的核心在于处理数据。数据来源五花八门，可能有结构化的数据，比如 excel 表格中的行和列，也可能有非结构化的数据，比如文本、图像、音频等。我应该学习如何清洗和预处理这些数据，包括处理缺失值、去除重复数据、数据归一化等。Python的Pandas库应该是一个不错的选择，可以用来处理和清洗数据。

编程方面，我已经掌握了一些基础的Python知识，但可能需要更深入学习一些高级功能。比如，NumPy 和 Pandas这两个库对于数据处理非常重要。另外，Scikit-learn 是一个非常著名的机器学习库，可以用来实现各种算法。还有些像 TensorFlow 和 PyTorch 这样的深度学习框架，如果打算深入机器学习领域，可能需要学习这些工具。

机器学习的理论也是关键。机器学习大致可以分为监督学习、无监督学习、半监督学习和强化学习四种类型。监督学习需要有标签数据，主要用于分类和回归；无监督学习则不使用标签数据，主要用于聚类和降维；半监督学习部分使用标签，部分不使用；强化学习通过试错机制来学习。了解这些类型有助于我更好地选择合适的算法和模型。

接下来，我应该如何开始学习呢？可能需要分阶段进行。首先是理论学习和数学基础的部分，确保自己对机器学习的基本原理和相关数学知识有清晰的理解。然后是实践操作，通过实现一些简单的算法来巩固理论知识。最后是应用机器学习工具进行实际项目，提升解决实际问题的能力。

制定一个学习计划也很重要。我可以先每周分配一定的时间来学习和练习，逐步深入。首先是每周花一定时间学习新的知识点，然后是每周有一到两次的实践练习，最后是每阶段进行一次小型项目，将所学的知识应用到实际中。

嗯，可能还需要了解一些机器学习的应用场景和最新进展。机器学习已经渗透到我们生活的方方面面，比如推荐系统、自动驾驶、医疗诊断等。了解这些可以让我更直观地感受到机器学习的重要性，并激发学习的兴趣。

此外，还得注意一些学习资源的选择。可能有很多优秀的在线课程和书籍，像 Andrew Ng 的 Coursera 课程《机器学习》、《深度学习》以及 fast.ai 的课程资源，这些都是很好的学习起点。书籍方面，像《机器学习实战》和《Python机器学习》也是非常实用的资源。

最后，实践是非常重要的。仅仅知道机器学习的理论是不够的，我需要自己动手实现一些算法，并尝试解决实际问题。通过实践，我可以更好地理解理论知识，并锻炼自己的编程能力和解决实际问题的能力。

总的来说，学习机器学习需要系统的学习过程，逐步掌握基础知识、算法、工具和实践应用。我相信，只要坚持不懈地学习和实践，就一定能够掌握机器学习的知识，并在实际项目中应用它。

2025-06-07 16:42:44,515 - DEBUG - XiDian - 进入 get_experiment_record_details，整体实验ID: 1, 用户ID: 1
2025-06-07 16:42:44,516 - DEBUG - XiDian - 实验 1 共有 10 个步骤。
2025-06-07 16:42:44,517 - DEBUG - XiDian - 步骤 1: 找到记录 3，状态 'completed', 分数 95.0
2025-06-07 16:42:44,517 - DEBUG - XiDian - 步骤 2: 未找到对应记录，默认为 'pending', 分数 0.0
2025-06-07 16:42:44,517 - DEBUG - XiDian - 步骤 3: 未找到对应记录，默认为 'pending', 分数 0.0
2025-06-07 16:42:44,518 - DEBUG - XiDian - 步骤 4: 找到记录 1，状态 'completed', 分数 90.0
2025-06-07 16:42:44,518 - DEBUG - XiDian - 步骤 5: 未找到对应记录，默认为 'pending', 分数 0.0
2025-06-07 16:42:44,518 - DEBUG - XiDian - 步骤 6: 未找到对应记录，默认为 'pending', 分数 0.0
2025-06-07 16:42:44,518 - DEBUG - XiDian - 步骤 7: 未找到对应记录，默认为 'pending', 分数 0.0
2025-06-07 16:42:44,518 - DEBUG - XiDian - 步骤 8: 未找到对应记录，默认为 'pending', 分数 0.0
2025-06-07 16:42:44,518 - DEBUG - XiDian - 步骤 9: 未找到对应记录，默认为 'pending', 分数 0.0
2025-06-07 16:42:44,519 - DEBUG - XiDian - 步骤 10: 未找到对应记录，默认为 'pending', 分数 0.0
2025-06-07 16:42:44,593 - DEBUG - XiDian - 进入 get_experiment_record_details，整体实验ID: 1, 用户ID: 1
2025-06-07 16:42:44,595 - DEBUG - XiDian - 实验 1 共有 10 个步骤。
2025-06-07 16:42:44,596 - DEBUG - XiDian - 步骤 1: 找到记录 3，状态 'completed', 分数 95.0
2025-06-07 16:42:44,597 - DEBUG - XiDian - 步骤 2: 未找到对应记录，默认为 'pending', 分数 0.0
2025-06-07 16:42:44,597 - DEBUG - XiDian - 步骤 3: 未找到对应记录，默认为 'pending', 分数 0.0
2025-06-07 16:42:44,597 - DEBUG - XiDian - 步骤 4: 找到记录 1，状态 'completed', 分数 90.0
2025-06-07 16:42:44,597 - DEBUG - XiDian - 步骤 5: 未找到对应记录，默认为 'pending', 分数 0.0
2025-06-07 16:42:44,597 - DEBUG - XiDian - 步骤 6: 未找到对应记录，默认为 'pending', 分数 0.0
2025-06-07 16:42:44,598 - DEBUG - XiDian - 步骤 7: 未找到对应记录，默认为 'pending', 分数 0.0
2025-06-07 16:42:44,598 - DEBUG - XiDian - 步骤 8: 未找到对应记录，默认为 'pending', 分数 0.0
2025-06-07 16:42:44,598 - DEBUG - XiDian - 步骤 9: 未找到对应记录，默认为 'pending', 分数 0.0
2025-06-07 16:42:44,598 - DEBUG - XiDian - 步骤 10: 未找到对应记录，默认为 'pending', 分数 0.0
2025-06-07 16:42:44,631 - DEBUG - XiDian - 进入 get_experiment_record_details，整体实验ID: 1, 用户ID: 1
2025-06-07 16:42:44,633 - DEBUG - XiDian - 实验 1 共有 10 个步骤。
2025-06-07 16:42:44,634 - DEBUG - XiDian - 步骤 1: 找到记录 3，状态 'completed', 分数 95.0
2025-06-07 16:42:44,634 - DEBUG - XiDian - 步骤 2: 未找到对应记录，默认为 'pending', 分数 0.0
2025-06-07 16:42:44,634 - DEBUG - XiDian - 步骤 3: 未找到对应记录，默认为 'pending', 分数 0.0
2025-06-07 16:42:44,634 - DEBUG - XiDian - 步骤 4: 找到记录 1，状态 'completed', 分数 90.0
2025-06-07 16:42:44,634 - DEBUG - XiDian - 步骤 5: 未找到对应记录，默认为 'pending', 分数 0.0
2025-06-07 16:42:44,635 - DEBUG - XiDian - 步骤 6: 未找到对应记录，默认为 'pending', 分数 0.0
2025-06-07 16:42:44,635 - DEBUG - XiDian - 步骤 7: 未找到对应记录，默认为 'pending', 分数 0.0
2025-06-07 16:42:44,635 - DEBUG - XiDian - 步骤 8: 未找到对应记录，默认为 'pending', 分数 0.0
2025-06-07 16:42:44,635 - DEBUG - XiDian - 步骤 9: 未找到对应记录，默认为 'pending', 分数 0.0
2025-06-07 16:42:44,635 - DEBUG - XiDian - 步骤 10: 未找到对应记录，默认为 'pending', 分数 0.0
2025-06-07 16:42:44,653 - DEBUG - XiDian - Final response: 

### 学习机器学习的步骤指南

为了系统地学习机器学习，您可以按照以下步骤进行：

**1. 确定学习目标**
明确您希望通过机器学习实现什么目标。是希望了解基本概念，还是想掌握特定算法，甚至是要开发实际应用？明确目标将帮助您制定学习计划。

**2. 学习编程基础**
确保您熟练掌握Python，这是机器学习中常用的编程语言。熟悉Python的语法、数据结构、模块和库（如NumPy、Pandas和Matplotlib）。

**3. 掌握数学基础知识**
学习线性代数、概率论和统计学。理解向量、矩阵、导数和概率分布等概念是掌握机器学习算法的基础。

**4. 学习机器学习基础知识**
了解机器学习的定义、监督学习、无监督学习、半监督学习和强化学习等不同方法。理解训练、验证和测试的概念，以及过拟合与欠拟合的问题。

**5. 学习机器学习算法**
从基础的回归和分类算法开始，如线性回归、逻辑回归、支持向量机（SVM）、k-近邻算法（k-NN）、决策树和随机森林。深入了解每种算法的原理、优缺点及适用场景。

**6. 掌握机器学习工具和框架**
学习使用Scikit-learn等流行机器学习框架。了解如何加载、预处理数据，选择合适的算法，进行模型训练和评估。

**7. 数据预处理与特征工程**
掌握数据清洗、处理缺失值、特征选择和工程化的方法，为模型提供高质量的数据支持。

**8. 机器学习模型评估与优化**
学习如何评估模型性能，使用准确率、精确率、召回率、F1分数等指标。探索参数调优、正则化、交叉验证等方法来优化模型。

**9. 实践项目**
选择感兴趣的项目（如图像识别、推荐系统等），通过真实数据集来应用机器学习方法，巩固理论知识。

**10. 参考资料与学习资源**
利用书籍、在线课程和文档来补充学习。推荐书籍如《机器学习》（By Tom Fawcett）和《机器学习实战》（By Peteralli）来加深理解。

**示例计划：**

- **第1周：Python复习与Python库**
  - 集中学习Python编程基础，复习模块、类和函数。
  - 使用Jupyter Notebook进行实践，学习数据分析的库如Pandas和Numpy。

- **第2周：数学基础知识**
  - 学习线性代数 essentials，如向量、矩阵及其操作。
  - 理解概率论和统计学的基本概念，如均值、方差、协方差等。
  - 学习导数和微积分的基础知识，理解最优化方法。

- **第3周：机器学习入门**
  - 深入了解监督学习的基本概念，包括回归和分类。
  - 学习线性回归和逻辑回归，理解其工作原理和适用场景。
  - 接受实践课程，如使用Scikit-learn进行线性回归和逻辑回归的实现。

- **第4周：机器学习算法学习**
  - 学习更高级的算法，如支持向量机（SVM）、k-近邻算法（k-NN）、决策树和随机森林。
  - 通过案例分析，理解这些算法并与之前的算法比较，分析不同场景下算法的适用性。

- **第5周：数据预处理与特征工程**
  - 学习数据清洗技巧，处理缺失值、异常值和过拟合问题。
  - 探索特征工程的方法，如特征提取和特征选择，提升模型性能。

- **第6周：模型评估与调优**
  - 学习评估各种模型性能的指标，如准确率、精确率、召回率、F1分数等。
  - 掌握交叉验证（Cross Validation）方法，防止过拟合。
  - 通过网格搜索（Grid Search）进行模型参数调优。

- **第7周：实践项目**
  - 通过一个实际项目（如手写数字识别）练习所学知识。
  - 从数据获取、预处理、模型训练到评估整个流程，逐步熟悉机器学习的完整流程。

- **第8周：深入学习与拓展**
  - 学习机器学习的更高级主题，如降维技术（如 PCA）、集成学习（如随机森林、提升树）、神经网络和深度学习。
  - 了解最新的研究进展和应用案例，扩展视野，激发创新思路。

通过以上步骤的学习，您可以逐步掌握机器学习的基础知识和实践技能。记住，学习是一个持续的过程，保持好奇心和探索精神，不断挑战和超越自己是成功的关键。
2025-06-07 16:42:44,666 - DEBUG - XiDian - 进入 get_experiment_record_details，整体实验ID: 1, 用户ID: 1
2025-06-07 16:42:44,667 - DEBUG - XiDian - Final reasoning response: 嗯，我突然对机器学习产生了浓厚的兴趣。从小到大，我对科技发展一直很感兴趣，尤其是人工智能这个词总在我耳边环绕。嗯，机器学习听起来像是一个可以让我让计算机学习和改进的领域。但具体要怎么开始学习呢？我应该从哪里开始呢？

首先，我需要一个明确的目标。我应该是为了什么学习机器学习？好，我决定先了解一下机器学习的基本概念和应用，这样我可以明确学习的方向。但是，我还不太清楚机器学习具体涉及哪些技术，是不是需要学习编程、数学、统计学等等？

我记得之前学过一些编程，比如Python，对吧？Python好像在机器学习领域很常见，很多库都是用Python写的。那如果我需要用编程来学习机器学习的话，得先掌握Python的基础知识。好，我记得Python的基本语法，比如变量、循环、条件判断等等，但有些复杂的数据结构和高级功能还需要学习。也许我可以找一些Python的教程，先复习一下基础，再学习一些高级的库和模块。

然后，数学似乎是一个关键的基础。机器学习背后涉及到很多数学概念，比如线性代数、概率论、统计学等等。尤其是线性代数，我记得在线性代数中，矩阵和向量是非常基础但也是非常重要的概念。这些都是机器学习算法的基础，如果我不理解这些，可能无法真正掌握机器学习的方法。那我可以找一些数学的基础教材，或者在线课程来学习这些数学知识。

接下来，还有机器学习的具体算法和模型。比如监督学习、无监督学习、强化学习等等。目前，我觉得我需要从监督学习开始，因为监督学习比较容易理解，比如分类和回归问题。明白了这些算法的基本原理和应用场景，我可以更好地应用它们来解决实际问题。

但是，这么多的算法和模型应该如何学习呢？是先单独学习每个算法，还是先整体理解机器学习的流程呢？也许应该先整体了解机器学习的流程，包括数据准备、特征选择、模型训练和评估，然后在学习具体的算法。这样既能有个整体的认识，又不会太复杂。

然后，关于机器学习的工具和框架，像Python的Scikit-learn失落流行吗？T F已经在机器学习中使用的工具不仅可以帮助我实现算法，还能让我避免自己从头开始编写低效的代码。如果我学习Scikit-learn，我需要先了解它的基本用法和常见的机器学习模型如何使用。

数据集也是机器学习中的重要部分。我需要有足够的数据来训练和测试我的模型。如果不是已经有的数据集，我可能需要学习如何从网上获取数据，或者自己进行数据收集和预处理。数据预处理包括清洗数据、处理缺失值、特征工程等，这些都是为了让模型更好地工作。

还有机器学习的评估和优化。我需要知道如何评估模型的性能，比如准确率、精确率、召回率等指标。知道了这些指标后，我还需要学习如何优化模型，比如调整参数、选择合适的算法、过拟合与欠拟合的处理等等。

听说机器学习还涉及到很多实际的应用场景，比如图像识别、自然语言处理、推荐系统等等。如果我能够通过实际项目来应用所学的知识，会让我对机器学习有更深刻的理解。也许我可以找到一些公开的数据集，或者选择某个我感兴趣的项目来实现。

当然，学习机器学习需要耐心和坚持，因为这不是一件容易的事。我得不断遇到困难，不断地学习和实践，才能真正掌握这门技术。那我应该如何制定一个学习计划呢？是按天来安排，还是按阶段来划分？也许可以将学习内容分成几个阶段：第一阶段学习基础知识，第二阶段学习具体算法和工具，第三阶段进行实际项目实践。

总的来说，学习机器学习是一个循序渐进的过程，需要系统地学习和不断实践。我需要制定一个科学的学习计划，先从掌握Python和基础数学开始，再到学习具体的机器学习算法和工具，最后通过实际项目来应用和巩固所学的技能。虽然过程中可能会遇到很多挑战和困难，但我相信只要坚持下去，就一定能够掌握机器学习的知识。

2025-06-07 16:42:44,669 - DEBUG - XiDian - 实验 1 共有 10 个步骤。
2025-06-07 16:42:44,684 - DEBUG - XiDian - 步骤 1: 找到记录 3，状态 'completed', 分数 95.0
2025-06-07 16:42:44,684 - DEBUG - XiDian - 步骤 2: 未找到对应记录，默认为 'pending', 分数 0.0
2025-06-07 16:42:44,685 - DEBUG - XiDian - 步骤 3: 未找到对应记录，默认为 'pending', 分数 0.0
2025-06-07 16:42:44,685 - DEBUG - XiDian - 步骤 4: 找到记录 1，状态 'completed', 分数 90.0
2025-06-07 16:42:44,685 - DEBUG - XiDian - 步骤 5: 未找到对应记录，默认为 'pending', 分数 0.0
2025-06-07 16:42:44,685 - DEBUG - XiDian - 步骤 6: 未找到对应记录，默认为 'pending', 分数 0.0
2025-06-07 16:42:44,685 - DEBUG - XiDian - 步骤 7: 未找到对应记录，默认为 'pending', 分数 0.0
2025-06-07 16:42:44,686 - DEBUG - XiDian - 步骤 8: 未找到对应记录，默认为 'pending', 分数 0.0
2025-06-07 16:42:44,686 - DEBUG - XiDian - 步骤 9: 未找到对应记录，默认为 'pending', 分数 0.0
2025-06-07 16:42:44,686 - DEBUG - XiDian - 步骤 10: 未找到对应记录，默认为 'pending', 分数 0.0
2025-06-07 16:42:44,718 - DEBUG - XiDian - Final response: 

### 学习机器学习的分步指南

根据你对机器学习的兴趣和目标，以下是系统而详细的分步指南，帮助你逐步掌握机器学习的知识和技能：

#### 1. **制定学习目标**
   - **短期目标**：了解机器学习的基本概念和常见算法。
   - **长期目标**：掌握实用的机器学习模型，能够应用于实际问题，并进行项目实践。

#### 2. **学习基础：数学知识**
   - **线性代数**：理解向量、矩阵、特征值等概念，为机器学习模型打下基础。
   - **概率和统计**：学习概率分布、统计推断、假设检验，掌握机器学习中的不确定性处理。
   - **微积分**：了解导数、梯度、优化算法，理解模型优化的原理。
   - **资源**：
     - 线性代数：《Linear Algebra and Its Applications》或MIT的《Introduction to Linear Algebra》
     - 概率统计：《概率论基础教程》或Coursera的统计学课程
     - 微积分：Khan Academy的微积分课程

#### 3. **学习编程基础：Python**
   - **语言基础**：掌握Python的基本语法，如变量、列表、循环、函数等。
   - **数据处理库**：学习NumPy和Pandas库，用于数据存储、计算和索引。
   - **数据可视化**：使用Matplotlib和Seaborn库，绘制数据可视化图表。
   - **资源**：
     - Python编程：《Python for Everybody》或Codecademy的Python课程
     - NumPy和Pandas：Python官方文档和Tutorials Point教程
     - Matplotlib教程

#### 4. **掌握机器学习基础知识**
   - **概念理解**：了解机器学习的类型（监督、无监督、强化学习），各种算法（回归、分类、聚类等）及其应用场景。
   - **机器学习流程**：
     1. 问题定义与数据准备
     2. 数据探索与预处理
     3. 选择模型和评估指标
     4. 模型训练与调优
     5. 模型部署与评估
   - **资源**：
     - 书中：《机器学习导论》（Introduction to Machine Learning with Python）
     - 在线课程：Coursera上的Machine Learning课程（Andrew Ng）

#### 5. **学习核心算法**
   - **回归算法**：线性回归、多项式回归，用于预测连续值。
   - **分类算法**：逻辑回归、SVM、KNN、决策树、随机森林、XGBoost，用于分类问题。
   - **聚类算法**：K-means、DBSCAN，用于未标注数据的聚类。
   - **降维算法**：PCA，用于减少特征维度。
   - **推荐系统**：基于内容的过滤、协同过滤。
   - **资源**：
     - 书籍：《机器学习实战》（Programming Collective Intelligence）
     - 在线教程：Kaggle机器学习Beginner Kernel

#### 6. **实践项目：应用所学知识**
   - **选择项目**：从Kaggle平台上的竞赛任务或公开数据集开始，如Titanic、Iris、MNIST等。
   - **项目流程**：
     1. 定义问题，明确目标。
     2. 数据收集和预处理。
     3. 探索数据，识别特征。
     4. 选择模型，进行训练和调优。
     5. 评估模型性能，优化模型。
     6. 解释结果，进行结果展示。
   - **资源**：
     - Kaggle平台：提供丰富的数据集和竞赛任务。
     - GitHub上的机器学习项目：学习和参考开源项目。

#### 7. **深入学习高级内容**
   - **深度学习与神经网络**：学习神经网络基础、深度学习框架如TensorFlow、PyTorch。
   - **自然语言处理（NLP）**：理解文本处理、词嵌入、情感分析等技术。
   - **计算机视觉（CV）**：学习图像处理、卷积神经网络（CNN）、生成对抗网络（GAN）等。
   - **资源**：
     - deeplearning.ai + Coursera课程
     - TensorFlow官方文档和Keras快速入门指南
     - 论文与案例研究：如YOLO、ResNet的论文

#### 8. **参与社区与持续学习**
   - **参与论坛与社区**：加入机器学习相关的论坛（如Stack Overflow）、Reddit的机器学习群组，参与讨论和问题解答。
   - **参与比赛与竞赛**：在Kaggle竞赛中练习，通过实际操作提升能力。
   - **持续学习与更新**：关注机器学习领域的最新动态和新技术，通过阅读最新论文、参与在线课程来保持知识的更新。

#### 9. **建立机器学习的最佳实践**
   - **采用自动化工具**：使用Scikit-learn中的管道（pipelines）和自动参数调优（如GridSearchCV）来提升效率。
   - **采用版本控制**：使用Git进行代码版本管理，确保团队协作和代码回滚。
   - **遵循可重复研究原则**：记录详细的数据预处理步骤，生成可重复的研究结果。

通过一步步的计划和持续的努力，你将逐渐掌握机器学习的知识和技能，能够在实际项目中应用和创新。记住，实践是学习的最好老师，保持好奇心和耐心，你一定会在这方面取得显著成就。
2025-06-07 16:42:44,730 - DEBUG - XiDian - Final reasoning response: 嗯，我最近对机器学习很感兴趣，但我对这方面还不是很了解。我需要从头开始学习，但不知道应该从哪里开始。首先，我应该了解机器学习是什么，它到底能做些什么呢？

我知道机器学习是一种让计算机能够在数据中学习并提高性能的领域。但它具体是怎么工作的？我记得听说过一些术语，比如监督学习、无监督学习、强化学习。这些是什么意思呢？我需要先理清楚这些基本概念。

听说监督学习需要使用标签数据，比如分类或者回归任务。无监督学习是不需要标签数据的，主要用于聚类或者降维。强化学习有点像游戏AI，让AI通过试错来学习最佳策略。这些不同的学习类型有什么区别和应用场景呢？

接下来，我需要了解一下机器学习需要哪些数学基础。我听说机器学习涉及到很多数学知识，比如线性代数、概率统计、微积分等等。对我来说，这些数学知识还有点模糊，需要花时间复习和掌握。

然后，编程语言方面，我觉得Python可能是一个不错的选择，因为它有很多机器学习库，比如scikit-learn、TensorFlow、PyTorch等。我比较熟悉Python，但还是需要学习这些库的具体使用方法。

数据准备也是机器学习中的一个重要环节。我需要知道如何处理数据，比如数据清洗、特征工程、数据变换等等。数据质量会影响模型的性能，这就需要我学习一些数据预处理的技巧。

机器学习模型的训练和评估这部分也很重要。我知道需要选择合适的模型，训练数据，调整参数，然后评估模型的性能。评估指标如准确率、召回率、F1分数等等，这些怎么计算和使用呢？

实际项目实战是学习过程中不可或缺的一部分。通过实际的项目操作，我可以将理论知识应用到实践中，解决实际问题。我需要找到一些合适的项目，从数据收集、预处理、模型选择、参数调整到结果解读整个流程都要熟悉。

机器学习的书籍和资源有很多，比如《机器学习导论》、《pattern recognition and machine learning》等等。还有一些在线课程，比如Coursera、edX、Udacity等平台上的机器学习课程。我需要选择适合自己的学习资源。

在线社区也很重要，通过与其他人交流，可以不断进步。参与论坛、加入学习小组，可以获取更多的学习资料和实战经验。我记得还有一个叫做 Kaggle 的平台，那里有很多机器学习比赛和数据集，可以实践自己的技能。

持续学习和实践是机器学习成功的关键。机器学习是一个不断发展的领域，新技术和新方法层出不穷。我需要保持学习的耐心和热情，不断地探索和实践，才能提升自己的技能。

不过，我在学习过程中遇到的问题也很多，比如理解复杂的算法、选择合适的模型、如何调优模型等等。这些困难如何克服呢？我需要不要害怕，遇到问题就要及时解决，通过查阅资料、向他人请教等方式来解决问题。

总结一下，学习机器学习的步骤大致包括：理解基本概念、掌握数学基础、学习编程语言、数据准备、模型训练与评估、进行实际项目、利用优质资源和社区支持、持续学习和实践。

接下来，我应该按照这个步骤一步步来，先从基础开始，逐步深入。虽然这是一个长远的计划，但我相信只要坚持下去，总有一天能够掌握机器学习的知识，应用到实际问题中去。

2025-06-07 16:42:44,834 - DEBUG - XiDian - 进入 get_experiment_record_details，整体实验ID: 1, 用户ID: 1
2025-06-07 16:42:44,835 - DEBUG - XiDian - 实验 1 共有 10 个步骤。
2025-06-07 16:42:44,836 - DEBUG - XiDian - 步骤 1: 找到记录 3，状态 'completed', 分数 95.0
2025-06-07 16:42:44,836 - DEBUG - XiDian - 步骤 2: 未找到对应记录，默认为 'pending', 分数 0.0
2025-06-07 16:42:44,836 - DEBUG - XiDian - 步骤 3: 未找到对应记录，默认为 'pending', 分数 0.0
2025-06-07 16:42:44,837 - DEBUG - XiDian - 步骤 4: 找到记录 1，状态 'completed', 分数 90.0
2025-06-07 16:42:44,837 - DEBUG - XiDian - 步骤 5: 未找到对应记录，默认为 'pending', 分数 0.0
2025-06-07 16:42:44,838 - DEBUG - XiDian - 步骤 6: 未找到对应记录，默认为 'pending', 分数 0.0
2025-06-07 16:42:44,838 - DEBUG - XiDian - 步骤 7: 未找到对应记录，默认为 'pending', 分数 0.0
2025-06-07 16:42:44,838 - DEBUG - XiDian - 步骤 8: 未找到对应记录，默认为 'pending', 分数 0.0
2025-06-07 16:42:44,838 - DEBUG - XiDian - 步骤 9: 未找到对应记录，默认为 'pending', 分数 0.0
2025-06-07 16:42:44,838 - DEBUG - XiDian - 步骤 10: 未找到对应记录，默认为 'pending', 分数 0.0
2025-06-07 16:42:44,875 - DEBUG - XiDian - 进入 get_experiment_record_details，整体实验ID: 1, 用户ID: 1
2025-06-07 16:42:44,877 - DEBUG - XiDian - 实验 1 共有 10 个步骤。
2025-06-07 16:42:44,877 - DEBUG - XiDian - 步骤 1: 找到记录 3，状态 'completed', 分数 95.0
2025-06-07 16:42:44,879 - DEBUG - XiDian - 步骤 2: 未找到对应记录，默认为 'pending', 分数 0.0
2025-06-07 16:42:44,879 - DEBUG - XiDian - 步骤 3: 未找到对应记录，默认为 'pending', 分数 0.0
2025-06-07 16:42:44,879 - DEBUG - XiDian - 步骤 4: 找到记录 1，状态 'completed', 分数 90.0
2025-06-07 16:42:44,879 - DEBUG - XiDian - 步骤 5: 未找到对应记录，默认为 'pending', 分数 0.0
2025-06-07 16:42:44,879 - DEBUG - XiDian - 步骤 6: 未找到对应记录，默认为 'pending', 分数 0.0
2025-06-07 16:42:44,880 - DEBUG - XiDian - 步骤 7: 未找到对应记录，默认为 'pending', 分数 0.0
2025-06-07 16:42:44,880 - DEBUG - XiDian - 步骤 8: 未找到对应记录，默认为 'pending', 分数 0.0
2025-06-07 16:42:44,880 - DEBUG - XiDian - 步骤 9: 未找到对应记录，默认为 'pending', 分数 0.0
2025-06-07 16:42:44,880 - DEBUG - XiDian - 步骤 10: 未找到对应记录，默认为 'pending', 分数 0.0
2025-06-07 16:42:45,044 - DEBUG - XiDian - Final response: 

学习机器学习需要一个系统性的计划和持续的努力。以下是详细的步骤指南帮助你高效学习机器学习：

### 1. 准备基础知识：数学和编程

#### 数学基础
- **线性代数**：
  - 向量和矩阵的基本操作。
  - 矩阵分解（如SVD）。
  - 特征值和特征向量。
- **概率论和统计学**：
  - 概率分布（正态分布、贝叶斯分布等）。
  - 期望值、方差、协方差。
  - 假设检验和置信区间。
- **微积分**：
  - 导数和梯度。
  - 多变量微积分基础。

#### 编程技能
- **Python**：
  -熟悉基本语法，数据结构（列表、字典、元组等）。
  - 掌握Pandas用于数据处理。
  - 掌握NumPy进行数值计算。
  - 熟练使用Matplotlib进行数据可视化。
- **环境和工具**：
  - 安装并配置Python和相关库（如Anaconda）。
  - 使用Jupyter Notebook进行代码和结果的快速开发和测试。

### 2. 学习机器学习基础概念

- **机器学习概览**：
  - 了解机器学习的定义、应用场景和主要方法。
  - 区分监督学习、无监督学习、强化学习。
- **机器学习模型**：
  - 监督学习模型（回归、分类）。
  - 无监督学习模型（聚类、降维）。
  - 评估模型性能（准确率、精确率、召回率、F1分数、MSE等）。

### 3. 学习基础机器学习算法

#### 监督学习

- **线性回归**：
  - 理解最小二乘法、梯度下降。
  - 应用于回归问题。
- **逻辑回归**：
  - 二分类问题的应用。
  - Sigmoid函数的使用。
- **k-邻近算法（KNN）**：
  - 数据表示和距离度量（欧氏距离、曼哈顿距离）。
  - 分类和回归的应用。
- **决策树**：
  - 树的构建和剪枝。
  - 特征选择（信息增益、基尼系数）。
- **随机森林**：
  - 多数投票法和 Bagging。
- **支持向量机（SVM）**：
  - 核函数和间隔最大化。
  - 软 margins 和正则化。

#### 无监督学习

- **聚类分析**：
  - k-means算法。
  - 层次聚类。
  - 聚类评估（轮廓系数、Calinski-Harabasz指数）。
- **主成分分析（PCA）**：
  - 协方差矩阵和特征分解。
  - 降维的应用。

### 4. 机器学习实践与项目

- **选择一个项目**：
  - 根据兴趣选择一个适合的机器学习问题。
  - 例如：预测房价、垃圾邮件分类、图像识别等。
- **数据准备**：
  - 数据收集和清洗。
  - 特征工程（归一化、编码）。
  - 数据集划分（训练集、验证集、测试集）。
- **模型训练与调优**：
  - 模型选择和调参。
  - 使用网格搜索或随机搜索进行超参数优化。
  - 模型评估和调优。
- **模型部署**：
  - 安全性和可扩展性的考虑。
  - 集成多个模型提高性能。

### 5. 学习与实践平台

- **在线课程**：
  - Coursera：Andrew Ng 的《机器学习》。
  - Udemy：机器学习完整课程。
  - edX：机器学习与数据科学。
- **数据集与竞赛**：
  - Kaggle数据竞赛和项目。
  - UCI机器学习数据库。
- **教程和文档**：
  - Scikit-learn官方文档。
  - 机器学习博客（如owards.io、Medium）。

### 6. 加入学习社区

- **在线论坛**：
  - Stack Overflow 机器学习标签。
  - Reddit 的机器学习和学习机器学习的社区。
- **社区和小组**：
  - 加入当地的机器学习学习小组。
  - 参加线下或线上的机器学习会议和研讨会。

### 7. 持续学习与更新

- **新技术跟进**：
  - 关注机器学习最新算法和应用。
  - 学习新技术如深度学习、强化学习、生成对抗网络（GAN）等。
- **阅读文献**：
  - 论文阅读（如 CVPR、ICML）。
  - 书籍阅读（如 Bishop的《模式识别与机器学习》）。
- **项目积累**：
  - 完成更多机器学习项目，积累经验和技能。
  - 参与开源项目或改进现有模型。

### 8. 应用与提升

- **部署与应用**：
  - 将模型集成到实际应用中。
  - 应用在特定领域如医疗保健、金融、推荐系统等。
- **持续改进**：
  - 反馈优化模型性能。
  - 学习更高效的算法和工具。

通过以上步骤，你将系统地学习机器学习的基础知识，掌握核心算法，并能够独立进行机器学习项目。这是一个需要耐心和持续投入的过程，但随着时间和实践的积累，你将逐渐掌握这一强大的技术领域。祝你学习顺利，未来在机器学习领域有所成就！
2025-06-07 16:42:45,054 - DEBUG - XiDian - Final reasoning response: 嗯，我刚对机器学习产生了兴趣，想知道如何开始学习它。首先，我需要了解机器学习的基础知识，但我不太清楚应该从哪里开始。网上有很多资源，比如教程、Documentation、书籍和在线课程等等。有些资源看起来很专业，有些又比较简单易懂的。我想应该从基础的数学知识和编程技能开始，但数学对我来说可能有点挑战。

我需要先复习一些数学基础知识，比如线性代数、概率论和统计学。我对这些还不是很熟悉，可能需要找一些 tutorials 或者 videos 来学习。比如，对于线性代数，可能需要理解向量和矩阵的基本操作，这对于机器学习中的数据表示非常重要。在概率论和统计学方面，我需要掌握基本的概念，比如概率分布、期望值、方差等等，这对于理解机器学习算法的不确定性也有帮助。

同时，我还需要掌握一定的编程技能，尤其是Python。我对Python有些了解，但还不够深入。我需要熟悉Pandas用于数据处理、NumPy用于数值运算、Matplotlib用于数据可视化，以及Scikit-learn库用于机器学习模型。不过，我对这些工具的具体用法还不是很清楚，可能需要花时间去学习和实践。

除了数学和编程，我还需要了解机器学习的基础概念。什么是监督学习？什么是无监督学习？监督学习又包括回归和分类，无监督学习包括聚类和降维。这方面的知识对我来说有点抽象，可能需要找一些简单易懂的例子来理解。

接下来，我觉得应该从一些基础的机器学习算法入手。比如线性回归、逻辑回归、k-近邻算法（KNN）、决策树和随机森林等等。对于每个算法，我需要了解它们的基本原理、适用场景以及优缺点。但是，这样下去可能会很分散，我需要将这些算法整合起来，构建一个学习框架。

另外，实践是非常重要的。仅仅理解理论是不够的，我需要通过实际项目来应用所学的知识。或许可以从一个简单的项目入手，比如预测房价、分类邮件或者图像识别。但我不确定选择什么项目最好，可能需要参考一些现有的项目或者教程。

在学习过程中，可能会遇到很多问题和挑战。比如算法不收敛、模型过拟合等问题。我需要学会如何调试和调优模型，这可能需要更多的实践和学习。此外，理解复杂的数学公式和算法细节也是个困难，可能需要反复推敲和实践。

我是否需要参加一些在线课程？比如Coursera、edX或者 Udacity 上的机器学习课程。这些平台上的课程通常有视频讲解、 quizzes 和作业，可以帮助系统地学习机器学习。不过，时间和资源也是一个考虑因素，如果我能安排好时间，肯定会有帮助。

此外，社区和论坛也是一个重要的资源。在学习过程中，如果遇到问题或者需要帮助，可以加入机器学习相关的社区，比如Stack Overflow、Reddit 或者 Kaggle 在线竞赛中，与其他学习者交流经验，获取指导。

最后，持续学习和更新也很重要。机器学习技术在不断进步，我需要保持对新技术和最佳实践的关注，这样才能跟上时代的步伐。

总之，学习机器学习需要系统性的规划和持续的努力。无论是数学、编程还是实践，都需要投入时间和精力。希望我能制定一个学习计划，逐步掌握机器学习的知识和技能。

2025-06-07 16:42:45,083 - DEBUG - XiDian - Final response: 

学习机器学习是一个系统的工程，需要一步一步地进行。以下是一个详细的、分步骤的指南，帮助你从基础开始，逐步掌握机器学习：

---

### **第1步：明确学习目标**
- **短期目标**：了解机器学习的基本概念、算法和应用。
- **长期目标**：掌握机器学习的理论基础、算法实现以及实际项目开发。
- 是否计划参加特定的比赛或项目（如Kaggle）？

---

### **第2步：学习基础知识**
#### **2.1. 数学基础**
- **线性代数**：
  - 学习矩阵、向量、矩阵运算等。
  - 资源推荐：《线性代数及其应用》、Khan Academy的线性代数课程。
- **微积分**：
  - 掌握导数、梯度、多元微积分。
  - 资源推荐：《微积分入门》、Coursera的Calculus课程。
- **概率论和统计**：
  - 学习概率分布、统计推断、假设检验。
  - 资源推荐：《概率导论》、可汗学院的概率统计课程。

#### **2.2. 编程基础**
- **Python语言**：
  - 学习Python的基本语法、数据结构、函数和模块。
  - 资源推荐：Codecademy的Python课程、文档和LeetCode练习。
- **API和工具**
  - 学习使用Pandas、NumPy、Matplotlib、Scikit-learn等库。
  - 资源推荐：官方文档、教程和案例分析。

#### **2.3. 机器学习概念**
- 学习机器学习的定义、分类（监督、非监督、强化）、流程。
- 资源推荐：《机器学习实战》、Andrew Ng的Coursera课程。

---

### **第3步：学习机器学习算法**
- **基础算法**：
  - 线性回归（回归）。
  - 决策树、随机森林（分类）。
  - K-means（聚类）。
- **深入学习**：
  - 支持向量机（SVM）、逻辑回归。
  - 神经网络和深度学习。
- 资源推荐：
  -《机器学习》、《统计学习方法》、Andrew Ng的深度学习课程。

---

### **第4步：实践与项目**
- **数据集**：
  - 找到合适的数据集（如Kaggle）。
- **项目**：
  - 开始小项目，如预测房价、识别手写数字。
- **工具**：
  - 使用Scikit-learn、TensorFlow/PyTorch。
- 资源推荐：Kaggle实战、GitHub上的机器学习项目。

---

### **第5步：模型评估与优化**
- **评估指标**：
  - 准确率、精确率、召回率、F1分数、ROC曲线。
- **过拟合处理**：
  - 正则化、交叉验证、数据增强。
- 资源推荐：《机器学习》、Coursera的机器学习评估课程。

---

### **第6步：深入学习与进阶**
- **高级算法**：
  - 无监督学习（聚类、降维）。
  - 强化学习。
- **框架与框架**：
  - TensorFlow、Keras、PyTorch。
- 资源推荐：深度学习资料、高级课程。

---

### **第7步：持续学习与实践**
- **订阅资源**：
  - 学习视频：YouTube上的机器学习频道。
  - 论文阅读： arXiv上的机器学习论文。
- **参与社区**：
  - 在Stack Overflow、Kaggle、GitHub等平台交流。
- **比赛参与**：
  - 参与Kaggle比赛，提升实战能力。

---

### **第8步：总结与反思**
- 定期回顾学习进展，制定学习计划的修改。
- 是否遇到困难，及时调整学习方法。

---

通过以上步骤，你可以系统地掌握机器学习的基础知识和实践技能。记住，学习是一个持续的过程，保持好奇心和耐心，逐步积累和实践，一定会取得进步。祝你在机器学习之旅中获得成功！
2025-06-07 16:42:45,084 - DEBUG - XiDian - Final reasoning response: 好，我现在想学习机器学习，但感觉有点不知所措。首先，我应该从哪里开始？听说机器学习需要数学基础，但数学对我来说有点难。我应该先从数学开始学起吗？还是先看一些算法？

我记得之前学过一点Python，但机器学习的Python库好像比普通编程更高级，比如Pandas和NumPy。这些库怎么安装和使用呢？网上有很多资源，但是我感觉太分散了，难以系统地学习。

是不是应该先参加一个在线课程？像Coursera或 Udemy 上有很多课程，但不知道哪些是好的。或者，有没有书籍推荐？我需要系统地学习机器学习的概念、算法和应用，可能还需要项目来实践。

我还听说机器学习有监督和无监督之分，不同任务需要不同的方法。应该先弄清楚这些基本概念，还是直接动手做项目？

听说数学基础很关键，尤其是线性代数、概率论和统计学。先从这些数学知识开始，再深入学习机器学习算法对吗？可是，我得怎么开始学数学呢？有没有好的学习资源？

另外，我听说机器学习需要处理大量数据，会不会涉及到数据预处理和特征工程？这部分具体是什么内容？是不是也需要学习一些特定的工具或技术？

听说有像scikit-learn这样的库，它是不是用来做模型构建的？我需要学习如何使用这些库来实现不同的机器学习算法吗？这会不会太低级，直接使用这些库就能构建复杂的模型？

或者，还有像Keras和TensorFlow这样的高级框架，它们是不是更适合深度学习？我应该先学习传统机器学习，还是直接从深度学习开始？

听说机器学习的核心是算法和模型，我应该先了解各种算法，比如线性回归、决策树、神经网络等等，对吗？可是这些算法看起来都挺复杂的，我如何能够理解和掌握它们？

如果我有一个项目，我应该先从简单的回归任务开始，比如预测房价或学生成绩，对吗？那需要什么数据和工具呢？是不是需要大量处理数据？

听说 caret 或 mlr 是R语言中的机器学习包，如果我打算用R语言，应该先学习这些包的使用方法。但对我来说，Python更熟悉一些。Python 有没有类似的 swoop库？

听说 Pandas 和 NumPy 是 Python 中常用的库，用于数据处理和数值运算。我应该先学会这些库的基本用法，再学习机器学习库。

听说机器学习模型的评估也很重要，比如 accuracy、precision、recall、F1 score 等指标。我需要学习如何评估一个模型的好坏，并根据评估结果优化模型。

听说过拟合是机器学习中常见的问题，我How to detect and prevent overfitting呢？是不是需要学习正则化、交叉验证等技术？

听说有Python的机器学习教程，像机器学习实战或机器学习课程，可以跟着一步步走。有没有具体的教程或课程推荐？

听说机器学习应用广泛，比如图像识别、自然语言处理、推荐系统等。我是不是应该先了解一些应用案例，然后再学习相关的算法和模型？

听说需要掌握深度学习，比如深度神经网络，是不是需要先学习传统机器学习，再学习深度学习？

听说机器学习的书籍有《机器学习实战》、《机器学习》、《深度学习》等，这些书内容各有不同，怎么选择适合自己的？

我还听说机器学习需要不断实践，通过做项目来巩固知识。有没有好的项目平台或比赛可以参加？

听说 Andrew Ng 的课程很受欢迎，但是知道他的课程内容是否全面，容易入门？

听说还需要了解机器学习的伦理问题，比如数据隐私、算法偏差等。学习过程中要不要关注这些方面?

听说机器学习的算法复杂度很大，有些算法需要很长时间才能理解透彻。如果我时间有限，应该先学什么？

听说机器学习的实践Also需要数据科学家的思维，比如数据清洗、探索性数据分析等。怎么培养这种思维？

总之，我需要系统地学习机器学习的知识，从基础的数学和编程开始，逐步掌握算法、模型评估和项目实践。可是，感觉有很多东西需要学习，不知道从哪里开始，也担心自己基础不够，跟不上进度。需要明确学习计划，设定短期和长期目标，逐步推进。

我需要制定一个学习路线图：先学习Python基础，再学习数学和机器学习基础，再学习机器学习算法，最后巩固知识并进行项目实践。是这样吗？或者需要先学统计学？

我还担心编程能力不够，不知道如何学习Python。有没有好的学习资源帮助我快速掌握Python编程？

听说有免费的在线Python学习平台，比如Codecademy、edabit、LeetCode等，可以用来学习和练习。

总之，我需要一步步来，从基础开始，逐步深入学习机器学习的知识和技能，同时实践项目来巩固和应用所学的知识。

2025-06-07 16:42:45,185 - DEBUG - XiDian - 进入 get_experiment_record_details，整体实验ID: 1, 用户ID: 1
2025-06-07 16:42:45,187 - DEBUG - XiDian - 实验 1 共有 10 个步骤。
2025-06-07 16:42:45,187 - DEBUG - XiDian - 步骤 1: 找到记录 3，状态 'completed', 分数 95.0
2025-06-07 16:42:45,188 - DEBUG - XiDian - 步骤 2: 未找到对应记录，默认为 'pending', 分数 0.0
2025-06-07 16:42:45,188 - DEBUG - XiDian - 步骤 3: 未找到对应记录，默认为 'pending', 分数 0.0
2025-06-07 16:42:45,188 - DEBUG - XiDian - 步骤 4: 找到记录 1，状态 'completed', 分数 90.0
2025-06-07 16:42:45,188 - DEBUG - XiDian - 步骤 5: 未找到对应记录，默认为 'pending', 分数 0.0
2025-06-07 16:42:45,188 - DEBUG - XiDian - 步骤 6: 未找到对应记录，默认为 'pending', 分数 0.0
2025-06-07 16:42:45,188 - DEBUG - XiDian - 步骤 7: 未找到对应记录，默认为 'pending', 分数 0.0
2025-06-07 16:42:45,189 - DEBUG - XiDian - 步骤 8: 未找到对应记录，默认为 'pending', 分数 0.0
2025-06-07 16:42:45,189 - DEBUG - XiDian - 步骤 9: 未找到对应记录，默认为 'pending', 分数 0.0
2025-06-07 16:42:45,189 - DEBUG - XiDian - 步骤 10: 未找到对应记录，默认为 'pending', 分数 0.0
2025-06-07 16:42:45,234 - DEBUG - XiDian - 进入 get_experiment_record_details，整体实验ID: 1, 用户ID: 1
2025-06-07 16:42:45,236 - DEBUG - XiDian - 实验 1 共有 10 个步骤。
2025-06-07 16:42:45,237 - DEBUG - XiDian - 步骤 1: 找到记录 3，状态 'completed', 分数 95.0
2025-06-07 16:42:45,237 - DEBUG - XiDian - 步骤 2: 未找到对应记录，默认为 'pending', 分数 0.0
2025-06-07 16:42:45,237 - DEBUG - XiDian - 步骤 3: 未找到对应记录，默认为 'pending', 分数 0.0
2025-06-07 16:42:45,237 - DEBUG - XiDian - 步骤 4: 找到记录 1，状态 'completed', 分数 90.0
2025-06-07 16:42:45,237 - DEBUG - XiDian - 步骤 5: 未找到对应记录，默认为 'pending', 分数 0.0
2025-06-07 16:42:45,238 - DEBUG - XiDian - 步骤 6: 未找到对应记录，默认为 'pending', 分数 0.0
2025-06-07 16:42:45,238 - DEBUG - XiDian - 步骤 7: 未找到对应记录，默认为 'pending', 分数 0.0
2025-06-07 16:42:45,238 - DEBUG - XiDian - 步骤 8: 未找到对应记录，默认为 'pending', 分数 0.0
2025-06-07 16:42:45,238 - DEBUG - XiDian - 步骤 9: 未找到对应记录，默认为 'pending', 分数 0.0
2025-06-07 16:42:45,238 - DEBUG - XiDian - 步骤 10: 未找到对应记录，默认为 'pending', 分数 0.0
2025-06-07 16:42:45,326 - DEBUG - XiDian - Final response: 

学习机器学习是一个系统化的过程，涉及多个方面的知识和实践经验。以下是逐步指南，帮助您有效地掌握机器学习：

### 1. **数学基础**
   - **统计学**：理解均值、方差、标准差、分布等基础概念。
   - **线性代数**：学习向量、矩阵、矩阵运算、特征值等。
   - **微积分**：掌握导数、梯度、积分等概念，理解优化算法。
   - **概率论**：了解概率分布、贝叶斯定理等，基础统计推断。

### 2. **编程技能**
   - **Python/R**：选择您感兴趣的编程语言。Python因其简单性和丰富的库而广受欢迎。
   - **安装和配置工具**：安装必要的库（如TensorFlow、PyTorch、Pandas、Scikit-learn）。
   - **基础编程**：学习变量、数据结构（列表、字典）、函数、条件语句、循环等。

### 3. **机器学习概述**
   - **基本概念**：了解机器学习的定义、类型（监督学习、无监督学习、强化学习）。
   - **术语理解**：学习数据集、特征、标签、训练集、测试集等术语。

### 4. **数据处理（Data Wrangling）**
   - **数据收集**：从各种来源（CSV、Excel、API）获取数据。
   - **数据预处理**：清洗数据（处理缺失值、去除重复数据）、特征工程（提取、转换特征）、数据归一化/标准化。
   - **数据可视化**：使用Matplotlib、Seaborn等库绘制图表，理解数据分布。

### 5. **机器学习算法**
   - **监督学习**：
     - 分类：逻辑回归、决策树、随机森林、SVM、K-近邻算法。
     - 回归：线性回归、多项式回归。
   - **无监督学习**：聚类（K-means、层次聚类）、降维（PCA）。
   - **强化学习**：基础概念和应用（如Q-learning）。

### 6. **模型评估**
   - **选择指标**：根据问题类型选择合适的评估指标（如准确率、F1分数、RMSE等）。
   - **验证方法**：交叉验证（K-fold）、留出法、Hold-out。
   - **过拟合与欠拟合**：了解模型泛化能力的重要性，使用正则化（L1/L2）和Dropout等技术。

### 7. **机器学习实战**
   - **项目选择**：开始一个或多个机器学习项目，如Classification（如MNIST手写数字识别）、回归分析（如房价预测）。
   - **完整的机器学习流程**：
     1. 数据收集和预处理。
     2. 特征工程。
     3. 选择适当的算法。
     4. 训练模型。
     5. 评估模型性能。
     6. 参数调优。
     7. 部署模型。

### 8. **工具和框架**
   - **Python库**：
     - TensorFlow和Keras：深度学习框架。
     - Scikit-learn：机器学习库。
     - Pandas：数据处理库。
     - Matplotlib/Seaborn：数据可视化。
   - **Jupyter Notebook**：用于快速实验和文档编写。

### 9. **学习资源**
   - **书籍**：
     - 《机器学习实战》（Python实现）。
     - 《机器学习入门》。
   - **在线课程**：
     - Coursera（Andrew Ng的机器学习课程）。
     - Udacity（机器学习 nanodegree）。
     - edX（机器学习基础课程）。
   - **教程和博客**：
     -Towards Data Science（TDS）。
     -Medium上的机器学习专栏。
   - **视频教程**：
     - YouTube上的机器学习教程。
     - 付费课程（如 Kaggle Learn by Ear）。

### 10. **实践项目**
   - 尽早开始动手实践项目，积累经验。
   - 选择Kaggle上的竞赛题目（如 house pricing, titanic survival prediction）。
   - 使用GitHub和Kaggle进行分享和协作。

### 11. **社区与合作**
   - 参与机器学习社区（如Kaggle forums, Stack Overflow, Reddit的机器学习版块）。
   - 与其他学习者合作，分享经验，共同解决难题。

### 12. **持续学习与关注**
   - 关注机器学习的最新动态和研究进展。
   - 关注顶级研究人员和dea的论文。
   - 关注与机器学习相关的最新技术和应用案例。

### 13. **工具与平台**
   - ** IDE**：Anaconda（包含Python、Jupyter Notebook、TensorFlow等）。
   - ** 润色工具**： VS Code 等编辑器支持Python扩展。
   - **(notebook)**：Jupyter Notebook，用于代码编写和结果可视化的结合。

### 14. ** Ethical Consideration**
   - 了解机器学习的伦理问题，如数据隐私、公平性、偏差等。
   - 在实际应用中注意模型的可解释性和稳健性。

### 15. ** 个人计划与目标**
   - 制定详细的学习计划，设定短期和长期目标。
   - 设定可量化的学习成果，如完成多少个项目、掌握多少算法等。

通过系统学习并结合实践项目，您将逐渐掌握机器学习的核心思想和技能。从基础的数学和编程知识入手，逐步深入掌握各种机器学习算法及其应用，最后通过实践项目巩固所学内容。记住，学习机器学习是一个持续的过程，耐心和坚持是关键。
2025-06-07 16:42:45,331 - DEBUG - XiDian - Final reasoning response: 嗯，如何学习机器学习呢？首先，我需要了解机器学习是什么。好像机器学习是让计算机程序学习和改进，而不需要手动编写所有代码。听起来像是人工智能的一个分支。那具体是怎么做到的呢？

我记得之前听说过一些机器学习算法，比如线性回归、逻辑回归、支持向量机（SVM）等等。这些算法是机器学习的基础吗？我需要先了解这些算法的基本原理和工作原理。

那我得先学一些数学知识，因为机器学习涉及到很多数学概念，比如统计学、线性代数、微积分等等。我是数学底子不太好，怎么办？是不是有不用太多数学就能上手的方法？

然后是编程方面。我得学会编程语言，比如Python或者R。听说Python在机器学习领域应用广泛，有很多库和框架，比如TensorFlow、PyTorch、Pandas等等。我该怎么开始学习呢？是不是需要先从基础语法开始，再逐步学习高级功能？

再有机器学习的流程是怎样的？是不是先收集数据，预处理数据，选择算法，训练模型，评估模型的性能，然后部署模型？那每一步具体怎么做呢？数据预处理包括哪些方面？比如数据清洗、特征工程、数据归一化/标准化是什么？

算法选择方面，我应该根据具体问题选择不同的算法。比如机器学习分类问题可以选择逻辑回归或SVM，回归问题可以用线性回归。有什么方法可以帮助我选择适合的算法吗？

然后是模型训练。用数据训练模型需要优化参数，比如学习率、正则化参数等等。有哪些优化算法？比如梯度下降、随机梯度下降、Adam优化器等等。这些优化算法有什么区别和联系？

模型评估也很重要。怎么评估模型的性能？常用的指标是什么？比如准确率、精确率、召回率、F1分数、MSE、RMSE等等。模型过拟合或者欠拟合的问题怎么解决？是不是需要调整模型参数、增加数据、使用正则化方法等等？

部署模型后，怎么让其他人使用它？可能需要创建一个API，或者集成到现有的系统中。有没有一些工具或者框架可以帮助我快速部署机器学习模型？

关于实践，我应该多做项目才能真正掌握机器学习。什么样的项目比较好做？比如分类问题、回归问题、推荐系统等等。有没有一些基础的项目我可以从小开始？

然后是资源方面。有哪些好的学习资源？有什么书籍、在线课程、博客或者视频教程？是不是需要通过系统的课程来学习？

遇到问题时，该怎么解决？是不是有资料或者 communities 可以参考？有什么常见的问题和解决方案？

持续学习机器学习，因为它是不断发展的。需要关注最新的研究成果和应用，学习新算法和新技术。有没有推荐的期刊或者会议？

最后，机器学习需要不断实践和积累经验。即使一开始不会，但通过不断的尝试和学习，总能掌握机器学习的核心思想。

哇，看来学习机器学习需要综合知识和实践经验。我得系统地计划一下学习流程，从基础知识到实际项目，一步步来，不能急功近利。

2025-06-07 16:42:45,412 - DEBUG - XiDian - Final response: 

学习机器学习需要一个系统的计划和持续的努力。以下是一个详细的步骤指南，帮助你从基础开始逐步掌握机器学习：

### 1. **设定明确的目标**
   - 确定你希望通过学习机器学习来实现什么目标，例如：
     - 就业转型：进入数据科学或人工智能领域。
     - 数据分析：使用机器学习改进数据分析方法。
     - 自动化项目：开发一个具体的自动化解决方案。

### 2. **掌握基础知识**
   - **数学基础**：
     - **线性代数**：理解向量、矩阵运算和空间。
       - 推荐书籍：《Linear Algebra and Its Applications》。
     - **微积分**：掌握导数、梯度、多元微积分。
       - 推荐书籍：《Calculus》。
     - **概率与统计**：了解概率分布、假设检验、统计推断。
       - 推荐书籍：《Probability and Statistics》。
     - **优化理论**：学习梯度下降、凸优化等技术。
       - 推荐书籍：《Convex Optimization》。

   - **编程基础**：
     - **Python**：熟练掌握Python编程，尤其是数据科学相关的库。
       - 重点库：NumPy、Pandas、Matplotlib、Scikit-learn。
     - **代码风格**：遵循Good Style Guide，如PEP 8。
     - **版本控制**：了解Git，推荐使用GitHub进行协作。

### 3. **学习机器学习基础概念**
   - **概念和术语**：
     - 明确机器学习的定义、监督学习、无监督学习、强化学习的区别。
   - **算法基础**：
     - 学习线性回归、逻辑回归、支持向量机（SVM）、决策树、随机森林、聚类（K-means等）。
       - 可以参考《机器学习实战》或者Andrew Ng的Coursera课程。

### 4. **实践项目**
   - **开始小项目**：
     - 设计并实现一个机器学习项目，以巩固理论知识。
     - 例如：预测房价、手写数字识别、图像分类等。
   - **使用工具集**：
     - 学习和使用TensorFlow、PyTorch等框架进行深度学习。
     - 实现模型训练、评估和优化，完成一个完整的机器学习流程。

### 5. **深入学习进阶内容**
   - **深度学习**：
     - 学习神经网络、卷积神经网络（CNN）、循环神经网络（RNN）。
     - 推荐书籍：《深度学习》（Deep Learning）。
   - **模型评估与调优**：
     - 学习过拟合、欠拟合，使用交叉验证、主成分分析（PCA）等技术。
   - **优化技术**：
     - 探索学习率调整、正则化方法（L1、L2）、批归一化等。
   - **工具优化**：
     - 学习使用Keras、Torch等框架，或者调用Scikit-learn的API。

### 6. **参与社区和比赛**
   - **加入论坛**：
     - 参与机器学习相关的论坛，如Stack Overflow、Reddit，向专家和同行提问。
   - **数据集竞赛**：
     - 参加Kaggle等平台上的数据科学竞赛，提升实战能力。
   - **分享和交流**：
     - 将自己的项目和学习成果分享在社交媒体或博客上，获取反馈。

### 7. **持续学习和保持 updated**
   - **阅读前沿文章**：
     - 关注机器学习的最新研究论文和博客，了解前沿技术。
   - **参加在线课程**：
     - 报名Coursera、Udemy、edX等平台上的机器学习课程，系统学习。
   - **实践积累**：
     - 持续参与项目，保持对机器学习的热爱和探索欲。

### 8. **总结与反思**
   - 定期回顾自己的学习进展，分析哪些地方掌握得较好，哪些还需要加强。
   - 及时调整学习计划，根据自己的兴趣和职业目标优化学习内容。

### 9. **建立学习资源**
   - **书籍**：
     - 《机器学习实战》（动手 Silicon Valley 专家）
     - 《深度学习》
     - 《统计学习导论 (An Introduction to Statistical Learning)》
   - **博客和教程**：
     - Medium上的机器学习博客，KDnuggets等平台的教程。
   - **视频课程**：
     - Andrew Ng的Coursera机器学习课程， bishop的模式识别课程等。
   - **工具文档**：
     - 官方文档：Python的NumPy、Pandas、Matplotlib、Scikit-learn、TensorFlow等库的官方文档。

### 10. **注意从业者社区的影响**
   - 学会如何在行内交流，了解行业动态，获取行业内部的见解和建议。
   - 通过参与像Meetup、黑客松活动等，结识志同道合者。

### 11. **准备面试和应用**
   - **实习准备**：
     - 如果有意向进入大厂实习，需要提前准备好机器学习相关的面试问题。
     - 权威的书籍和博客，如LeetCode、机器学习面试宝典，帮助准备。
   - **优化简历和作品集**：
     - 制作一个专业的简历，突出机器学习相关的工作经验和技能。
     - 收集自己的项目作品，制作一个精美的作品展示。

### 12. **保持好奇心和耐心**
   - 机器学习是一个长期投资的过程，耐心和好奇心是关键。
   - 不要急于求成，逐步积累知识，保持学习的热情和动力。

通过以上步骤的学习和实践，你将能够逐步掌握机器学习的核心知识和技能，最终达到应用和创新的目标。记住，成功的真正 secret 是持续的学习和不断实践。
2025-06-07 16:42:45,423 - DEBUG - XiDian - Final reasoning response: 嗯，我一直在想怎样才能开始学习机器学习。机器学习是一个看起来很酷但又有点复杂的世界。听说要学编程、数学、统计学等等，听起来好 daunting。我应该从哪里开始呢？

首先，要明白机器学习到底是什么？听说它涉及到算法和模型来从数据中学习模式。比如，像<hello world>的例子，识别手写数字或者预测房价等。这些应用虽然有趣，但实际上需要很多技术和知识。

是不是需要先学编程？我有点基础，已经学过Python和Java，但可能还不足以应对机器学习。特别是听说需要用NumPy、Pandas、Matplotlib这样的库，这些我还不是很熟悉。可能需要专门学习这些库，或者先从基础的Python编程复习开始？

数学也是一个大问题。听说机器学习要大量用到线性代数、概率论、统计学等等。我需要复习这些数学知识吗？或者有没有 books or online courses 推荐？

然后听说要学机器学习算法，像线性回归、SVM、神经网络等等。但这些听起来都挺复杂的。是不是需要一步一步来，先从基础的线性回归开始，然后逐步学习更复杂的模型？

模型训练和评估也是一个挑战。听说要选择合适的数据集，如何训练模型，如何评估模型的性能等等。实际操作中，如何选择合适的 Metric 呢？

另外，听说机器学习有很多不同的领域，像监督学习、无监督学习、强化学习等等。应该先学哪一种呢？是不是要先了解监督学习的原理，再逐步深入无监督学习？

还有，听说数据预处理也非常重要。比如数据清洗、特征工程、数据可视化等等。这些都需要掌握，但是感觉有点广泛，一下子要学这些有点困难。

是不是应该先从一个具体的项目开始？比如用机器学习预测房价或者识别图片，这些项目能帮助我更好地理解机器学习的具体应用。

我担心自己的时间不够，同时要兼顾工作和学习。如何合理安排时间来学习机器学习，而又不让自己感到太压力呢？

听说有很多课程和书籍，但哪种资源更适合我？有没有推荐的学习路线，像路线图或学习计划？

还有，机器学习的工具，像TensorFlow、PyTorch、Scikit-learn，这些框架和库的具体用法都需要掌握。我该怎么开始学习这些工具，有没有快速上手的方法？

总的来说，我需要一个清晰的学习计划，涵盖数学基础、编程基础、机器学习算法、模型训练与评估、数据预处理等等。同时，还需要通过实际项目来巩固这些知识。这听起来有点困难，但只要一步一步来，慢慢积累，应该能掌握机器学习的基础。

2025-06-07 16:42:45,458 - DEBUG - XiDian - 进入 get_experiment_record_details，整体实验ID: 1, 用户ID: 1
2025-06-07 16:42:45,460 - DEBUG - XiDian - 实验 1 共有 10 个步骤。
2025-06-07 16:42:45,461 - DEBUG - XiDian - 步骤 1: 找到记录 3，状态 'completed', 分数 95.0
2025-06-07 16:42:45,462 - DEBUG - XiDian - 步骤 2: 未找到对应记录，默认为 'pending', 分数 0.0
2025-06-07 16:42:45,462 - DEBUG - XiDian - 步骤 3: 未找到对应记录，默认为 'pending', 分数 0.0
2025-06-07 16:42:45,462 - DEBUG - XiDian - 步骤 4: 找到记录 1，状态 'completed', 分数 90.0
2025-06-07 16:42:45,462 - DEBUG - XiDian - 步骤 5: 未找到对应记录，默认为 'pending', 分数 0.0
2025-06-07 16:42:45,462 - DEBUG - XiDian - 步骤 6: 未找到对应记录，默认为 'pending', 分数 0.0
2025-06-07 16:42:45,463 - DEBUG - XiDian - 步骤 7: 未找到对应记录，默认为 'pending', 分数 0.0
2025-06-07 16:42:45,463 - DEBUG - XiDian - 步骤 8: 未找到对应记录，默认为 'pending', 分数 0.0
2025-06-07 16:42:45,463 - DEBUG - XiDian - 步骤 9: 未找到对应记录，默认为 'pending', 分数 0.0
2025-06-07 16:42:45,463 - DEBUG - XiDian - 步骤 10: 未找到对应记录，默认为 'pending', 分数 0.0
2025-06-07 16:42:45,569 - DEBUG - XiDian - 进入 get_experiment_record_details，整体实验ID: 1, 用户ID: 1
2025-06-07 16:42:45,572 - DEBUG - XiDian - 实验 1 共有 10 个步骤。
2025-06-07 16:42:45,573 - DEBUG - XiDian - 步骤 1: 找到记录 3，状态 'completed', 分数 95.0
2025-06-07 16:42:45,574 - DEBUG - XiDian - 步骤 2: 未找到对应记录，默认为 'pending', 分数 0.0
2025-06-07 16:42:45,574 - DEBUG - XiDian - 步骤 3: 未找到对应记录，默认为 'pending', 分数 0.0
2025-06-07 16:42:45,574 - DEBUG - XiDian - 步骤 4: 找到记录 1，状态 'completed', 分数 90.0
2025-06-07 16:42:45,575 - DEBUG - XiDian - 步骤 5: 未找到对应记录，默认为 'pending', 分数 0.0
2025-06-07 16:42:45,575 - DEBUG - XiDian - 步骤 6: 未找到对应记录，默认为 'pending', 分数 0.0
2025-06-07 16:42:45,575 - DEBUG - XiDian - 步骤 7: 未找到对应记录，默认为 'pending', 分数 0.0
2025-06-07 16:42:45,576 - DEBUG - XiDian - 步骤 8: 未找到对应记录，默认为 'pending', 分数 0.0
2025-06-07 16:42:45,576 - DEBUG - XiDian - 步骤 9: 未找到对应记录，默认为 'pending', 分数 0.0
2025-06-07 16:42:45,576 - DEBUG - XiDian - 步骤 10: 未找到对应记录，默认为 'pending', 分数 0.0
2025-06-07 16:42:45,728 - DEBUG - XiDian - Final response: 

学习机器学习是一个系统的过程，需要从基础知识到实践相结合逐步掌握。以下是一个详细的学习路线和建议：

---

### **1. 确定学习目标**
- 明确你想通过学习机器学习解决什么问题（如图像分类、自然语言处理、推荐系统等）。
- 确定你希望掌握的技能等级（如基础入门、中级、高级）。

---

### **2. 数学基础**
机器学习和深度学习的核心是数学，尤其是线性代数、概率论、统计学和微积分。

- **线性代数**：
  - 向量和矩阵运算
  - 矩阵分解
  - 特征值和特征向量
  - 常见的优化算法（如梯度下降）

- **概率论和统计学**：
  - 概率分布（正态分布、伯努利分布等）
  - 联合概率、条件概率、贝叶斯定理
  - 假设检验
  - 统计显著性

- **微积分**：
  - 导数和偏导数
  - 极值（最小值、最大值）
  - 优化算法（如梯度下降）

**学习资源**：
- 书籍：《机器学习的数学基础》（适合数学复习）
- 网站：Khan Academy、Coursera（免费课程）
- 视频：3Blue1Brown 的《机器学习 crash course》

---

### **3. 编程基础**
机器学习的核心是算法实现，需要用编程语言进行操作。常用的编程语言有：

- **Python**：机器学习界的首选语言，生态友好，有丰富的库（如 scikit-learn、TensorFlow、PyTorch 等）。
- **R**：专注于统计分析，适合简单建模。

**学习资源**：
- 书籍：《Python机器学习》（OReilly）
- 网站：Codecademy（Python 和机器学习课程）
- 视频：Coursera（Andrew Ng 的《机器学习》）

---

### **4. 机器学习基础概念**
理解基本概念是学习的核心。以下是一些需要掌握的基本概念：

- **监督学习**：有标签的数据，任务根据训练数据预测结果（如分类、回归）。
  - 分类：逻辑回归、决策树、SVM、随机森林等。
  - 回归：线性回归、多项式回归等。

- **无监督学习**：无标签的数据，任务是挖掘数据的内在结构（如聚类、降维）。
  - 聚类：K-means、层次聚类。
  - 降维：PCA、t-SNE。

- **半监督学习**：部分有标签的数据。
- **强化学习**：通过试错机制学习最优策略。

- **评估指标**：
  - 分类：精确率、召回率、F1 分数、ROC 曲线、AUC
  - 回归：均方误差（MSE）、均方根误差（RMSE）、决定系数（R²）
  - 预测：混淆矩阵、准确率、精确率等

**学习资源**：
- 书籍：《机器学习实战》（OReilly）
- 网站：scikit-learn 官方文档
- 视频：Coursera（Andrew Ng 的《机器学习》）

---

### **5. 实践项目**
机器学习是实践性很强的领域，通过实际项目巩固知识。

- **开始Small Project**：
  - 预测房价（使用 Boston 天文数据集）
  - 分类邮件（垃圾邮件分类）
  - 识别手写数字（MNIST 数据集）

- **步骤**：
  1. 获取数据集
  2. 数据预处理（清洗、特征工程、可视化）
  3. 模型选择（基础算法）
  4. 划分训练集和测试集
  5. 模型训练
  6. 模型评估
  7. 模型调优

**学习资源**：
- 书籍：《机器学习深入了解》（书籍详细项目分析）
- Kaggle（机器学习竞赛平台，提供丰富的数据集和项目）
- GitHub（寻找机器学习项目源码和教程）

---

### **6. 深度学习与高级技术**
如果你已经掌握了基础机器学习，可以进一步学习深度学习和更高级的技术。

- **深度学习框架**：
  - TensorFlow（最常用的框架）
  - PyTorch（越来越受欢迎）
  - Keras（基于 TensorFlow 的简便接口）
  - Theano/CNTK/Lasagne（其他强大的框架）

- **深度学习模型**：
  - 神经网络（深度前馈网络）
  - 卷积神经网络（CNN）：图像分类
  - 递归神经网络（RNN）：自然语言处理
  - 长短期记忆网络（LSTM）
  - 图神经网络（GNN）：社交网络分析

- **生成对抗网络（GAN）**：生成高质量图像、音乐等。
- **增强学习**：游戏AI、机器人控制。

**学习资源**：
- 书籍：《深度学习》（Ian Goodfellow）
- 网站：.tensorflow.org、pytorch.org
- 视频：Yann LeCun 的 Deep Learning course

---

### **7. 社区与资源分享**
机器学习是一个充满活力的领域，加入社区可以快速获取最新技术和资源。

- **GitHub**：
  - 关注深度学习项目的maintainer，跟踪最新的项目和代码。
  - 参与 issue 和 pull request，学习社区如何解决问题。

- **Kaggle**：
  - 随时查看数据竞赛的解决方案，学习高手的方法论。
  - https://www.kaggle.com/competitions

- **Stack Overflow**：
  - 不定期查看，回答或提问代码和算法相关问题。

- **AI工具**：
  - 如果需要快速实现模型，可以使用工具如 Google AI、Hugging Face、Google Colab 等。

---

### **8. 终身学习计划**
机器学习需要不断更新知识，建议每天花一定时间学习新知识，参与实践项目。

- **每天学习**：
  - 早上学习基础知识（数学或编程）。
  - 下午开始实践项目。
  - 晚上总结学习内容，整理笔记。
- **每周计划**：
  - 学习一个新算法或 frameworks。
  - 完成一个小型项目。
  - 挑战自己，尝试用不同算法解决同一问题。
- **持续积累**：
  - 不害怕失败，机器学习是一个积累过程。
  - 记录学习过程和成果，形成个人知识体系。

---

### **9. 应用与职业发展**
机器学习广泛应用于各种领域，未来可以从事：
- 数据科学家
- 机器学习工程师
- AI 研究员
- 数据分析师

如果目标是进入这一领域，可以考虑：
- 找工作时用 Kaggle 提交的项目简历。
- 面试时准备好如何用 Python 解决技术问题。
- 深入学习的领域（如 NLP、计算机视觉、强化学习等）。

---

### **总结**
学习机器学习需要系统性地学习基础知识，结合实践项目逐步深入。初始阶段 focus on 基础知识和实践，后续你可以探索更复杂的技术和模型。坚持学习和实践，你将逐渐掌握机器学习的核心技能，并能够在相关领域中发挥作用。
2025-06-07 16:42:45,729 - DEBUG - XiDian - Final reasoning response: 好，用户问怎么学机器学习。这个问题挺常见的，因为机器学习是个大领域，涉及很多知识。首先，我得考虑用户的背景。比如，是刚开始接触，还是有编程基础。可能用户刚开始，所以要从基础开始。

接下来，机器学习涉及数学、算法、编程、数据处理、模型评估，这些都是需要掌握的基础。特别是数学部分，线代、概率等等，可能有点难，得建议用户一步步来，先从基础的线代和统计开始。

然后，选择合适的编程语言。Python挺流行的，推荐学Python。另外，如果用户对编程有基础，还可以考虑R，但通常Python更容易上手。

机器学习的基础算法有很多，比如线性回归、逻辑回归、SVM等等。用户应该先从这些基础的算法开始，通过实例来理解这些算法的原理和应用场景。

数据预处理也是关键，包括数据清洗、特征工程、数据可视化等。这些步骤对机器学习的性能影响很大，得花时间学习这些内容。

 practical project是必不可少的。通过实际的项目练习，用户能更好地理解和应用所学知识。可以从简单的预测任务开始，比如预测房价或学生考试成绩。

模型评估与调优也是重要的一环。用户需要了解如何评估模型的好坏，常用的指标有MSE、R²、F1分数等等。此外，过拟合、欠拟合、正则化等问题也需要掌握。

 书中 recommendation 、在线课程、实践项目、社区交流、持续学习和应用实践，这些都是学习机器学习的好方法。用户要按照自己的节奏来，逐步积累知识，多实践，多实验。

2025-06-07 16:42:45,811 - DEBUG - XiDian - Final response: 

学习机器学习是一个系统化的过程，需要逐步掌握必要的数学基础、编程技能以及机器学习的理论与应用。以下是逐步学习机器学习的方法：

### 第一步：学习数学基础

**1. 线性代数：**
   - 掌握向量、矩阵、矩阵运算等基本概念。
   - 学习特征分解、奇异值分解（SVD）等高级概念。
   - 建议使用《线性代数及其应用》等教材学习。

**2. 概率与统计：**
   - 学习概率分布、期望、方差、协方差等基本概念。
   - 掌握贝叶斯定理、中心极限定理等统计学原理。
   - 参考《概率论与数理统计》等教材。

**3. 微积分：**
   - 学习导数、梯度、多元微积分等知识。
   - 理解优化方法如梯度下降的原理。
   - 参考《微积分》教材或在线课程。

### 第二步：学习编程基础（以Python为例）

**1. 数据结构与语法规则：**
   - 掌握Python的基本语法，如变量、循环、条件语句、函数等。
   - 学习列表、字典、元组等数据结构的使用。

**2. 序列化库（如NumPy、Pandas）：**
   - NumPy：用于高效的数据处理和数组运算。
   - Pandas：用于数据清洗和预处理。
   - 学习如何安装和使用这些库，参考其官方文档。

**3. 可视化库（如Matplotlib、Seaborn）：**
   - 学习如何使用这些库进行数据可视化，帮助理解数据和模型输出。
   - 参考相关文档和教程。

### 第三步：学习机器学习基础知识

**1. 机器学习入门：**
   - 理解机器学习的定义和应用场景。
   - 学习监督学习、无监督学习的概念。
   - 掌握基本的机器学习算法，如线性回归、决策树、k均值聚类等。

**2. 算法原理：**
   - 学习每个算法的数学原理，了解它们如何工作。
   - 理解评估指标如准确率、召回率、F1分数等。

### 第四步：实践项目

**1. 描述性数据分析：**
   - 利用Pandas对数据进行清洗、统计分析等操作。
   - 使用Matplotlib或Seaborn进行数据可视化。

**2. 模型训练与评估：**
   - 使用训练数据和测试数据训练模型。
   - 应用合适的评价指标评估模型性能。

**3. 模型调优：**
   - 学习超参数调优的方法，如网格搜索、随机搜索等。
   - 应用正则化技术防止过拟合。

**4. 项目总结：**
   - 总结项目过程，反思成功与失败的原因。
   - 学习如何优化模型和改进算法。

### 第五步：学习进阶算法与技术

**1. 深度学习：**
   - 学习神经网络、卷积神经网络（CNN）、循环神经网络（RNN）等。
   - 使用TensorFlow或PyTorch框架进行实践。

**2. 高级优化方法：**
   - 学习梯度下降、Adam优化器等优化算法。
   - 理解学习率调整、动量等技术。

**3. 特征工程：**
   - 学习特征提取、特征选择等技术。
   - 应用降维技术如主成分分析（PCA）。

### 第六步：参加实践活动与社区学习

**1. 在线平台实践：**
   - 在Kaggle、LeetCode等平台参与机器学习竞赛和项目。
   - 提升自己的实战能力。

**2. 社区与资源分享：**
   - 加入机器学习相关的社区和论坛，如Stack Overflow、Reddit等。
   - 学习优秀项目的实现和经验分享。

**3. 持续学习与更新：**
   - 关注机器学习领域的最新研究成果和工具。
   - 及时更新自己的知识储备和技能。

### 第七步：总结与反思

**1. 反思学习过程：**
   - 不断反思自己的学习效果和遇到的问题。
   - 识别自己的薄弱环节并进行针对性提升。

**2. 设定目标：**
   - 设定明确的学习目标，如专业认证、行业应用等。
   - 制定详细的学习计划和时间表。

**3. 持续自我提升：**
   - 不断学习新知识，拓展专业领域。
   - 保持对新技术和新方法的敏感性和开放态度。

### 结论

学习机器学习是一个持续进化的过程，需要数学知识、编程技能和实践应用的结合。通过系统性学习和不断实践，逐步掌握机器学习的核心概念和方法，无论是在学术研究还是应用开发中，都能发挥重要作用。耐心和持续的努力是成功的关键。
2025-06-07 16:42:45,824 - DEBUG - XiDian - Final reasoning response: 嗯，如何学习机器学习呢？我觉得这是一个挺有意思的话题。机器学习现在发展得越来越快，各种算法层出不穷，我对此不是很了解，所以想弄清楚应该怎么开始学习。

首先，机器学习听起来很复杂，有很多不同的算法和模型，比如Linear Regression，Decision Trees，Neural Networks等等。我不太清楚这些到底是什么，它们有什么不同，又在什么情况下适用。可能需要先从基础开始学起。

那我应该先了解一些数学知识吗？听说机器学习需要数学基础，比如线性代数，概率论，统计学等等。数学对我来说有点难，我得先补补基础。比如，什么是线性代数？矩阵和向量是什么？概率论又涉及到哪些概念？我需要花时间去理解这些。

然后，我可能需要学习一些编程知识。机器学习通常用Python来做，Python有很多库可以用来实现各种算法，比如TensorFlow和PyTorch。但我对编程也不太熟悉，应该从Python的基础学起。先学一些基本的语法，再学习如何使用这些库。

机器学习的流程大致是怎样的呢？我猜首先是数据获取，然后是数据预处理，接着是模型选择和训练，最后是模型评估。这个流程我可能需要一步步来，先从处理数据开始。

数据预处理听起来也很重要。数据可能不干净，有很多缺失值或者噪音。我需要学如何清洗和预处理数据，比如填补缺失值，归一化数据等等。使用Python的Pandas库应该可以帮助我处理这些数据。

模型选择和训练这部分可能需要了解各种机器学习模型。我记得有监督学习和无监督学习的区别，监督学习有目标变量，无监督学习没有。监督学习里面又分为回归和分类。比如Linear Regression用于回归，Logistic Regression用于分类。这些模型都有它们的优缺点，需要根据具体问题来选择。

然后，我需要学习不同模型的评估方法。如何评估一个机器学习模型的好坏呢？可能用准确率，召回率，F1分数等等指标。特别是分类问题，准确率可能不是最好的衡量方法。

机器学习还有一个挑战是过拟合和欠拟合。我需要学如何防止模型过拟合，比如正则化，交叉验证等技术。

实践很重要，可能需要自己动手做一个项目，比如用机器学习预测房价或者分类邮件是否为垃圾邮件。这样可以通过实际操作来巩固理论知识。

不过，我担心自己可能需要花很多时间在学习数学和编程上，可能会影响效率。有没有什么高效的方法或资源可以帮助我快速入门呢？

可能学习一些在线课程或者教程会比较快。比如Coursera上的Introduction to Machine Learning by Andrew Ng，或者DataCamp上的机器学习课程。这些资源应该可以帮助我系统地学习。

另外，有很多书籍也是不错的资源，比如《机器学习实战》或者《机器学习课本》。随着学习的深入，我可以根据自己的兴趣和需要选择更适合的书籍。

我还担心自己的数学基础不够，会不会影响学习机器学习？也许可以从基础的数学概念入手，先打好基础再进行机器学习的学习。

总的来说，我需要制定一个学习计划，先从数学和编程的基础知识开始，逐步学习机器学习的基本概念和模型，再通过实践项目来巩固知识。同时，寻找好用的资源和工具来辅助学习，可能会事半功倍。

不过，中间可能会遇到很多疑问和挑战，比如算法的实现细节，模型的调参，数据的预处理等等。需要耐心去解决这些问题，遇到困难时多做一些搜索和尝试，积累经验。

总之，学习机器学习是一个循序渐进的过程，需要时间和耐心，但也是非常有 rewarding 的。通过系统地学习基础知识，逐步深入算法和模型，结合实践项目来提升能力，我应该能够掌握机器学习的知识。

2025-06-07 16:42:45,860 - DEBUG - XiDian - 进入 get_experiment_record_details，整体实验ID: 1, 用户ID: 1
2025-06-07 16:42:45,862 - DEBUG - XiDian - 实验 1 共有 10 个步骤。
2025-06-07 16:42:45,864 - DEBUG - XiDian - 步骤 1: 找到记录 3，状态 'completed', 分数 95.0
2025-06-07 16:42:45,864 - DEBUG - XiDian - 步骤 2: 未找到对应记录，默认为 'pending', 分数 0.0
2025-06-07 16:42:45,864 - DEBUG - XiDian - 步骤 3: 未找到对应记录，默认为 'pending', 分数 0.0
2025-06-07 16:42:45,864 - DEBUG - XiDian - 步骤 4: 找到记录 1，状态 'completed', 分数 90.0
2025-06-07 16:42:45,865 - DEBUG - XiDian - 步骤 5: 未找到对应记录，默认为 'pending', 分数 0.0
2025-06-07 16:42:45,865 - DEBUG - XiDian - 步骤 6: 未找到对应记录，默认为 'pending', 分数 0.0
2025-06-07 16:42:45,865 - DEBUG - XiDian - 步骤 7: 未找到对应记录，默认为 'pending', 分数 0.0
2025-06-07 16:42:45,865 - DEBUG - XiDian - 步骤 8: 未找到对应记录，默认为 'pending', 分数 0.0
2025-06-07 16:42:45,865 - DEBUG - XiDian - 步骤 9: 未找到对应记录，默认为 'pending', 分数 0.0
2025-06-07 16:42:45,865 - DEBUG - XiDian - 步骤 10: 未找到对应记录，默认为 'pending', 分数 0.0
2025-06-07 16:42:45,978 - DEBUG - XiDian - 进入 get_experiment_record_details，整体实验ID: 1, 用户ID: 1
2025-06-07 16:42:45,980 - DEBUG - XiDian - 实验 1 共有 10 个步骤。
2025-06-07 16:42:45,981 - DEBUG - XiDian - 步骤 1: 找到记录 3，状态 'completed', 分数 95.0
2025-06-07 16:42:45,981 - DEBUG - XiDian - 步骤 2: 未找到对应记录，默认为 'pending', 分数 0.0
2025-06-07 16:42:45,981 - DEBUG - XiDian - 步骤 3: 未找到对应记录，默认为 'pending', 分数 0.0
2025-06-07 16:42:45,982 - DEBUG - XiDian - 步骤 4: 找到记录 1，状态 'completed', 分数 90.0
2025-06-07 16:42:45,982 - DEBUG - XiDian - 步骤 5: 未找到对应记录，默认为 'pending', 分数 0.0
2025-06-07 16:42:45,982 - DEBUG - XiDian - 步骤 6: 未找到对应记录，默认为 'pending', 分数 0.0
2025-06-07 16:42:45,983 - DEBUG - XiDian - 步骤 7: 未找到对应记录，默认为 'pending', 分数 0.0
2025-06-07 16:42:45,983 - DEBUG - XiDian - 步骤 8: 未找到对应记录，默认为 'pending', 分数 0.0
2025-06-07 16:42:45,983 - DEBUG - XiDian - 步骤 9: 未找到对应记录，默认为 'pending', 分数 0.0
2025-06-07 16:42:45,983 - DEBUG - XiDian - 步骤 10: 未找到对应记录，默认为 'pending', 分数 0.0
2025-06-07 16:42:46,092 - DEBUG - XiDian - Final response: 

学习机器学习是一个系统化的过程，需要逐步掌握相关知识和技能。以下是一个详细的步骤指南，帮助你从入门到进阶：

### 1. 学习编程基础

- **Python编程基础**：熟练掌握数据结构、函数、循环、条件语句、列表推导式等。
- **学习资源**：
  - 书籍：《Python编程：从入门到实践》（Python in a Nutshell）
  - 在线课程：Coursera上的《Python 入门到进阶》（Python for Everybody）
  - 网站：Python官方文档和Python文档中心

### 2. 掌握数学基础

- **线性代数**：理解向量、矩阵、矩阵运算等基本概念。
- **概率与统计**：学习基本的概率和统计概念，如概率分布、方差、协方差。
- **微积分**：了解导数、梯度、优化方法（如梯度下降）的基本原理。

- **学习资源**：
  - 书籍：《机器学习数学基础》（机器学习数学入门）
  - 网站：Khan Academy的在线数学课程
  - 博客文章：Towards Data Science系列文章

### 3. 学习机器学习基础知识

- **概念理解**：了解机器学习的定义，分类（监督学习、无监督学习、强化学习），以及常见算法（回归、分类、聚类等）。
- **监督学习基础**：
  - **回归**：线性回归、多项式回归。
  - **分类**：逻辑回归、决策树、随机森林、支持向量机（SVM）。
- **无监督学习基础**：
  - **聚类**：K-means、层次聚类。
  - **降维**：主成分分析（PCA）、t-SNE。

- **学习资源**：
  - 书籍：《机器学习实战》（Hands-On Machine Learning with Scikit-Learn, Keras, and TensorFlow）
  - 在线课程：Coursera上的《机器学习》（Machine Learning by Andrew Ng）
  - 博客：机器学习博客推荐，如Medium上的机器学习系列文章

### 4. 掌握机器学习算法与工具

- **Python机器学习库**：
  - **Scikit-learn**：用于监督学习、无监督学习的标准化工具库。
  - **TensorFlow/Keras**：用于深度学习的高级框架。
  - **PyTorch**：用于深度学习研究的框架。
  - **Pandas**：用于数据处理与分析。
  - **Matplotlib & Seaborn**：用于数据可视化。

- **项目实践**：
  - 开始小项目，如数据可视化、简单的分类任务（如 Iris 识别）。
  - 使用Kaggle平台上的数据集进行练习。

### 5. 学习机器学习模型优化与评估

- **模型评估**：
  - 使用准确率、召回率、F1分数、ROC曲线等指标。
  - 交叉验证（Cross-Validation）来评估模型性能。

- **模型调参**：
  - 超参数调整：Grid Search、Random Search。
  - 特征工程：数据的预处理和特征提取。

- **学习资源**：
  - 书籍：《机器学习模型调优与评估》
  - 在线课程：Coursera上的《模型调优》（Optimization Methods in Machine Learning）

### 6. 深入学习进阶内容

- **深度学习**：
  - 学习神经网络、卷积神经网络（CNN）、递归神经网络（RNN）、长期短期记忆网络（LSTM）。
  - 基础框架：TensorFlow、Keras。

- **推荐系统**：
  - 学习协同过滤、基于内容的推荐算法。

- **自然语言处理（NLP）**：
  - 学习文本预处理、词袋模型、词嵌入（Word2Vec、GloVe、BERT）。

- **学习资源**：
  - 书籍：《Deep Learning》（Goodfellow, Bengio, Courier）
  - 在线课程：DeepLearning.AI的在线课程系列

### 7. 参与社区与实践

- **加入机器学习社区**：
  - 在Kaggle、Discord、Reddit等平台参与机器学习竞赛，分享项目经验。
  
- **建立个人网站**：
  - 展示学习成果，学习使用GitHub、Git等版本控制工具。

### 8. 持续学习与自我提升

- **订阅资源**：
  - 订阅机器学习相关的订阅号和播客，保持对最新动态的关注。

- **持续实践**：
  - 参与开源项目，学习如何在真实项目中应用机器学习知识。

### 实施步骤

1. **了解学习目标**：明确你是希望掌握理论知识还是实际应用技能。
2. **制定学习计划**：根据时间分配课程和项目。
3. **学习基础知识**：从编程、数学到机器学习基础概念。
4. **实践项目**：逐步完成小项目，巩固所学知识。
5. **持续学习**：参与社区和在线竞赛，保持对新知识的敏感度。
6. **调整学习策略**：根据自己的进展，灵活调整学习方法。

通过以上步骤，你可以系统地学习机器学习，从基础到高级，逐步建立自己的知识体系和技能。记住，学习机器学习是一个长期的过程，需要耐心和坚持。
2025-06-07 16:42:46,102 - DEBUG - XiDian - Final reasoning response: 嗯，我想要学习机器学习，但是感觉有点复杂，我应该从哪里开始呢？首先，我可能需要了解机器学习的基本概念和原理。我记得机器学习是一种让计算机在没有明确程序的情况下，通过数据学习任务的方法。可是具体来说，机器学习到底包含哪些内容呢？是只有像AlphaGo那种复杂的AI吗？还是有很多具体的算法和方法？

然后，机器学习需要用到哪些技术呢？听说要编程，尤其是Python，对吧？那我应该学习Python的编程基础，比如数据结构、函数、循环等等。但是，我对编程不是很熟悉，甚至有点怕。有没有好的学习资源或者书籍可以推荐呢？

除了编程，机器学习还需要接触到一些数学知识，比如线性代数、概率论和统计学。这些数学知识对理解机器学习算法很重要，但我对数学不太擅长，可能会觉得有困难。是不是有不用深入数学知识的学习方法呢？

还有，机器学习的各种算法，比如说监督学习和无监督学习，区分-regression、分类、聚类等等。这些算法有什么区别和应用场景呢？我得先弄清楚它们的原理，这样学起来才不会太吃力。

我还需要收集和处理数据，对吧？包括数据清洗、预处理，还有特征提取。这些步骤还是很关键的，要不然数据质量不好，算法再好也不行。可是，怎么处理数据、怎么清洗数据呢？有没有具体的工具或者方法可以学习？

听到过TensorFlow和Keras这些库，听说它们可以用来构建机器学习模型。哪些库更适合作为 beginners 使用呢？有没有社区或者教程可以帮助我逐步学习？

机器学习的应用非常广泛，比如图像识别、自然语言处理、推荐系统等等。我想看看这些应用是如何实现的，有没有具体的项目我可以尝试动手实践。

还有一个方面是评估和优化模型。如何评估机器学习模型的性能？常见的评估指标有哪些？而且，如何通过调整参数来优化模型呢？这些知识对我来说还是挺模糊的。

此外，机器学习需要不断学习和更新模型，以便适应新的数据和变化。这涉及到在线学习和反馈机制。这部分内容我了解不多，需要进一步了解相关的算法和方法。

还有，思考一下机器学习的未来发展，比如深度学习、强化学习等，它们与传统的机器学习有哪些区别和联系？这些前沿技术对我来说还是有点遥远，但了解一下会有帮助。

我需要制定一个学习计划，逐步掌握机器学习的基础和相关技术。可能需要从编程基础开始，然后逐步学习机器学习的概念、算法、工具和应用。基础不牢的话，后面的学习可能会比较吃力。

可是，学习过程中可能会遇到很多问题，比如代码跑不起来、算法理解不深入、项目设计不合理等等。我应该如何解决这些问题？有没有一些常见的错误和解决方法？

有没有推荐的书籍、在线课程或者实践项目，能够帮助我系统地学习机器学习？社区支持也是很重要的，如果有老师或者同学解答问题，会让我学的更快。

总的来说，学习机器学习需要耐心和毅力，要找到合适的学习资源和方法，逐步深入掌握各个知识点。同时，也不要害怕犯错误，通过不断的实践和调整，逐步提升自己的能力。

2025-06-07 16:42:46,223 - DEBUG - XiDian - 进入 get_experiment_record_details，整体实验ID: 1, 用户ID: 1
2025-06-07 16:42:46,226 - DEBUG - XiDian - 实验 1 共有 10 个步骤。
2025-06-07 16:42:46,228 - DEBUG - XiDian - 步骤 1: 找到记录 3，状态 'completed', 分数 95.0
2025-06-07 16:42:46,228 - DEBUG - XiDian - 步骤 2: 未找到对应记录，默认为 'pending', 分数 0.0
2025-06-07 16:42:46,229 - DEBUG - XiDian - 步骤 3: 未找到对应记录，默认为 'pending', 分数 0.0
2025-06-07 16:42:46,229 - DEBUG - XiDian - 步骤 4: 找到记录 1，状态 'completed', 分数 90.0
2025-06-07 16:42:46,229 - DEBUG - XiDian - 步骤 5: 未找到对应记录，默认为 'pending', 分数 0.0
2025-06-07 16:42:46,229 - DEBUG - XiDian - 步骤 6: 未找到对应记录，默认为 'pending', 分数 0.0
2025-06-07 16:42:46,230 - DEBUG - XiDian - 步骤 7: 未找到对应记录，默认为 'pending', 分数 0.0
2025-06-07 16:42:46,230 - DEBUG - XiDian - 步骤 8: 未找到对应记录，默认为 'pending', 分数 0.0
2025-06-07 16:42:46,230 - DEBUG - XiDian - 步骤 9: 未找到对应记录，默认为 'pending', 分数 0.0
2025-06-07 16:42:46,230 - DEBUG - XiDian - 步骤 10: 未找到对应记录，默认为 'pending', 分数 0.0
2025-06-07 16:42:47,897 - DEBUG - XiDian - Final response: 

如何学习机器学习

学习机器学习是一个系统性的过程，需要理论知识和实践结合。以下是一个学习机器学习的整体思路和步骤：

### 一、基础知识

1. **数学基础**
   - **线性代数**：理解向量、矩阵、特征值与特征向量等，对于理解算法内部逻辑至关重要。
   - **概率与统计**：掌握概率分布、贝叶斯定理、期望值等，深刻理解机器学习模型的工作原理。
   - **微积分**：了解导数、梯度、多元微积分等，有助于理解优化算法如梯度下降。
   - **优化理论**：熟悉梯度下降、凸优化等，这些都是机器学习训练算法的基础。

2. **编程基础**
   - **Python编程**： Python是机器学习领域的主要编程语言，掌握基础语法和常用库（如Pandas、NumPy）非常重要。
   - **数据结构**：理解列表、字典、元组等数据结构，对处理和存储数据至关重要。

3. **机器学习基础**
   - **概念理解**：明确机器学习的定义、监督学习、无监督学习、强化学习等基本概念。
   - **算法概述**：了解常见的机器学习算法，如线性回归、逻辑回归、决策树、随机森林等。

### 二、学习路径

1. **在线课程**
   - **推荐课程**：
     - **Coursera**：Andrew Ng的《机器学习》课程，系统性强，适合入门。
     - **Udacity**：《机器学习 engineer》 nanodegree，实践性较强。
     - **edX**：机器学习专项课程，深入学习。
   - **书籍推荐**：
     - 《机器学习实战》：全面介绍监督学习算法。
     - 《统计学习方法》：深入的理论基础。
     - 《机器学习》（Иodate机器学习）：经典的机器学习算法集。

2. **实践项目**
   - **数据集探索**：从Kaggle等平台获取数据集，尝试解决实际问题。
   - **工具使用**：熟练掌握Python、Pandas、Scikit-learn等工具库。
   - **动手实践**：尝试构建模型，进行数据预处理，特征提取，模型调优等。

3. **算法深入**
   - **基础算法**：深入理解线性回归、逻辑回归、决策树等。
   - **高级算法**：学习支持向量机、K-means、神经网络等。
   - **调优方法**：掌握交叉验证、网格搜索等方法，提升模型性能。

4. **工具和框架**
   - **Python库**：熟练使用Scikit-learn、XGBoost、LightGBM、Keras、TensorFlow等方式。
   - **大数据工具**：了解Spark MLlib、Dask等用于大数据处理的工具。

5. **持续学习**
   - **Stay Updated**：关注机器学习领域的新算法、新技术。
   - **加入社区**：参与Kaggle竞赛、Stack Overflow等，提升实战能力。

### 三、学习资源

1. **在线学习平台**
   - **Coursera**：提供多个机器学习课程，适合系统学习。
   - **Udemy**：各种难度层次的机器学习课程。
   - **Kaggle Learn**：专注于机器学习的实践课程。

2. **书籍推荐**
   - 《机器学习实战》：结合Python代码实现，适合入门。
   - 《Pattern Recognition and Machine Learning》：全面的理论和应用。
   - 《机器学习》：经典的机器学习算法书籍。

3. **工具文档**
   - **Scikit-learn官网**：详尽的API文档和教程。
   - **TensorFlow和Keras官网**：了解深度学习框架的使用方法。
   - **フリー图书和知乎文章**：获取最新的学习资料。

### 四、学习方法

1. **理论学习**
   - **概念理解**：先理解算法的原理，再看代码实现。
   - **数学推导**：通过公式推导加深对算法的理解。

2. **实践操作**
   - **项目实战**：选择一个项目，从数据预处理到模型构建再到调优。
   - **工具实验**：尝试不同的算法、调参方法，观察结果的变化。

3. **疑问与思考**
   - **问题驱动**：遇到实际问题时，思考如何应用机器学习方法解决。
   - **持续反思**：对学习过程中的问题进行深入探讨，寻找解决方案。

4. **社区交流**
   - **参与讨论**：在Reddit、Quora、Stack Overflow等平台提问和交流。
   - **学习经验分享**：多阅读学习博客和优秀解决方案，积累经验。

### 五、注意事项

1. **坚持与毅力**
   - 机器学习是一个长期积累的领域，需坚持不懈，不能急于求成。

2. **选择合适的起点**
   - 根据自身水平和兴趣选择合适的学习路径，不必强迫自己一下子学全部内容。

3. **理论与实践结合**
   - 理论指导实践，实践加深理论理解，两者相辅相成。

### 总结

学习机器学习是一个持续不断的过程，需要系统理论学习、实践操作相结合，秉持探索的态度不断前行。建议制定学习计划，逐步掌握机器学习的基础知识和实际操作技能，同时关注前沿技术，拓展知识面，以应对快速发展的机器学习领域。
2025-06-07 16:42:47,914 - DEBUG - XiDian - Final reasoning response: 今天老师布置了一个任务，让我学习机器学习。我对这个概念还不是很熟悉，所以我就开始查资料，想弄明白到底什么是机器学习，应该从哪里开始学习。

首先，我查了百度百科，上面说机器学习是人工智能的一个分支，主要研究如何让计算机系统从小规模训练数据或直接输入中自动生成所需信息和决策的算法。听起来有点高级，我觉得先了解一些基础概念比较好。

然后，我看到了一个《机器学习》的课程，里面提到了监督学习、无监督学习、强化学习等术语。这些都是机器学习中的重要概念，我需要一一弄清楚。又上网找了一些教程，学编程的我先复习了一下Python，因为机器学习常用的编程语言之一就是Python。

接下来，我开始学习一些基础知识，比如线性回归、逻辑回归、支持向量机、决策树等。这些是机器学习中常用的算法，但我对这些概念还不是很理解。于是我找了一些视频教程，跟着老师一步步学，还下载了一些学习资料，像《机器学习实战》这本书。

不过，在学习过程中，我遇到了不少问题。比如，有时候不太明白算法背后的数学原理，容易感到困惑。于是我决定多做一些实践，找到一些实际的数据集，尝试自己动手做一个分类或预测的模型。

在动手实践中，我首先从简单的数据集开始，比如手写数字识别或者房价预测的数据集。开始的时候，我 irritation 的发现，数据预处理也是机器学习中非常重要的一步，包括数据清洗、特征工程等，这些环节对模型的性能影响很大。我花了很多时间学习如何处理这些数据，也学习了一些工具，比如Pandas和Scikit-learn。

后来，我发现机器学习需要一些评估指标，比如准确率、召回率、F1分数等，这帮助我了解模型的性能。我还学到了过拟合和欠拟合的问题，知道要如何通过调整模型参数或正则化来防止过拟合。

不过，在学习过程中，我也遇到了一些挑战。比如，理解复杂的算法，如神经网络、深度学习等，一开始觉得很难，于是就先从浅层的算法入手，然后一步步深入学习。同时，我还意识到，学习机器学习不仅仅是学习算法，还需要有数据采集和标注的能力，这对资源有一定要求。

为了提高自己的实践能力，我开始做一个小型的项目，比如根据用户的行为数据预测购买意愿，或者根据图片自动分类。通过这个项目，我不仅巩固了自己的理论知识，还学会了如何从头到尾进行一个完整的机器学习项目。

不过在项目进行过程中，我记得老师提到过cross-validation这个概念，得分低的时候没有想到怎么办。后来我学到了如何使用K折交叉验证来评估模型的性能，这样可以更全面地了解模型的真实表现。

还记得刚开始的时候，我觉得机器学习很神秘，是未来的一个热门领域，现在看来，它确实有很多应用，比如自动驾驶、推荐系统等。不过，我也意识到，学习机器学习需要持续的努力和不断的学习新知识。

通过这段时间的学习，我虽然还不能完全掌握所有机器学习的算法和技巧，但已经有了一定的基础和实践经验。我决定继续深入学习，学习更多高级的算法和框架，比如XGBoost、LightGBM、或者Keras、TensorFlow等深度学习框架，同时也会关注最新的研究和应用，扩展自己的知识面。我觉得，学习机器学习不仅是为了在职业上有更好的发展，更是为了理解和解决更多实际问题。

2025-06-07 16:42:48,052 - DEBUG - XiDian - 进入 get_experiment_record_details，整体实验ID: 1, 用户ID: 1
2025-06-07 16:42:48,055 - DEBUG - XiDian - 实验 1 共有 10 个步骤。
2025-06-07 16:42:48,056 - DEBUG - XiDian - 步骤 1: 找到记录 3，状态 'completed', 分数 95.0
2025-06-07 16:42:48,056 - DEBUG - XiDian - 步骤 2: 未找到对应记录，默认为 'pending', 分数 0.0
2025-06-07 16:42:48,056 - DEBUG - XiDian - 步骤 3: 未找到对应记录，默认为 'pending', 分数 0.0
2025-06-07 16:42:48,056 - DEBUG - XiDian - 步骤 4: 找到记录 1，状态 'completed', 分数 90.0
2025-06-07 16:42:48,056 - DEBUG - XiDian - 步骤 5: 未找到对应记录，默认为 'pending', 分数 0.0
2025-06-07 16:42:48,056 - DEBUG - XiDian - 步骤 6: 未找到对应记录，默认为 'pending', 分数 0.0
2025-06-07 16:42:48,057 - DEBUG - XiDian - 步骤 7: 未找到对应记录，默认为 'pending', 分数 0.0
2025-06-07 16:42:48,057 - DEBUG - XiDian - 步骤 8: 未找到对应记录，默认为 'pending', 分数 0.0
2025-06-07 16:42:48,057 - DEBUG - XiDian - 步骤 9: 未找到对应记录，默认为 'pending', 分数 0.0
2025-06-07 16:42:48,057 - DEBUG - XiDian - 步骤 10: 未找到对应记录，默认为 'pending', 分数 0.0
2025-06-07 16:42:48,214 - DEBUG - XiDian - Final response: 

学习机器学习是一个系统化的过程，需要从了解基础概念到实践应用，逐步积累知识和技能。以下是学习机器学习的分步指南：

---

### **1. 理解机器学习的基础概念**

- **概念与定义**：
  - 机器学习是研究让计算机自动学习和改进的科学，旨在从数据中发现规律并进行预测。
  - 它分为监督学习、无监督学习、半监督学习和强化学习等主要类型。

- **应用场景**：
  - 推荐系统、自动驾驶、医疗诊断、自然语言处理等领域广泛应用机器学习技术。

- **学习资源**：
  - **书籍**：《机器学习导论》、《机器学习实战》。
  - **在线课程**：Coursera的Andrew Ng《机器学习》。
  - **视频教程**：Kaggle、YouTube上的教程。

---

### **2. 复习必要的数学基础**

- **线性代数**：
  - 向量、矩阵运算、特征值等，用于描述机器学习中的算法。

- **概率与统计**：
  - 统计推断、假设检验、分布等，用于数据分析和模型评估。

- **优化理论**：
  - 梯度下降等优化算法，用于最小化损失函数。

- **学习方法**：
  - 同时学习数学知识和机器学习算法，边学边用，加深理解。

---

### **3. 掌握Python编程基础**

- **安装环境**：
  - 安装Anaconda，安装必要的库如Pandas、NumPy、Matplotlib。

- **基础语法**：
  - 变量、数据类型、循环、条件、函数等。

- **实践项目**：
  - 使用Jupyter Notebook运行代码，探索数据集并进行简单分析。

---

### **4. 学习机器学习库**

- **Pandas**：
  - 数据清洗、处理和分析。

- **NumPy**：
  - 数组操作和数学运算。

- **Matplotlib & Seaborn**：
  - 数据可视化。

- **Scikit-learn**：
  - 常见机器学习算法和工具，如分类器、回归器、聚类算法。

- **Kaggle平台**：
  - 参与机器学习比赛，实践所学知识。

---

### **5. 选择学习路线**

- **序列学习**：
  - 从基础概念开始，逐步深入算法和高级技术。

- **项目导向**：
  - 选择一个小项目（如预测房价、分类邮件）进行实践，巩固理论知识。

---

### **6. 学习机器学习模型**

- **监督学习**：
  - 线性回归、支持向量机、决策树、随机森林等。

- **无监督学习**：
  - 聚类（K-Means）、降维（PCA）等。

- **评估指标**：
  - 准确率、精确率、召回率、F1分数等，用于衡量模型性能。

---

### **7. 深入理解算法**

- **手工实现**：
  - 从基础算法（如线性回归）开始，用代码理解其工作原理。

- **优化与正则化**：
  - 避免过拟合，提升模型泛化能力。

---

### **8. 数据预处理与特征工程**

- **数据清洗**：
  - 去除噪声数据、填补缺失值、标准化处理。

- **特征工程**：
  - 提取、变换特征，提高模型性能。

---

### **9. 探索深度学习**

- **神经网络基础**：
  - 理解激活函数、前向传播、反向传播等概念。

- **框架学习**：
  - 使用TensorFlow或Keras进行深度学习项目。

---

### **10. 参与社区与比赛**

- **论坛交流**：
  - 参与Stack Overflow、Reddit等机器学习社区，解决疑问。

- **Kaggle比赛**：
  - 参与机器学习竞赛，实战中提升技能。

---

### **11. 持续学习与实践**

- **保持耐心**：
  - 不急于求成，逐步积累知识和经验。

- **持续实践**：
  - 不断参与项目，巩固和扩展所学技能。

---

### **12. 总结与规划**

- 定期回顾学习成果，制定学习计划，逐步提升技能。

通过以上步骤，系统地学习机器学习的基础知识和实践应用，最终能够在实践中运用所学技能解决问题。
2025-06-07 16:42:48,216 - DEBUG - XiDian - Final reasoning response: 嗯，我现在觉得机器学习挺有意思的，但是感觉有点复杂。不知道从哪里开始学起呢？我想先搞清楚什么是机器学习，为什么要学习它，还有怎么才能有效地学习它。

首先，什么是机器学习？我记得听说过，它是让计算机自动学习和改进的过程，而不需要手动编写所有代码。听起来像人工智能的子领域。那它是怎么工作的呢？是不是通过训练数据让计算机自己找到模式和预测结果？

那为什么要学习机器学习呢？现在数据 everywhere，很多行业都在用机器学习来分析数据、做预测、自动化决策。比如，推荐系统、自动驾驶汽车、医疗诊断等等。这些都是机器学习的实际应用。

可是，我感觉有很多不同的算法和技术，像回归、分类、聚类等等，还有深度学习什么的，这么多东西要怎么系统地学习呢？是不是需要先打好基础？

听说数学对机器学习很重要，尤其是线性代数、概率统计，还有优化理论。这些数学知识是用来描述算法的，所以如果不理解它们，可能难以真正掌握机器学习。

那我应该先复习一下这些数学基础吗？感觉有些数学知识已经忘记了，尤其是概率和统计。矩阵运算这些数学工具，对于理解机器学习中的算法是怎么工作的，应该很重要吧。

复习数学的同时，还能边学习数学边接触机器学习吗？这样学起来会更有效率。比如，学着线性代数的同时，学习机器学习中的向量和矩阵运算应用。

编程方面，机器学习常用Python，特别是Pandas、NumPy这些库，还有机器学习库比如 scikit-learn 和 TensorFlow。可能需要先掌握Python的基础语法，再深入学习这些库和工具。

那是不是应该先从Python基础开始学起？比如安装Anaconda，安装必要的库，然后开始写一些简单的代码，比如读取和处理数据，画些图表什么的。

写代码的时候，可能会遇到很多问题，比如语法错误、库的安装问题，或者数据不处理就分析不了等等。这个时候，要耐心调试，或者查一些资料解决。

除了编程，机器学习的理论也是必要的。怎么能平衡实践和理论呢？是不是需要看一些教材，或者在线课程，跟着老师一步一步学习？

网上有很多学习资源，比如Coursera、edX上有很多机器学习的课程，还有Kaggle平台可以参与一些机器学习比赛，实践应用所学。

实践也是很重要的，了解完理论之后，自己动手做一些项目，比如预测房价、识别图片等等，可以加深理解，并且积累经验。

那如何选择合适的项目呢？是不是可以先从小项目开始，比如预测股票价格、分类邮件是否为垃圾邮件，这些都是比较基础的机器学习任务。

在项目过程中，除了使用现有的库，是不是也学会自己编写一些算法？比如从头开始实现线性回归、支持向量机等等，这样对理解算法的工作原理更有帮助。

另外，模型评估也很重要，不同的评估指标用来衡量模型的表现，选择合适的模型还需要考虑过拟合和欠拟合的问题，这些都需要在学习过程中逐步了解。

听说机器学习还有一个叫做特征工程的部分，非常关键。如何提取有效的特征，如何规范化数据，这些都是影响模型表现的重要因素。

训练数据的质量也影响模型，所以学习一些数据清洗和预处理的方法，去除噪声数据，处理缺失值和异常值，也是必须的技能。

深入学习一些机器学习算法，并了解它们的优缺点，学会根据不同的问题选择合适的算法，这需要系统地学习各种算法，如线性回归、决策树、随机森林、神经网络等等。

之后，机器学习的形象化学习也很有帮助，通过博客、视频等直观的方式加深对概念的理解，而不是只是被动看教材。

保持getName()耐心和毅力也很重要，机器学习涉及很多复杂的数学和算法，一开始可能会觉得困难，但坚持下去 amazed看懂了，慢慢地就能掌握。

还听说机器学习社区非常活跃，参加论坛、参加Kaggle比赛，和其他学习者交流，可以获取更多的学习资源和帮助。

现在有点 overwhelmed，这么多要学的东西，不知道该怎么安排学习计划。先把基础知识先复习好，然后逐步深入学习各种算法，先用简单的方法，不要急于求成。

总的来说，学习机器学习需要系统的规划， adequate的基础知识，大量的实践，耐心和持续的学习。通过不断地学习和实践，一定能够掌握机器学习的知识和技能。

2025-06-07 16:42:48,332 - DEBUG - XiDian - 进入 get_experiment_record_details，整体实验ID: 1, 用户ID: 1
2025-06-07 16:42:48,333 - DEBUG - XiDian - 实验 1 共有 10 个步骤。
2025-06-07 16:42:48,334 - DEBUG - XiDian - 步骤 1: 找到记录 3，状态 'completed', 分数 95.0
2025-06-07 16:42:48,334 - DEBUG - XiDian - 步骤 2: 未找到对应记录，默认为 'pending', 分数 0.0
2025-06-07 16:42:48,334 - DEBUG - XiDian - 步骤 3: 未找到对应记录，默认为 'pending', 分数 0.0
2025-06-07 16:42:48,334 - DEBUG - XiDian - 步骤 4: 找到记录 1，状态 'completed', 分数 90.0
2025-06-07 16:42:48,334 - DEBUG - XiDian - 步骤 5: 未找到对应记录，默认为 'pending', 分数 0.0
2025-06-07 16:42:48,334 - DEBUG - XiDian - 步骤 6: 未找到对应记录，默认为 'pending', 分数 0.0
2025-06-07 16:42:48,336 - DEBUG - XiDian - 步骤 7: 未找到对应记录，默认为 'pending', 分数 0.0
2025-06-07 16:42:48,336 - DEBUG - XiDian - 步骤 8: 未找到对应记录，默认为 'pending', 分数 0.0
2025-06-07 16:42:48,336 - DEBUG - XiDian - 步骤 9: 未找到对应记录，默认为 'pending', 分数 0.0
2025-06-07 16:42:48,336 - DEBUG - XiDian - 步骤 10: 未找到对应记录，默认为 'pending', 分数 0.0
2025-06-07 16:42:49,281 - DEBUG - XiDian - Final response: 

### 学习机器学习的整体步骤与建议

1. **明确学习目标**
   - 确定你希望学习机器学习的具体方向，是想从事数据科学、人工智能开发，还是其他相关领域。了解目标有助于有针对性地选择学习资源和课程。

2. **数学基础的学习**
   - **线性代数**：学习向量、矩阵、行列式、特征值等基本概念，因为机器学习中的算法很多都涉及线性代数。
   - **概率论与统计学**：掌握概率分布、期望、方差、协方差等统计概念，这对于理解机器学习中的模型和评估很重要。
   - **微积分**：尤其是微分和积分，用于理解优化算法如梯度下降。
   - **优化方法**：学习梯度下降、共轭梯度法等优化技术，了解它们在训练模型中的应用。

3. **编程基础的掌握**
   - **Python/R的学习**：选择一种主要编程语言，比如Python，学习基础语法、数据结构（列表、字典、元组、集合等）和控制结构。
   - **常用库的学习**：学习NumPy、Pandas、Matplotlib等库的基本用法，这些库在数据处理、数据分析和可视化中非常常用。

4. **机器学习基础知识**
   - **基本概念**：理解机器学习的基本概念，如监督学习、无监督学习、半监督学习、强化学习等。
   - **机器学习流程**：掌握从数据准备到模型训练、评估和优化的整个流程。
   - **常见算法**：了解常见的机器学习算法，如线性回归、逻辑回归、决策树、随机森林、支持向量机（SVM）、K均值聚类等，并了解它们的原理和适用场景。

5. **实践项目**
   - **数据集选择**：寻找适合的公开数据集（如Kaggle、UCI Machine Learning Repository等），进行探索性和分析性学习。
   - **项目执行**：尝试从数据预处理到模型训练、调参、评估的完整流程，有助于巩固理论知识。
   - **持续改进**：通过不断优化模型、尝试不同的算法和参数，提升模型的性能。

6. **机器学习工具与库**
   - **scikit-learn**：学习如何使用 this库进行模型选择、训练、评估和调优。
   - **TensorFlow/PyTorch**：对于更深入的学习，如深度学习，可以学习这两个流行的框架。
   - **其他工具**：学习Pandas用于数据预处理，Matplotlib/Seaborn用于数据可视化，Scikit-learn用于模型评价和调参。

7. **深入学习与Jane Street算法**
   - **深入学习**：对于更高级的内容，可以学习深度学习、神经网络、卷积神经网络（CNN）、循环神经网络（RNN）等。
   - **Jane Street算法**：这些算法适用于金融领域的实时交易和预测，了解这些算法的原理和应用场景，有助于拓宽视野。

8. **持续学习与社区参与**
   - **阅读经典的机器学习书籍**：例如《The Elements of Statistical Learning》、《Pattern Recognition and Machine Learning》等经典书籍。
   - **在线课程**：参加平台如Coursera、 edX、Udacity等提供的人工智能和机器学习课程。
   - **加入社区**：参与Kaggle比赛、机器学习小组、社区讨论，与同行交流，学习最新的技术和方法。
   - **实践与更新**：机器学习是一个快速发展的领域，保持对新技术的敏感性和学习能力，及时更新知识和技能。

9. **优质的资源推荐**
   - **书籍**：《机器学习实战》、《机器学习》（ Hands-On ）、《Python机器学习》
   - **在线课程**：Coursera上的 Andrew Ng的《机器学习》、 Udacity的《机器学习工程师》 nano degree
   - **博客与教程**：Towards Data Science、Kaggle 方法论等博客提供丰富的学习资源。

10. **制定详细的学习计划**
    - **时间管理**：根据自身情况制定合理的学习计划，确保每天投入固定的时间进行学习和练习。
    - **任务分解**：将大任务分解为小任务，逐步完成，例如每天学习一个数学章节，完成一个编程练习项目。
    - **目标设定**：设定短期和长期的学习目标，每次学习后进行总结和反思，调整学习计划。

11. **保持好奇心与主动学习**
    - **探索新技术**：对新技术保持好奇，尝试学习和应用，即使遇到困难也不 Countdown。
    - **解决实际问题**：寻找实际问题或项目，应用机器学习知识，培养解决实际问题的能力。
    - **持续优化**：不断改进学习方法和计划，找到更适合自己的学习路径。

通过以上步骤，你可以系统地学习机器学习，从基础知识到实践应用，逐步掌握机器学习的核心技术和方法。记住，学习是持续的过程，保持好奇心和耐心， kata你终将掌握这一技术。
2025-06-07 16:42:49,299 - DEBUG - XiDian - Final reasoning response: 嗯，最近我发现我想要学习机器学习，但我对这个领域不是很了解。刚开始，我有点不知如何开始。我想知道学习机器学习需要哪些基础知识，具体要怎么学习，以及是否有具体的资源或者步骤我可以参考。

首先，我听说过机器学习是一个很大的领域，里面有各种算法和模型，比如线性回归、支持向量机、决策树等等。我需要先了解这些基本概念和这些算法之间的区别。但我不确定应该先学习什么基础，数学基础是不是必须的？我以前学过一些高数，但可能有点久了，不太确定能不能自己重新温习一下。

然后，有很多书籍和在线课程好像都推荐了机器学习，比如《机器学习实战》或者一些MOOC平台上的课程。我不知道这些资源有没有最新的内容，或者是否有适合不同学习水平的课程。我担心自己在学习过程中可能会遇到很多技术细节，导致后面的知识点跟不上。

我还听说过一个叫做scikit-learn的库，它好像是机器学习常用的工具库。我对Python的了解还不够深入，我不知道如何高效地使用这个库来实现机器学习的算法。我应该先学习Python的基础语法，还是先了解一下机器学习的基础概念呢？

另外，项目经验对于学习机器学习也很重要，我想知道我在没有实际项目经验的情况下，应该如何开始实践，巩固自己的知识。听说在现实项目中，能够更好地理解和应用机器学习的方法，但我不知道应该从哪里下手。

还有一个问题是关于时间管理。机器学习看起来需要投入很多时间，我担心自己时间和精力不够，无法持续学习和实践。我听说制定一个学习计划很重要，但如何制定一个切实可行的计划，还需要进一步思考。

最后，我还想知道机器学习的未来发展趋势，是为了更好地了解行业动态，还是对选择学习路径有帮助。听说深度学习和神经网络现在非常热门，我应该把这些内容放在学习的优先位置吗？

总的来说，我对机器学习的整个学习过程感到有些迷茫，需要明确学习目标、基础知识的准备、学习资源的选择、技术实现的具体方法以及时间管理等各个方面。我需要一个系统的学习计划，逐步掌握机器学习的基本概念、数学基础、编程技能和实际应用的技巧。

首先，我觉得我需要重新复习一下数学基础，尤其是线性代数、概率论和微积分，因为这些似乎在机器学习中非常重要。可能需要一些耐心和时间，把数学知识重新梳理一遍。

其次，学习编程基础也是必不可少的。我需要选择一种主要的编程语言，像Python或者R，先掌握基本语法和数据结构。尤其是如果我是新手，选择Python可能会更容易一些，因为它的语法相对简单，而且有很多机器学习库支持。

接下来，我需要了解机器学习的基本概念和分类，比如监督学习、无监督学习、半监督学习等等。监督学习中的分类和回归，无监督学习中的聚类和降维，这些都是机器学习中的常见任务。理解这些概念后，我可以更清楚地学习各种具体的算法。

然后，开始学习具体的机器学习算法，如线性回归、逻辑回归、决策树、随机森林、支持向量机、K均值聚类等等。对于每个算法，我需要了解它的原理、适用场景以及优缺点。思考这些可以帮助我更好地选择何时使用哪种算法。

在理解算法后，我需要实践操作，通过做项目来应用所学的知识。这可能包括数据预处理、特征工程、模型选择和评估等环节。实际操作不仅能加深对理论的理解，还能提高解决问题的能力。

此外，了解一些机器学习的工具和库也是必不可少的。比如，scikit-learn是一个非常有用的机器学习库，提供了很多常见的算法和公开接口。 exemplary库的使用方法，能有效提升开发效率。

还要注意实践中的常见问题和解决方案。比如，过拟合和欠拟合、数据降噪、过采样和欠采样的均衡和解决方法等。这些都是实际应用中常遇到的问题，了解并掌握解决办法，能提升模型的实力。

不断学习和更新是很重要的一点。机器学习的发展非常迅速，酚酞保持对新技术的好奇心，同时也要有学习的耐心和主动实践的精神。增加实战经验，理解如何优化代码、调优超参数和流程管理，能进一步提高学习效果。

最后，保持捣乱学习状态， Familia交流和讨论，通过与他人的互动和合作，可以获取不同的观点和解决问题的方法，也能激发学习的兴趣和动力。

总的来说，我需要制定一个详细的学习计划，明确每一步的具体目标和任务。从数学基础到编程基础，再到机器学习的基本概念和算法，最后通过项目实践来巩固和强化所学的知识。这个过程可能会遇到各种挑战和困难，但我相信通过坚持和不断的实践，最终能够掌握机器学习的核心思想和应用方法。

2025-06-07 16:42:49,345 - DEBUG - XiDian - Final response: 

学习机器学习需要系统的知识积累和实践结合。以下是一些实用的学习方法和资源推荐，帮助你快速入门并掌握机器学习的核心概念和技能：

---

### 1. **基础知识入门**
机器学习需要一定的数学基础、编程能力和算法理解。以下是你需要掌握的基础知识：

#### **数学基础**
- **线性代数**：理解向量、矩阵和线性方程组，是机器学习的核心。
  - 推荐学习：[线性代数 crash course](https://www.math.ucla.edu/~yanovsky/Math151A_1_05托管/Handouts/LA INTRO.pdf)
- **概率与统计**：理解概率分布、期望值、方差等统计概念。
  - 推荐学习：Coursera 《统计学》（Statistics with R）。
- **微积分**：理解梯度、导数等概念，为机器学习算法优化打基础。
  - 推荐学习：Khan Academy 的微积分课程。

#### **编程基础**
- **Python**：机器学习中使用最多的编程语言。
  - 学习推荐：[Python 入门教程](https://pythonforbeginners.com/) 或 Coursera 的《Python for Everybody》。
- **NumPy 和 Pandas**：用于快速数据处理和矩阵运算。
  - 学习推荐：[NumPyTM 保留文档](https://numpy.org/doc/stable/user/quickstart.html)。
- **Matplotlib 和 Seaborn**：用于数据可视化的工具。
  - 学习推荐：[Matplotlib 官方文档](https://matplotlib.org/stable/tutorials/index.html)。

#### **机器学习基础**
- **算法概述**：了解监督学习（如分类和回归）、无监督学习（如聚类）、强化学习的基本概念。
  - 推荐学习：[Towards Data Science 机器学习入门教程](https://towardsdatascience.com/introducing-机器学习)。

---

### 2. **学习资源**
#### **在线课程**
- **Coursera**
  - [机器学习 by Andrew Ng](https://www.coursera.org/learn/machine-learning)：经典入门课程。
  - [DeepLearning.AI 的深入学习](https://www.coursera.org/learn/deep-learning)：深度学习入门。
- **edX**
  - [Introduction to Computer Science and Programming Using Python](https://www.edx.org/course/introduction-computer-science-and-programming-using-python-1)：Python 入门。
  - [机器学习 (CS50's AI Fundamentals)](https://www.edx.org/course/machine-learning-cs50s-ai-fundamentals)：机器学习入门。
- **Udacity**
  - [机器学习 engineer nanodegree](https://www.udacity.com侄子的机器学习纳 degrade)：实践导向的课程。
- **fast.ai**
  - [ Practical Deep Learning for Coders](https://www.fast.ai/courses/practical-deep-learning-for-coders/)：快速学习深度学习。

#### **书籍**
- **《机器学习》 by Kevin P. Murphy**：全面的机器学习书籍，适合进阶阅读。
- **《机器学习实战》 by Peter Hajek 托ery and Sebestean Sperber**：以代码实现理解机器学习。
- **《统计学习方法》 by 李航**：机器学习理论经典书籍。

#### **博客和社区**
- **Kaggle**：机器学习比赛和数据集平台，实践项目的好地方。
  - [Kaggle机器学习入门教程](https://www.kaggle.com-save零 Making your Kaggle 此处-Roundup)。
- ** medium**：机器学习相关的文章和教程。
  - 例如：[机器学习 101](https://Towards Data Science)、[机器学习模型解释](https://explainabot.com)。
- **GitHub**：关注优秀开源项目，学习代码实现。
  - 入门项目推荐：[机器学习学习](https://github.com/Andrew Ng}'s repositories)。

---

### 3. **学习方法**
#### **从小到大**
- 开始学习基础概念，如线性回归、逻辑回归、决策树等。
- 逐步深入，学习支持向量机（SVM）、贝叶斯模型、聚类算法（如 K-means）等。

#### **实践**
- 机器学习需要大量的实践。通过开源数据集（如 Kaggle、UCI Machine Learning Repository）进行项目实战。
- 优先练习 supervised learning（有标签数据）：分类（如 MNIST 手写数字分类）和回归（如房价预测）。
- 再尝试 unsupervised learning（无标签数据）：聚类（如顾客 segmentation）和降维（如 PCA）。

#### **项目实践**
- 从小项目开始，例如：
  - [MNIST 手写数字分类](https://www.kaggle.com/dissem1994/mnist>
  - [Titanic 灾难的生存预测](https://www.kaggle.com/c/titanic)
  - [Iris 数据集分类](https://scikit-learn.org/stable/modules/generated/sklearn.datasets.load_iris.html>
- 分析数据、选择模型、调优参数、可视化结果。

#### **阅读与讨论**
- 每天至少阅读一篇关于机器学习的博客或论文。
- 加入机器学习社区（如 Reddit 的 r/machinelearning 或 Stack Overflow）提问和交流。

---

### 4. **工具与框架**
- **Python 工具**
  - [NumPy 基础](https://numpy.org/doc/stable/user/quickstart.html)
  - [Pandas 简洁指南](https://pandas.pydata.org/pandas-docs/stable/getting_started/intro_tutorials/index.html)
  - [Matplotlib 绘图指南](https://matplotlib.org/stable/tutorials/introductory/pyplot.html)
- **Scikit-learn**
  - 官方文档：[机器学习数据科学管道](https://scikit-learn.org/stable/)
  - 学习推荐：[Scikit-learn 入门教程](https://scikit-learn.org/stable/getting_started.html)
- **TensorFlow 或 PyTorch**
  - 学习推荐：[TensorFlow 入门教程](https://www.tensorflow.org/tutorials/tf2/get_started)
  - [PyTorch 官方文档](https://pytorch.org/tutorials/beginner/basics.html)

---

### 5. **持续学习**
机器学习是一个快速发展的领域，掌握知识和技能需要不断学习。
- 关注工具官方文档和开发者博客。
- 关注 GitHub 上的优秀开源项目，学习代码实现。
- 加入机器学习社区，参与讨论和交流。

---

### 6. **保持耐心**
学习机器学习需要时间和耐心，不要急于求成。从基础开始，逐步深入，实践是关键。

希望这些建议对你有所帮助！机器学习是一段有趣的旅程，祝你旅途愉快！
2025-06-07 16:42:49,357 - DEBUG - XiDian - Final reasoning response: 嗯，用户现在问的是“如何学习机器学习”。这看起来是一个比较基础的问题。首先，我得分析一下用户可能的背景。他可能对机器学习有点兴趣，但不太确定从哪里开始，或者可能已经有一段时间没接触过机器学习了。

我觉得用户的问题可能是想寻找系统地学习机器学习的方法，可能是一个入门者，或者是刚开始接触的人。他的需求不仅仅是学习方法，可能还希望了解具体的步骤，包括所需的知识、资源以及实践的方法。

首先，我应该考虑用户可能缺乏一些基础知识，比如数学、编程等。所以，作为一个入门指南，首先要强调这些基础知识的重要性，否则机器学习可能会很困难。

接着，推荐合适的资源平台，比如Coursera、edX等，因为这些平台有很多高质量的课程，用户可以通过免费的模式先听一听，或者购买课程。另外，书籍也是一个很好的资源，像《机器学习》和《统计学习方法》都是经典书籍。

然后，实践是机器学习中不可或缺的一部分。用户需要有项目经验，这样可以更好地理解概念。我应该建议用户从小项目开始，比如分类、回归等任务，利用公开数据集进行实践。

编程方面，Python是机器学习最常用的语言，所以推荐学习NumPy、Pandas和Matplotlib等库。我还要提到Deep_learning튜と考え等工具，因为这对于深度学习部分非常关键。

接着，持续学习和社区资源也是必须提到的。机器学习领域变化很快，用户需要关注最新的动态，关注GitHub上的优秀开源项目，加入相关论坛和社区进行交流。

评估和改进也是一个重要点，用户需要知道如何对模型进行评估，以及如何通过调整参数提升性能。最后，保持耐心和坚持是成功的关键，机器学习不是一天就能掌握的，需要长时间的学习和实践。

总的来说，我需要提供一个完整的指南，从基础知识到实践，中间穿插推荐的学习资源和练习项目，确保用户能够一步步地从零开始，逐步建立机器学习的技能。

2025-06-07 16:42:49,369 - DEBUG - XiDian - Final response: 

### 学习机器学习的步骤详解

 Machine learning is a fascinating field that allows computers to learn from data and make predictions or decisions without being explicitly programmed. Whether you're a programmer, a data analyst, or someone with a technical background, learning machine learning can be a rewarding journey. Below is a structured guide to help you get started with machine learning.

---

### **第一步：理解机器学习的基础知识**

1. **数学基础** [1](# ref=1)
   - **线性代数**：理解向量、矩阵、特征值和奇异值分解等概念。线性代数是机器学习的基础，用于数据预处理、降维和模型优化等。
   - **概率论与统计学**：掌握概率分布、贝叶斯定理、期望、方差等概念。这些知识用于理解机器学习算法中的分类、回归和聚类等方法。
   - **微积分**：理解导数、梯度、优化算法（如梯度下降）的原理。微积分在机器学习中用于优化模型参数。

2. **编程基础** [2](# ref=2)
   - **Python**：Python是机器学习中使用的 most popular language. 学习基本语法后，可以学习NumPy、Pandas、Matplotlib等库，这些库用于数据处理和分析。
   - **逻辑思维**：培养逻辑思维能力，理解算法的原理和背后的数学推导。

3. **机器学习基础概念**
   - **监督学习与无监督学习** [3](# ref=3)
     - **监督学习**：模型基于标签数据进行预测。
     - **无监督学习**：模型从未标注的数据中发现潜在结构。
   - **常见算法**：
     - **分类**：如逻辑回归、决策树、随机森林、SVM、朴素贝叶斯等。
     - **回归**：线性回归、多项式回归。
     - **聚类**：K-means、层次聚类。
     - **降维**：主成分分析（PCA）、奇异值分解（SVD）。
     - **推荐系统**：协同过滤。

4. **工具与框架**
   - **Python库**：
     - **NumPy**：高效处理数组和矩阵运算。
     - **Pandas**：数据清洗和预处理工具。
     - **Matplotlib 和 Seaborn**：数据可视化。
     - **Scikit-learn**：机器学习框架，提供很多算法和评估指标。
     - **TensorFlow 或 PyTorch**：深度学习框架。
   - **Jupyter Notebook**：用于快速实验和数据分析。

---

### **第二步：学习与实践**

1. **在线课程**
   - **Coursera**：Andrew Ng 的“机器学习”课程是机器学习领域的经典入门课程。
   - **Udacity**：机器学习 nanodegree 项目，提供实践项目。
   - **edX**：机器学习课程如“Introduction to Machine Learning with Python”。
   - **LeetCode/Coding 地点**：练习算法和编程技能。

2. **书籍与教程**
   - **《机器学习实战》**：Peter WirDisney 的 books，用 Python 实现机器学习算法。
   - **《机器学习入门》**：通过scikit-learn库从基础到高级知识。
   - **Kaggle 公开比赛**：实践数据科学技能，学习如何处理竞赛数据。

3. **实践项目**
   - **Kaggle**：通过参加竞赛项目练习各种算法。
   - **个人项目**：构建自己的机器学习项目，如房价预测、图像分类等。
   - **数据集**：使用公开数据集如MNIST、CIFAR-10、Kaggle 数据集。

4. **工具与库的实践**
   - **数据预处理**：清洗数据（缺失值、异常值）、特征工程（归一化、编码）。
   - **模型训练**：选择合适的算法，调整超参数。
   - **模型评估**：使用混淆矩阵、ROC-AUC、F1 分数、精确率、召回率等指标评估模型性能。
   - **过拟合与欠拟合**：使用正则化、交叉验证等方法解决。

---

### **第三步：深入学习与提升**

1. **算法深入理解**
   - 选择几个感兴趣的算法，如神经网络、支持向量机、树模型，深入理解它们的工作原理和优势。
   - 学习每种算法的数学推导和优化方法。

2. **强化学习**
   - 如果有兴趣，可以学习强化学习，了解其在游戏AI、机器人控制中的应用。
   - 研究OpenAI、DeepMind 等最新研究成果。

3. **深入研究领域**
   - 选择一个具体的方向，如自然语言处理、计算机视觉、推荐系统进行深入研究。
   - 学习相关领域的专有名词和常用方法。

4. **持续学习**
   - 关注机器学习的前沿，订阅 newsletters 如“Distill”。
   - 参加机器学习会议，如SIGKDD 或 ICML。
   - 使用 arXiv 小平台，阅读最新的机器学习论文。

---

### **第四步：参与社区与合作**

1. **社区学习**
   - 在Stack Overflow、GitHub、Kaggle 和 Reddit 等平台参与机器学习讨论。
   - 参与开源项目，如TensorFlow、Scikit-learn，贡献代码或提出问题。

2. **与人合作**
   - 在 GitHub 上创建机器学习项目，邀请他人合作。
   - 在真实工作中与数据科学家合作，理解他们在项目中的角色和经验。

---

### **第五步：保持热情与实践**

 Machine learning 是一个需要不断学习和改进的领域。保持学习的热情，尝试新算法，记录和总结学习过程。随着项目经验的增加，你会越来越熟练，最终达到能够独立构建和应用机器学习模型的目标。

---

### **总结**

学习机器学习是需要时间和耐心的旅程，从理解基础知识到实践项目，再到持续学习和参与社区，每一步都是重要的。不要急于求成，逐步积累知识和经验，最终你会成为机器学习领域的专业人才。现在，你已经有一个清晰的学习路径，接下来就快行动起来吧！
2025-06-07 16:42:49,371 - DEBUG - XiDian - Final reasoning response: 嗯，机器学习好像挺复杂的。首先，我记得有人在讨论机器学习的步骤，或者怎么开始学习。他们提到要先掌握基础知识，然后选择适合自己的学习方式。我得多想想这些具体该怎么做。

首先，基础知识。数学，特别是线性代数、概率论和统计学，这些真的很重要吗？比如，线性代数里面矩阵和向量是什么，这些东西在机器学习中有什么应用呢？概率论和统计学，比如贝叶斯定理，这些概念在机器学习中如何应用？我需要找一些资料或者课程来学习这些数学基础。

然后是编程，特别是Python。我知道Python用在机器学习中很多，比如用pandas处理数据，用numpy进行数值计算，用matplotlib画图。机器学习常用的库还有scikit-learn和TensorFlow。这些库具体怎么用？有没有好的教程或者书籍可以学习呢？我应该从基础的Python编程开始，然后学习这些库。

数据集，这也是机器学习的关键。数据来源很多，比如公开的数据集比如Kaggle，或者是自己收集的数据。数据预处理也很重要，比如数据清洗、特征工程，还有数据可视化。这些问题怎么解决？我需要实践，多处理不同类型的 datasets。

模型选择，机器学习中的监督学习、无监督学习、半监督学习和强化学习。对于监督学习中的分类和回归，我需要了解各算法的原理，比如逻辑回归、支持向量机、随机森林、神经网络等，这些算法有什么区别和联系？实践是关键，我需要用这些算法去解决一些实际问题。

评估模型的话，准确率、召回率、F1分数、ROC-AUC曲线这些指标到底怎么用？我记得有混淆矩阵来分析模型分类的情况。过拟合和欠拟合的问题，怎么判断和解决呢？比如正则化、交叉验证等方法。

代码实现，可能有多种方式。我可以从Python的scikit-learn和TensorFlow开始学习，它们提供了方便的函数和API。或者自己从零实现这些算法，这可能比较复杂，但可以帮助深入理解原理。实践项目是关键，我需要通过项目来锻炼自己的能力。

持续学习的话，有很多资源，比如书籍、在线课程、论文。如何选择适合自己的学习路径？我记得有个机器学习的 timelines，大致分为监督学习、无监督学习、深度学习、强化学习等阶段，我觉得可以从浅入深逐步学习。

实践应用，我需要找到一些实际的项目来练习，比如识别手写数字、预测房价、图像分类等。利用Kaggle平台或者自己构建数据集，通过这些项目来应用和提升自己的机器学习技能。

挑战是什么呢？机器学习有很多复杂的算法和概念，有时候感觉有点 overwhelmed。需要不断实践，解决遇到的问题，同时也要保持学习的热情。遇到困难时，多向人请教，参加社区讨论，利用各种资源来解决。

好的，现在我大概有一个学习机器学习的框架，但需要更详细地了解每个步骤的具体内容。接下来，应该先从数学基础开始，先学习线性代数和统计学的必要知识，然后掌握Python编程和常用库的使用，接着练习数据处理和预处理，再深入了解各种机器学习算法，学习如何评估和优化模型，最后通过实际项目巩固所学知识。此外，还需要持续学习和探索，不断挑战自己，提升自己的机器学习能力。

2025-06-07 16:42:49,420 - DEBUG - XiDian - 进入 get_experiment_record_details，整体实验ID: 1, 用户ID: 1
2025-06-07 16:42:49,421 - DEBUG - XiDian - 实验 1 共有 10 个步骤。
2025-06-07 16:42:49,422 - DEBUG - XiDian - 步骤 1: 找到记录 3，状态 'completed', 分数 95.0
2025-06-07 16:42:49,422 - DEBUG - XiDian - 步骤 2: 未找到对应记录，默认为 'pending', 分数 0.0
2025-06-07 16:42:49,422 - DEBUG - XiDian - 步骤 3: 未找到对应记录，默认为 'pending', 分数 0.0
2025-06-07 16:42:49,423 - DEBUG - XiDian - 步骤 4: 找到记录 1，状态 'completed', 分数 90.0
2025-06-07 16:42:49,423 - DEBUG - XiDian - 步骤 5: 未找到对应记录，默认为 'pending', 分数 0.0
2025-06-07 16:42:49,423 - DEBUG - XiDian - 步骤 6: 未找到对应记录，默认为 'pending', 分数 0.0
2025-06-07 16:42:49,424 - DEBUG - XiDian - 步骤 7: 未找到对应记录，默认为 'pending', 分数 0.0
2025-06-07 16:42:49,424 - DEBUG - XiDian - 步骤 8: 未找到对应记录，默认为 'pending', 分数 0.0
2025-06-07 16:42:49,424 - DEBUG - XiDian - 步骤 9: 未找到对应记录，默认为 'pending', 分数 0.0
2025-06-07 16:42:49,424 - DEBUG - XiDian - 步骤 10: 未找到对应记录，默认为 'pending', 分数 0.0
2025-06-07 16:42:49,481 - DEBUG - XiDian - 进入 get_experiment_record_details，整体实验ID: 1, 用户ID: 1
2025-06-07 16:42:49,483 - DEBUG - XiDian - 实验 1 共有 10 个步骤。
2025-06-07 16:42:49,483 - DEBUG - XiDian - 步骤 1: 找到记录 3，状态 'completed', 分数 95.0
2025-06-07 16:42:49,484 - DEBUG - XiDian - 步骤 2: 未找到对应记录，默认为 'pending', 分数 0.0
2025-06-07 16:42:49,484 - DEBUG - XiDian - 步骤 3: 未找到对应记录，默认为 'pending', 分数 0.0
2025-06-07 16:42:49,484 - DEBUG - XiDian - 步骤 4: 找到记录 1，状态 'completed', 分数 90.0
2025-06-07 16:42:49,484 - DEBUG - XiDian - 步骤 5: 未找到对应记录，默认为 'pending', 分数 0.0
2025-06-07 16:42:49,484 - DEBUG - XiDian - 步骤 6: 未找到对应记录，默认为 'pending', 分数 0.0
2025-06-07 16:42:49,484 - DEBUG - XiDian - 步骤 7: 未找到对应记录，默认为 'pending', 分数 0.0
2025-06-07 16:42:49,485 - DEBUG - XiDian - 步骤 8: 未找到对应记录，默认为 'pending', 分数 0.0
2025-06-07 16:42:49,485 - DEBUG - XiDian - 步骤 9: 未找到对应记录，默认为 'pending', 分数 0.0
2025-06-07 16:42:49,485 - DEBUG - XiDian - 步骤 10: 未找到对应记录，默认为 'pending', 分数 0.0
2025-06-07 16:42:49,489 - DEBUG - XiDian - Final response: 

### 如何学习机器学习的分步指南

学习机器学习是一个系统而全面的过程，以下是详细的指南：

#### 1. **确定学习目标和背景**
   - **明确目标**：明确你希望学习的机器学习领域，如图像识别、自然语言处理、数据分析等。
   - **评估基础**：检查你现有的编程和数学基础，确认哪些部分需要补充，哪些部分已经掌握。
   - **设定时间表**：规划学习时间，制定详细的学习计划，确保每天学习时间得到充分利用。

#### 2. **学习编程基础**
   - **掌握Python**：
     - 从基础语法开始学习，如变量、列表、循环、条件语句等。
     - 学习NumPy库的基本操作，用于数组和矩阵运算。
     - 学习Pandas库的使用，用于数据分析和操作。
     - 学习Matplotlib或Seaborn进行数据可视化。
   - **选择工具链**：确认是否会使用Jupyter Notebook进行代码编写和结果展示。

#### 3. **复习数学基础**
   - **线性代数**：理解向量、矩阵、行列式、特征值等概念，重点掌握矩阵运算和向量空间。
   - **概率与统计**：学习基本概率、条件概率、贝叶斯定理、期望值、方差、协方差、相关系数等。
   - **微积分**：掌握导数、梯度、多元微积分，尤其是导数的应用如梯度下降法。

#### 4. **了解机器学习基础概念**
   - **定义与术语**：
     - 学习机器学习的定义、监督、无监督、半监督和强化学习的基本概念。
     - 理解模型、训练集、验证集、测试集、过拟合、欠拟合等术语。
   - **学习过程**：掌握机器学习的基本流程，从数据准备到模型训练、评估和优化。

#### 5. **学习机器学习算法**
   - **基础算法**：
     - **线性回归**：理解回归问题的本质，学习最小二乘法，实现简单和多元线性回归。
     - **逻辑回归**：学习分类问题中的应用，理解sigmoid函数的使用。
     - **决策树**和**随机森林**：学习分类和回归的树模型，理解特征选择和树的构建。
     - **支持向量机（SVM）**：理解最大 margins 的概念，学习如何处理线性和非线性数据。
   - **高级算法**：
     - **K-均值聚类**：了解无监督学习，掌握聚类方法的基本原理和应用。
     - **PCA（主成分分析）**：学习降维技术，理解其在数据预处理中的作用。
     - **神经网络和Deep Learning**：从基本的神经网络结构开始，学习前向传播、反向传播、激活函数等。

#### 6. **学习机器学习库和工具**
   - **scikit-learn**：
     - 作为机器学习的标准化库，学习各种分类、回归、聚类算法的实现。
     - 熟悉API的使用，如数据预处理、模型评估、超参数调优。
   - **TensorFlow/PyTorch**：
     - 学习深度学习框架的基本用法，从部分节点开始，逐步学习网络结构设计。
     - 理解计算图、前向传播、反向传播、优化器等概念。
   - **Keras**：
     - 作为TensorFlow的高阶API，学习快速搭建深度学习模型的方法。
   - **其他工具**：如XGBoost、LightGBM等高级调优工具，了解集成学习的概念。

#### 7. **实践项目**
   - **独立项目**：选择一个感兴趣的话题，如房价预测、用户分类、图像识别等，进行完整的机器学习项目。
     - 从数据获取、预处理、建模到评估和优化，全部实践。
   - **开源项目**：参与或 fork 开源项目，学习社区如何处理和解决实际问题。
   - **Kaggle比赛**：参与机器学习比赛，提升模型性能，或者从高得分者那里学习经验。

#### 8. **深入学习和优化**
   - **超参数调优**：学习Grid Search、Random Search、贝叶斯优化等方法，提升模型性能。
   - **模型集成**：学习投票机制、袋装法、Stacking等集成方法，提升模型的鲁棒性。
   - **过拟合与欠拟合**：学习正则化方法（L1/L2正则化）、Dropout、Early Stopping等，避免模型过拟合或欠拟合。
   - **性能评估**：掌握不同的评估指标，如准确率、召回率、F1分数、ROC-AUC曲线，根据问题选择合适的评估指标。

#### 9. **学习机器学习的扩展和最新进展**
   - **强化学习**：学习Q-learning、Deep Q-Network（DQN）等算法，探索动态决策问题。
   - **元学习和超学习**：了解如何让模型在较少数据下更快地学习，掌握元学习的概念和方法。
   - **大模型（如GPT、BERT）**：探索预训练模型的优势和应用，学习如何微调到下游任务。

#### 10. **持续学习和社区参与**
   - **阅读资料**：阅读经典教材和最新论文，了解前沿技术和应用。
   - **加入社区**：参与机器学习社区，如Stack Overflow、Reddit等，不要怕提出问题，积极学习。
   - **参加线下或线上课程**：系统化学习，有问题时回过头来解决。

#### 11. **应用到实际工作或研究**
   - **职业发展**：应用机器学习技能到实际工作中，如数据分析师、数据科学家或AI研发工程师。
   - **持续改进**：积累实际项目经验，不断改进自己的模型和算法，保持对新技术的敏感度。

#### 12. **保持耐心和持续学习**
   - **瓶颈解决**：遇到理解困难的地方，不要气馁，可以通过查阅资料、观看教程、请教他人等方式逐步解决。
   - **专注力**：机器学习涉及大量的数学和编程知识，需要保持专注，逐步深入理解。

---

通过以上步骤，你可以在学习机器学习的过程中系统地积累知识和实践经验，逐步掌握这一技术领域的精髓。
2025-06-07 16:42:49,496 - DEBUG - XiDian - Final reasoning response: 哦，如何学习机器学习！我看着这个问题，觉得有点复杂。首先，我需要了解什么是机器学习。好像它是一个让计算机从数据中学习的领域吧？听起来和我在学校学的编程有点不一样，可能涉及到数学和统计？

那么，我应该从哪里开始呢？是不是需要先掌握一些基础的编程知识？比如Python，因为很多机器学习库都是用Python写的，比如TensorFlow或者PyTorch。好，我应该先学习Python的基础语法，比如变量、数据类型、循环、条件语句这些。

然后，数学基础也很重要吧？像是线性代数、概率论和统计学这些都是机器学习中常用的数学工具。我需要复习这些数学知识，或者通过在线课程来学习。还有，数据分析也很关键，可能需要学习一些统计方法和数据可视化。

接下来，关于机器学习的基础概念，比如监督学习、无监督学习、强化学习这些，我需要清楚它们各自的定义和应用场景。监督学习好像需要有标签数据，而无监督学习可能用于聚类、PCA这些无标签的数据分析。

我应该先做一些基础的项目，比如用线性回归预测房价，或者用决策树分类。这些实践可以帮助我更好地理解机器学习的概念和应用。还有，在实践过程中，可能需要处理大量的数据，所以学习一些数据处理工具和库也会有帮助。

可能我还需要学习一些机器学习的算法，比如支持向量机、随机森林、神经网络，先理解它们的基本原理和适用场景。怎么开始呢？是不是先从简单的方法开始，比如线性回归和逻辑回归，然后逐步学习更复杂的算法？

资源方面，有哪些好的学习途径呢？如果是在网上学习，可能有Coursera、edX这些平台提供机器学习的课程，或者像Andrew Ng的《机器学习》课程，这些资源应该是很全面的。

另外，书本也是很好的学习资源。像《机器学习实战》或者《Python机器学习》这些书可能会有详细的讲解和代码示例。我觉得这些书应该可以帮我更好地理解和实践机器学习的方法。

还有一个问题是，我需要如何分配时间来学习呢？因为是刚开始学习，可能需要每天投入一定的学习时间，系统性地进行学习。先制定一个学习计划，每天学习某一特定的议题，逐步推进。

可能我还需要弄清楚机器学习的应用领域，比如在图像识别、自然语言处理这些方面的应用是什么样子的。这些应用和我的实际需求有关联吗？如果是的话，我可以有针对性地学习相关的内容。

学习过程中，可能会遇到很多问题和挑战。比如，理解某些算法的数学原理，或者是在项目中遇到数据格式的问题。这些困难如何解决呢？是不是需要多练习，相互交流，或者参加在线的学习论坛？

另外，代码实现也是一个难点。如何将理论转化为代码呢？是不是有一些库或者工具可以帮助简化过程？比如，Scikit-learn是一个机器学习的库，可能可以帮助我实现各种算法。

最后一个疑问是，如何评估自己的学习效果呢？是不是需要完成一些小项目，或者通过比赛来验证自己的能力？通过不断的实践，可以更好地掌握机器学习的知识和技能。

总之，学习机器学习是一个逐步积累的过程，需要系统地学习基础知识，实践操作，并不断解决问题和提升自己。希望我能够坚持下去，逐步掌握机器学习的方法和应用。

2025-06-07 16:42:49,514 - DEBUG - XiDian - 进入 get_experiment_record_details，整体实验ID: 1, 用户ID: 1
2025-06-07 16:42:49,517 - DEBUG - XiDian - 实验 1 共有 10 个步骤。
2025-06-07 16:42:49,518 - DEBUG - XiDian - 步骤 1: 找到记录 3，状态 'completed', 分数 95.0
2025-06-07 16:42:49,518 - DEBUG - XiDian - 步骤 2: 未找到对应记录，默认为 'pending', 分数 0.0
2025-06-07 16:42:49,518 - DEBUG - XiDian - 步骤 3: 未找到对应记录，默认为 'pending', 分数 0.0
2025-06-07 16:42:49,518 - DEBUG - XiDian - 步骤 4: 找到记录 1，状态 'completed', 分数 90.0
2025-06-07 16:42:49,519 - DEBUG - XiDian - 步骤 5: 未找到对应记录，默认为 'pending', 分数 0.0
2025-06-07 16:42:49,519 - DEBUG - XiDian - 步骤 6: 未找到对应记录，默认为 'pending', 分数 0.0
2025-06-07 16:42:49,519 - DEBUG - XiDian - 步骤 7: 未找到对应记录，默认为 'pending', 分数 0.0
2025-06-07 16:42:49,519 - DEBUG - XiDian - 步骤 8: 未找到对应记录，默认为 'pending', 分数 0.0
2025-06-07 16:42:49,519 - DEBUG - XiDian - 步骤 9: 未找到对应记录，默认为 'pending', 分数 0.0
2025-06-07 16:42:49,519 - DEBUG - XiDian - 步骤 10: 未找到对应记录，默认为 'pending', 分数 0.0
2025-06-07 16:42:49,621 - DEBUG - XiDian - 进入 get_experiment_record_details，整体实验ID: 1, 用户ID: 1
2025-06-07 16:42:49,622 - DEBUG - XiDian - 实验 1 共有 10 个步骤。
2025-06-07 16:42:49,624 - DEBUG - XiDian - 步骤 1: 找到记录 3，状态 'completed', 分数 95.0
2025-06-07 16:42:49,624 - DEBUG - XiDian - 步骤 2: 未找到对应记录，默认为 'pending', 分数 0.0
2025-06-07 16:42:49,624 - DEBUG - XiDian - 步骤 3: 未找到对应记录，默认为 'pending', 分数 0.0
2025-06-07 16:42:49,624 - DEBUG - XiDian - 步骤 4: 找到记录 1，状态 'completed', 分数 90.0
2025-06-07 16:42:49,624 - DEBUG - XiDian - 步骤 5: 未找到对应记录，默认为 'pending', 分数 0.0
2025-06-07 16:42:49,625 - DEBUG - XiDian - 步骤 6: 未找到对应记录，默认为 'pending', 分数 0.0
2025-06-07 16:42:49,625 - DEBUG - XiDian - 步骤 7: 未找到对应记录，默认为 'pending', 分数 0.0
2025-06-07 16:42:49,625 - DEBUG - XiDian - 步骤 8: 未找到对应记录，默认为 'pending', 分数 0.0
2025-06-07 16:42:49,625 - DEBUG - XiDian - 步骤 9: 未找到对应记录，默认为 'pending', 分数 0.0
2025-06-07 16:42:49,625 - DEBUG - XiDian - 步骤 10: 未找到对应记录，默认为 'pending', 分数 0.0
2025-06-07 16:42:49,853 - DEBUG - XiDian - Final response: 

学习机器学习是一个系统化的过程，需要逐步掌握以下内容和步骤：

1. **理解机器学习的基础概念**：
   - 学习什么是机器学习，了解机器学习的类型（监督学习、无监督学习、半监督学习、强化学习）。
   - 了解机器学习的工作原理：训练数据、模型、特征、目标变量。

2. **掌握编程基础**：
   - 学习Python或R编程语言，尤其是Python，因其在机器学习中应用广泛。
   - 熟悉基本的数据结构（列表、字典、元组、集合、字典）、条件语句、循环、函数、类等。

3. **学习机器学习库和工具**：
   - 掌握Python中的机器学习库如scikit-learn、pandas、matplotlib和seaborn。
   - 了解如何安装和使用这些库进行数据处理、模型训练和评估。

4. **掌握基本算法和模型**：
   - 学习线性回归（回归问题）、逻辑回归（分类问题）、决策树、随机森林、支持向量机（SVM）、k-近邻算法（KNN）等基础算法。
   - 了解每种算法的基本原理、适用场景以及优缺点。

5. **数据预处理与特征工程**：
   - 学习如何清洗和准备数据，处理缺失值、异常值、类别变量等。
   - 掌握特征工程，包括选择、提取、整合和标准化/规范化数据。

6. **模型评估与选择**：
   - 学习各种评估指标，如准确率、召回率、精确率、F1分数、混淆矩阵、ROC曲线、AUC分数等，根据不同问题选择合适的指标。
   - 了解交叉验证、网格搜索等模型选择和验证方法。

7. **实践与项目实战**：
   - 通过实际项目巩固知识，如图像分类、文本分类、回归预测等问题。
   - 尝试使用Kaggle平台上的实际比赛或公开数据集进行实战练习，提升解决问题的能力。

8. **学习数学基础**：
   - 掌握线性代数、概率论和统计学、优化算法等基础知识，为深入理解算法原理打下基础。
   - 如果有时间，可复习或学习数学基础知识，增强对机器学习算法的理解。

9. **利用优质学习资源**：
   - 阅读经典书籍如《机器学习实战》、《机器学习》等。
   - 参观优质在线课程平台如Coursera（Andrew Ng的机器学习课程）、Udemy等。
   - 参与机器学习社区和论坛，如Kaggle、Stack Overflow、Reddit等，交流学习经验，解答疑问。

10. **保持实践与持续学习**：
    - 多动手实践，通过编写代码完成实际项目，积累解决问题的经验。
    - 关注机器学习领域的最新动态和技术发展，了解前沿的算法和应用方向。
    - 参与机器学习竞赛，提升自己的排名和技能。

11. **制定学习计划**：
    - 制定详细的学习计划，明确每日或每周的学习目标。
    - 系统学习，逐步掌握从基础到复杂知识点。

通过以上步骤的系统化学习和实践，可以逐步提高机器学习的能力，并在实际应用中取得更好的效果。保持好奇心和耐心，不怕失败，持续学习，才能在机器学习的领域中不断进步。
2025-06-07 16:42:49,853 - DEBUG - XiDian - Final reasoning response: 嗯，如何学习机器学习呢？这是一个挺复杂的话题，我觉得首先得了解一下什么是机器学习。机器学习听起来像是让计算机自己学习和改进，而不是像传统编程那样由人类编写每一步程序。那机器学习具体是如何工作的呢？

我记得有人提到过监督学习和无监督学习。监督学习可能是用数据来训练模型，然后模型根据已知的答案来学习，用来预测 unseen 的数据。而无监督学习可能是让模型自己从数据中发现模式或者分组，不需要给答案。这两种方法有什么区别呢？<cog>思考中</ cog>

我想我应该先了解一下一些基础的概念，比如什么是算法、什么是模型，机器学习中的特征是什么。特征可能是用来描述数据的那些特征，比如如果训练一个模型来预测房价，特征可能是房屋的面积、卧室数量、位置等等。模型则是用来预测房价的数学方程或算法。算法就是用来训练模型的方法，比如线性回归、决策树等等。对吗？

我还不太确定具体应该如何开始学习机器学习。是不是需要先学习编程？比如掌握Python或者R？但是我好像听说过Python在机器学习中使用频率很高，尤其是有丰富的库和框架。比如像scikit-learn就是一个机器学习库，功能很多。但是我不太确定自己是否需要先学习Python编程。

除此之外，我应该理解一些基本的机器学习算法，比如线性回归、逻辑回归、支持向量机（SVM）、决策树、随机森林、聚类分析等等。这些算法各有什么特点，适合解决什么问题？我需要一一学习它们的工作原理、适用场景以及优缺点。

另外，数据也是机器学习的一个关键部分。数据的质量、数量以及处理方式都会影响模型的表现。我应该如何获取和处理数据呢？涉及哪些工具和技术？比如Pandas库用于处理数据表格，Matplotlib和Seaborn用于数据可视化。数据预处理包括数据清洗、特征工程、数据归一化等等。我得慢慢掌握这些技能。

我还听说机器学习模型的评估也很重要。如何评估模型的性能？准确率、召回率、精确率、F1分数等等，这些指标都有什么意义？如何选择合适的评估指标呢？不同的模型可能需要不同的评估方法。

哇，这确实是不少东西需要学习。但我应该怎么系统地安排学习时间？是不是应该按照从基础到复杂的方式，逐步深入？比如先学习编程基础，然后是机器学习基础概念，接着是具体算法，之后是数据处理与预处理，最后是模型评估和应用？

在编程基础方面，我需要掌握Python的基本语法：变量、数据类型、循环、条件判断、函数等等。此外，还需学习一些机器学习库的使用，比如scikit-learn、pandas、matplotlib等。没有良好的编程基础，机器学习的学习可能会比较吃力。

在机器学习基础知识方面，我需要理解一些基本概念，比如监督学习、无监督学习、半监督学习与强化学习的区别。模型训练的基本流程，包括训练、验证、测试等环节。特征工程的重要性，如何选择和提取有用的特征。过拟合与欠拟合是什么问题，如何解决这些问题。

关于具体算法，我先从线性回归开始，这是一个经典的算法，适用于回归问题。然后是logistic回归，用于分类问题。接着可以学习决策树和随机森林，这两种树模型在分类和回归中都有广泛应用。支持向量机在分类中表现也不错，但需要理解它的几何原理。如果有机会，还可以学习神经网络和深度学习，这是机器学习的前沿领域。

数据预处理方面，我需要了解如何清洗数据，处理缺失值和异常值，对数据进行归一化或标准化处理，进行主成分分析（PCA）等特征降维。图像数据的处理，如像素化、归一化等，也应该学习一下。

模型评估方面，需要掌握各种评估指标的选择和应用，比如在分类问题中使用混淆矩阵、ROC曲线、AUC分数；在回归问题中使用均方误差（MSE）、均方根误差（RMSE）、决定系数（R²）等等。模型选择与验证方法，如交叉验证、网格搜索等，帮助选择最佳的模型参数和特征。

在实践应用方面，我需要通过实际项目来巩固所学知识，选择一个感兴趣的领域，如图像分类、自然语言处理、推荐系统、医疗数据分析等等。动手操作非常重要，可以通过Kaggle平台进行实战训练，参与竞赛，提升自己的技能。

此外，了解一些机器学习的数学基础也有助于深入理解算法。线性代数、概率论和统计学、优化算法等，这些数学知识是机器学习的基础。如果有机会，可以专门学习或复习这些数学知识，为机器学习的学习打下坚实的基础。

学习资源方面，有很多优秀的书籍、在线课程和文档可以帮助学习。例如，《机器学习实战》、《数学基础》、Coursera上的Andrew Ng的机器学习课程等等。参与社区和论坛，如Stack Overflow、Reddit、Kaggle forums，可以与他人交流学习经验，解答疑惑。同时，多看些博客文章和教程，不断积累经验。实践是最有效的学习方式，就是通过项目来应用所学的知识，不断改进和总结。

哦，对了，时间管理也很重要。学习机器学习需要投入大量的时间和精力，不能急于求成。制定一个合理的学习计划，每天或每周设定学习目标，逐步推进每个知识点，避免临时抱佛脚。

总的来说，学习机器学习是一个循序渐进的过程，需要系统地掌握基础知识，逐步深入学习具体算法，熟练掌握数据预处理和模型评估技巧，通过实践项目的积累提升实战能力。同时，保持好奇心和耐心，不怕失败，持续学习更新知识，才能在机器学习的领域中不断进步。

2025-06-07 16:42:49,958 - DEBUG - XiDian - 进入 get_experiment_record_details，整体实验ID: 1, 用户ID: 1
2025-06-07 16:42:49,960 - DEBUG - XiDian - 实验 1 共有 10 个步骤。
2025-06-07 16:42:49,960 - DEBUG - XiDian - 步骤 1: 找到记录 3，状态 'completed', 分数 95.0
2025-06-07 16:42:49,960 - DEBUG - XiDian - 步骤 2: 未找到对应记录，默认为 'pending', 分数 0.0
2025-06-07 16:42:49,961 - DEBUG - XiDian - 步骤 3: 未找到对应记录，默认为 'pending', 分数 0.0
2025-06-07 16:42:49,961 - DEBUG - XiDian - 步骤 4: 找到记录 1，状态 'completed', 分数 90.0
2025-06-07 16:42:49,961 - DEBUG - XiDian - 步骤 5: 未找到对应记录，默认为 'pending', 分数 0.0
2025-06-07 16:42:49,961 - DEBUG - XiDian - 步骤 6: 未找到对应记录，默认为 'pending', 分数 0.0
2025-06-07 16:42:49,961 - DEBUG - XiDian - 步骤 7: 未找到对应记录，默认为 'pending', 分数 0.0
2025-06-07 16:42:49,962 - DEBUG - XiDian - 步骤 8: 未找到对应记录，默认为 'pending', 分数 0.0
2025-06-07 16:42:49,962 - DEBUG - XiDian - 步骤 9: 未找到对应记录，默认为 'pending', 分数 0.0
2025-06-07 16:42:49,962 - DEBUG - XiDian - 步骤 10: 未找到对应记录，默认为 'pending', 分数 0.0
2025-06-07 16:42:50,165 - DEBUG - XiDian - Final response: 

学习机器学习是一个需要系统规划和持续努力的过程。以下是为您量身定制的学习计划和建议，帮助您逐步掌握机器学习的核心知识和技能：

---

### **学习计划**

#### **阶段1：基础知识入门**
目标：理解机器学习的基本概念和术语，掌握必要的数学基础。

1. **学习目标**
   - 理解机器学习的定义、分类（监督学习、无监督学习、半监督学习等）。
   - 掌握线性代数、统计学、概率论和微积分的基本概念。
   - 学习 Python 基础编程知识。

2. **学习资源**
   - **书籍**：《机器学习入门》（机器学习 Machine Learning）by Aurélien Géron。
   - **在线课程**：Andrew Ng 的《机器学习》课程（Coursera）。
   - **数学基础**：Khan Academy 的线性代数、概率统计和微积分课程。

3. **实践建议**
   - 安装 Python 和常用库（如 Pandas、NumPy、Scikit-learn、Matplotlib 等）。
   - 通过 Kaggle 平台参与一些基础的机器学习比赛，熟悉数据集和模型集成。

#### **阶段2：数据处理与特征工程**
目标：掌握数据预处理和特征工程的方法。

1. **学习目标**
   - 了解数据清洗（处理缺失值、处理异常值、数据转换等）。
   - 掌握特征工程（如特征提取、特征选择和工程）。
   - 掌握数据可视化技术（用 Matplotlib 和 Seaborn 表现数据）。

2. **学习资源**
   - **书籍**：《Python数据科学手冊》（Python Data Science Handbook）。
   - **教程**：Kaggle 的 "Titanic: Machine Learning从Beginner到Advanced" 教程。
   - **工具**：Pandas 的数据操作函数，Matplotlib 和 Seaborn 的数据可视化工具。

3. **实践建议**
   - 使用 Pandas 实践数据清洗和预处理，尝试将数据转换为适合模型输入的数据格式。
   - 在 Kaggle 上的Titanic项目中应用特征工程。

---

### **阶段3：基础机器学习算法**
目标：掌握几种经典的机器学习算法，理解它们的原理和应用。

1. **学习目标**
   - 学习线性回归、逻辑回归、决策树、随机森林、SVM、KNN 和神经网络等算法。
   - 理解每个算法的工作原理、应用场景和优缺点。

2. **学习资源**
   - **书籍**：《机器学习实战》（机器学习 Practical Machine Learning）。
   - **教程**：ummies 网站的机器学习教程，简明扼要。
   - **示例代码**：通过 Scikit-learn 官方文档学习如何调用和设置各种算法。

3. **实践建议**
   - 对比不同算法在相同数据集上的表现，了解它们的适用场景。
   - 在Kaggle上应用这些算法，观察模型的表现。

---

### **阶段4：模型评估与调优**
目标：掌握评估机器学习模型性能的方法，学习模型调优技巧。

1. **学习目标**
   - 了解分类器评估指标（如准确率、精确率、召回率、F1分数、ROC-AUC）。
   - 掌握模型调优的方法（如网格搜索、随机搜索）。

2. **学习资源**
   - 网上关于分类模型评估的教程和案例。
   - Scikit-learn 中的模型评估模块（如 `accuracy_score`、`precision_score` 等）。

3. **实践建议**
   - 分析模型评估指标，根据业务需求选择合适的指标。
   - 在Kaggle上尝试模型调优，提高模型预测效果。

---

### **阶段5：高级机器学习**
目标：扩展到更复杂的技术和实际项目应用。

1. **学习目标**
   - 掌握更高级的技术，如梯度下降、过拟合与正则化（Lasso、Ridge回归）、集成学习（随机森林、提升方法）。
   - 了解神经网络和深度学习的基础知识。

2. **学习资源**
   - **书籍**：Deep Learning by Ian Goodfellow。
   - **在线课程**：DeepLearning.AI 的《深度学习专项课程》。
   - **框架教程**：TensorFlow 和 PyTorch 的入门教程。

3. **实践建议**
   - 在Kaggle上参与手写数字识别、图像分类等比赛，尝试应用凸 Yazid 复杂模型。
   - 用TensorFlow 或 PyTorch 开发简单的深度学习模型。

---

### **实践项目建议**

1. **Kaggle项目**
   - 尝试Kaggle上的经典项目，从“Titanic:机器学习从笨新 gs”开始。
   - 关注优秀玩家的教程和代码，学习他们是如何精进模型的。

2. **真实项目**
   - 结合自己的兴趣或职业需求，开展实际机器学习项目。
   - 例如：预测房价、识别手写数字、垃圾邮件分类等。

3. **参赛与分享**
   - 参与Kaggle比赛，查看排行榜上的解决方案，学习它们的优缺点。
   - 在GitHub上分享自己的代码和分析报告，得到反馈。

---

### **阶段6：持续学习与实践**
目标：保持对新技术的敏感度，持续提升自己的技能。

1. **定期学习**
   - 每周阅读机器学习相关文章，关注行业动态。
   - 参加线上会议或聚会，如机器学习社区的 meetup 会。

2. **实践积累**
   - 完成多个实际项目，特别是在感兴趣的应用场景中。
   - 输出一份简洁的机器学习项目报告，记录探索过程和发现。

---

### **总结**
学习机器学习是一个循序渐进的过程，需要从基础知识入手，逐步掌握算法和实践技巧。通过定期学习、实践和项目积累，您可以奠定坚实的基础，逐步提升自己的机器学习能力。记住，实践是掌握机器学习的核心捷径，保持好奇心和耐心，您很快就能在这个领域中找到自己的位置。
2025-06-07 16:42:50,169 - DEBUG - XiDian - Final reasoning response: 今天，我决定开始学习机器学习。我对机器学习还不是很了解，但我知道它是一个非常热门的领域，许多年轻人正在进入这个领域工作。我想知道，作为一个刚开始学习的人，应该从哪里开始，需要学习哪些基础知识，以及如何一步步深入掌握机器学习。

首先，我需要明确机器学习的基本概念。机器学习是让计算机能够在没有人类干预的情况下，通过分析训练数据来做出决策或预测的科学。它通常分为监督学习、无监督学习、半监督学习和支持向量机等主要类型。我需要更深入地理解这些概念。

然后，我意识到要学习机器学习，必须掌握一些基础的数学知识。例如，线性代数、微积分、概率论和统计学，这些都是机器学习的重要基础。但是，我对这些数学知识有点生疏，可能需要从头开始复习。我记得线性代数中有一些矩阵和向量的内容，而微积分包括导数和积分的概念，概率论和统计学则涉及到随机变量、分布以及统计推断等。这些听起来都挺重要的，但具体怎么用在机器学习里，我还不太清楚。

接下来，数据处理和特征工程是机器学习中的关键部分。我听到过“ garbage in, garbage out”这句俗语，意思是input数据的质量直接影响output的结果。因此，我觉得需要掌握如何收集、清洗和预处理数据，以及如何提取有用的特征。但我不确定具体该如何操作，数据清洗包括去除缺失值、处理异常值、数据转换等，这些步骤听起来都很繁琐，需要什么工具来处理呢？可能涉及到Python中的Pandas库或者其他工具。

然后，机器学习算法是学习的核心部分。我需要学习一些基础的算法，比如线性回归、逻辑回归、决策树、随机森林、Support Vector Machines（SVM）、k-Nearest Neighbors（KNN）和神经网络。每个算法背后有不同的原理和应用场景，我觉得需要逐一深入学习它们的工作原理、优缺点以及如何应用它们来解决实际问题。但是，这么多算法，一开始应该如何选择来学习呢？是否需要按照某种顺序来学习，还是可以自由选择？

另外，评估模型性能也是不可或缺的一环。我了解常用的评估指标，比如准确率、精确率、召回率、F1分数和 ROC-AUC曲线等，但我不确定如何在不同的场景下选择合适的评估指标，以及如何通过交叉验证等方法来确保模型的泛化能力。

实践也是学习机器学习的重要部分。我需要通过实际项目来应用所学的理论知识，从数据收集到模型训练和评估。但刚开始的时候，数据可能不够，或者项目复杂度高，不知道如何下手。是否需要先从简单的 Kaggle 项目开始，或者是选择一个真实的业务问题来解决？

最后，机器学习的前沿技术和发展趋势也是一个值得探索的方向。我听说强化学习、生成对抗网络（GAN）、元学习等新技术正在快速 emergence，并且在各个领域得到广泛应用。但对于我这样的初学者来说，应该先打好基础，再逐步深入这些前沿技术。

总的来说，我需要一个系统的学习计划，覆盖从基础知识到实践应用的全过程，逐步积累和提升自己的机器学习能力。

2025-06-07 16:42:50,288 - DEBUG - XiDian - 进入 get_experiment_record_details，整体实验ID: 1, 用户ID: 1
2025-06-07 16:42:50,290 - DEBUG - XiDian - 实验 1 共有 10 个步骤。
2025-06-07 16:42:50,291 - DEBUG - XiDian - 步骤 1: 找到记录 3，状态 'completed', 分数 95.0
2025-06-07 16:42:50,291 - DEBUG - XiDian - 步骤 2: 未找到对应记录，默认为 'pending', 分数 0.0
2025-06-07 16:42:50,291 - DEBUG - XiDian - 步骤 3: 未找到对应记录，默认为 'pending', 分数 0.0
2025-06-07 16:42:50,291 - DEBUG - XiDian - 步骤 4: 找到记录 1，状态 'completed', 分数 90.0
2025-06-07 16:42:50,291 - DEBUG - XiDian - 步骤 5: 未找到对应记录，默认为 'pending', 分数 0.0
2025-06-07 16:42:50,292 - DEBUG - XiDian - 步骤 6: 未找到对应记录，默认为 'pending', 分数 0.0
2025-06-07 16:42:50,292 - DEBUG - XiDian - 步骤 7: 未找到对应记录，默认为 'pending', 分数 0.0
2025-06-07 16:42:50,292 - DEBUG - XiDian - 步骤 8: 未找到对应记录，默认为 'pending', 分数 0.0
2025-06-07 16:42:50,292 - DEBUG - XiDian - 步骤 9: 未找到对应记录，默认为 'pending', 分数 0.0
2025-06-07 16:42:50,292 - DEBUG - XiDian - 步骤 10: 未找到对应记录，默认为 'pending', 分数 0.0
2025-06-07 16:42:50,436 - DEBUG - XiDian - Final response: 

### 学习机器学习的分步指南

1. **制定学习计划**
   - **时间安排**：确定每周的学习时间，合理分配每个模块的学习时间。
   - **学习目标**：明确短期和长期的学习目标，例如掌握基础概念、应用常见算法或参与实际项目。
   - **资源选择**：选择合适的学习资料和工具，如书籍、在线课程、博客和代码库。

2. **数学基础的学习**
   - **线性代数**：学习向量、矩阵、特征值等基本概念，理解它们在机器学习中的应用。
   - **概率论与统计学**：掌握概率分布、期望、方差、协方差等概念，理解统计推断的基础。
   - **微积分**：了解导数、梯度、优化方法（如梯度下降）的基本原理，在算法实现中应用。

3. **编程基础的掌握**
   - **Python编程**：熟练掌握Python的基本语法，学习数据结构、函数、模块和面向对象编程。
   - **常用库的学习**：
     - **NumPy**：进行高效多维数组操作。
     - **Pandas**：进行数据处理和分析。
     - **Matplotlib/Seaborn**：进行数据可视化。
     - **Scikit-learn**：机器学习的基础库，用于实现各种算法。
     - **TensorFlow/PyTorch**：深度学习框架，适合复杂模型的构建和训练。

4. **机器学习基础的学习**
   - **概念理解**：了解机器学习的定义、分类（监督、无监督、半监督）、应用场景。
   - **机器学习流程**：掌握从数据准备、模型选择、训练、评估到部署的完整流程。
   - **过拟合与正则化**：理解过拟合问题及其解决方案，学习正则化技术（如L1、L2正则化）。

5. **具体算法的学习**
   - **基础算法**：从简单算法开始，如线性回归、Logistic回归、决策树、随机森林、k-近邻算法、支持向量机（SVM）等。
     - 学习每个算法的原理、优缺点、适用场景。
     - 实践中实现这些算法，通过手动生成数据集来验证理解和代码实现。
   - **深度学习**：在掌握了传统机器学习算法的基础上，学习神经网络和深度学习的基础，比如使用TensorFlow或PyTorch进行图像分类、自然语言处理等任务。

6. **实践与项目积累**
   - **实践项目**：选择适合自己的落地项目，如图像分类、文本分类、预测建模等。
   - **数据集获取**：理解不同领域的数据集（如Kaggle上的竞赛数据集、公开数据集）的设计和使用。
   - **特征工程**：进行数据分析、可视化，提取和工程化特征，提升模型性能。
   - **模型调优**：通过调参、网格搜索、交叉验证等方式优化模型，提高准确率和其他评价指标。

7. **进阶学习**
   - **高级算法**：学习更深的算法，如深度学习、生成对抗网络（GAN）、强化学习、强化学习等。
   - **集成学习**：掌握投票法、提升方法（如Bagging、Boosting）提升模型性能。
   - **强化学习**：理解状态、动作、奖励等概念，应用在游戏控制、机器人控制等场景。
   - **强化学习入门**：学习Q学习、Deep Q-Network（DQN）等基础算法。

8. **模型评估与解释**
   - **评估指标**：掌握分类模型准确率、召回率、F1分数；回归模型均方误差（MSE）、均方根误差（RMSE）、决定系数（R²）等。
   - **模型解释性**：理解特征重要性分析，使用SHAP值或LIME等方法解释模型预测结果。

9. **部署与应用**
   - **模型部署**：学习使用Flask、Django等框架，将训练好的模型打包为API，进行API集成。
   - **模型优化**：进行模型压缩、量化处理，来提升模型在移动端或低资源环境下的运行效率。
   - **模型监控和维护**：建立模型监控机制，监控模型性能，定期重新训练更新模型。

10. **持续学习与社区参与**
    - **新技术跟进**：关注机器学习领域的最新动态和发展趋势。
    - **参与社区和竞赛**：加入Kaggle、LeetCode等平台上的竞赛，与他人交流学习经验。
    - **阅读前沿论文**：学习阅读和理解机器学习领域的论文，掌握最新的研究成果和进展。

11. **总结与反思**
    - 定期总结自己的学习进展和遇到的问题，及时调整学习计划。
    - 反思在学习过程中遇到的困难，思考如何逐步克服，找到改进之处。
    - 通过不断反思和调整，提升自我的学习能力和机器学习的应用水平。

通过以上分步学习指南，你可以系统地从数学基础、编程基础、机器学习基础，逐步深入到具体算法的应用和实际项目，最终达到掌握机器学习的目的。关键在于坚持、实践和不断学习，因为机器学习是一个不断发展的领域，需要持续关注和更新。
2025-06-07 16:42:50,447 - DEBUG - XiDian - Final reasoning response: 嗯，好吧，我得想想怎么开始学习机器学习。我听说过机器学习，但具体是什么，我还不太清楚。我记得以前学过一点编程，比如Python，可能可以用到这个领域吧？但我对它的结构和原理还有点模糊。

首先，我应该了解机器学习的基本概念。机器学习是什么？它涉及到什么内容？是不是关于让计算机从数据中学习的？好像是的。我还知道机器学习分为监督学习和无监督学习。监督学习好像就是给计算机带标签的数据，让它根据这些标签预测未知的情况。而无监督学习可能就是让计算机自己从数据中发现模式。

然后，机器学习需要哪些数学知识呢？我之前学过一些线性代数、概率论和统计学，但是可能还没深入得用。线性代数中的向量和矩阵在机器学习中应该很重要吧。毕竟很多算法都涉及多维数据，向量和矩阵的操作应该是基础。

接着，编程语言方面，我主要会Python，应该要深入学习吗？听说过NumPy和Pandas这两个库，它们在数据处理中很常用。Scikit-learn可能也是机器学习中的常用库，可以用来实现各种算法。

机器学习的流程是怎样的？我想大概包括数据预处理、选择模型、训练模型、评估模型和部署模型。数据预处理可能包括数据清洗、特征工程等。选择模型的话，有很多算法可以选择，比如线性回归、决策树、支持向量机等等。训练模型就是通过给定的数据，让模型找到规律。评估模型的话，需要有一些评价指标，像准确率、召回率、F1分数等。部署模型则是将训练好的模型应用到实际问题中去。

那么具体的学习步骤是什么呢？我觉得可以从学习基础开始。先深入理解线性代数、概率论和统计学，这些是机器学习的基础。然后是编程，主要学Python，并熟悉相关的库。接着是理解机器学习的基本概念和流程。再学习具体的数据分析和处理，使用Pandas等库来处理数据。然后选择一个具体的模型，比如线性回归，学习它的数学基础和实现细节。接着是实践，自己动手实现一个小项目，从数据获取到模型训练，再到结果评估。最后可以学习一些更高级的算法和优化技巧。

在学习过程中，可能会遇到很多疑问和困难。比如，为什么某些算法比其他算法更适合特定的问题？如何选择合适的模型和参数？如何避免过拟合？这些问题可能需要通过实践和不断的学习来解决。

另外，寻找合适的资源也很重要。是否有好的教材或在线课程？是不是有很多教程和实战项目可以参考？遇到问题时，是通过自我查阅资料，还是需要寻求社区的帮助？如何有效地进行自我学习和寻求帮助？

还有，实践真的很重要。理论再多，如果不动手实现，还是很难真正掌握机器学习。所以，建议尽量多地进行实际项目，积累经验。同时，可以参加比赛或加入社区，与其他学习者交流，获取反馈和建议。

总的来说，学习机器学习需要系统的知识学习，结合实践和不断优化。尽管过程可能会有困难和挑战，但保持好奇心和毅力，逐步积累经验，应该能够逐步掌握机器学习的精髓。

接下来，我应该具体按照哪一个顺序来进行学习呢？是否应该先从基础的数学知识开始，还是直接动手写代码？我觉得先打好基础是关键，这样在理解算法时才能更加深入。尤其是在学习线性代数和统计学时，这些数学知识对于理解机器学习的原理非常重要。然后是编程基础，尤其是Python，掌握一些基本语法和常用的库。等数学和编程基础差不多掌握之后，再系统地学习机器学习的各个模块和算法。

此外，是否有推荐的书籍或者课程？我是否有足够的资源来支持我的学习？互联网上有很多资源，但选择可靠的和有帮助的资料也很重要。

最后，如何评估自己的学习效果呢？是否有测试题或项目可以用来检验自己的掌握程度？是否需要定期复习和总结所学的内容？如何处理在学习过程中可能出现的知识遗忘或技术进步带来的更新需求？

总的来说，学习机器学习需要制定一个详细的学习计划，逐步掌握所需的知识和技能，同时注重实践和不断优化。这是一个需要耐心和持续努力的过程，通过坚持和不断学习，相信自己可以逐步掌握机器学习的魅力和应用。

2025-06-07 16:42:50,475 - DEBUG - XiDian - Final response: 

学习机器学习是一个渐进的过程，需要系统地掌握基础知识、实践操作和技术原理。以下是学习机器学习的分步指南：

### 1. 学习基础数学知识

**（a）线性代数**

- 掌握向量、矩阵、线性方程组等基本概念，理解数据在高维空间中的表示。

**（b）概率与统计**

- 学习概率分布、期望、方差、协方差等统计概念，理解数据的分布特性。

**（c）微积分**

- 掌握导数、梯度、多元微积分等知识，了解函数的极值和变化趋势。

### 2. 掌握编程基础

**（a）Python编程**

- 熟练掌握Python语法，尤其是列表、字典、循环、条件语句等基础知识。

**（b）安装和使用库**

- 学习安装和使用常用数据科学库，如NumPy、Pandas、Matplotlib等，以及机器学习库如Scikit-learn。

### 3. 学习机器学习基础概念

**（a）理解机器学习**

- 学习监督学习、无监督学习、强化学习的基本概念和应用场景。

**（b）基本算法**

- 学习线性回归、逻辑回归、支持向量机、决策树等基本算法及其应用场景。

### 4. 机器学习流程

**（a）数据收集与预处理**

- 学习如何有效地收集数据，并进行清洗、预处理，包括填补缺失值、去除噪音数据等。

**（b）特征工程**

- 掌握特征选择、特征缩放、特征降维等技术，提升模型性能。

**（c）模型选择与训练**

- 学习通过Scikit-learn选择合适的机器学习模型，并训练模型。

**（d）模型评估**

- 了解如何评估模型性能，选择合适的评估指标，并通过交叉验证等方法提高模型可靠性。

### 5. 实践与项目

**（a）公开数据集**

- 使用公开可用的数据集如Kaggle、UCI Machine Learning Repository上的数据集进行实践。

**（b）逐步学习与实现**

- 从简单的回归、分类任务开始，逐步挑战更复杂的问题。

**（c）记录与总结**

- 每次完成后，记录下来代码、思路，总结经验教训，便于以后复习和提升。

### 6. 深入学习与优化

**（a）优化算法**

- 学习梯度下降、随机梯度下降、贝叶斯优化等方法，提升算法的收敛速度和效果。

**（b）模型调优**

- 学习超参数调优方法，如GridSearchCV、RandomizedSearchCV等，找到最佳模型参数。

**（c）集成学习**

- 了解集成学习方法，如随机森林、梯度提升机，提高模型的泛化能力。

### 7. 参与社区与交流

**（a）参与论坛与社区**

- 加入机器学习相关的社区和论坛，如Stack Overflow、Reddit、Kaggle Discourse，参与讨论，学习他人经验和解决遇到的问题。

**（b）参加比赛**

- 参加机器学习比赛，如Kaggle competitions，通过实际操作提升技能，学习团队合作的经验。

### 8. 持续学习与更新

**（a）跟进新技术**

- 关注机器学习领域的最新研究与技术，如深度学习、强化学习的新算法和模型。

**（b）阅读文献**

- 阅读权威书籍和论文，如《机器学习实战》、《Pattern Recognition and Machine Learning》，学习理论基础。

**（c）应用与创新**

- 将所学知识应用到实际项目中，尝试进行创新，解决新的问题。

### 9. 总结与反思

**（a）定期复盘**

- 定期回顾自己学习的进程，反思哪里做得好，哪里需要改进，调整学习计划。

**（b）设定目标**

- 根据个人兴趣和职业发展需求，设定明确的学习目标，有计划地推进学习内容。

**（c）保持积极心态**

- 面对困难和挫折，保持积极的心态，认识到学习是一个不断失败并从中吸取教训的过程。

通过以上分步学习指南，可以系统地学习和掌握机器学习的知识和技能，从而在实际应用中自如地运用机器学习技术，解决各种问题。
2025-06-07 16:42:50,481 - DEBUG - XiDian - Final reasoning response: 嗯，学习机器学习，这真有点复杂啊。我刚开始接触这个领域，对很多概念不太了解。首先，我需要搞清楚什么是机器学习，它是如何工作的，还有有哪些不同的机器学习方法。听说机器学习可以用在很多地方，比如推荐系统，自动驾驶汽车，还有天气预报等等。但是具体它是如何实现这些功能的，我还不是很清楚。

我记得之前学过一些编程，比如Python，应该可以用Python来实现机器学习。但是Python的语法比C++或者Java简单得多，机器学习的算法又很多，比如线性回归、支持向量机、决策树等等，这些听起来都像是高大上的词汇。我得从基础开始学起。

首先，我应该先掌握一些基础的数学知识，像线性代数、概率统计这些，因为这些在机器学习中好像是基石。但是现在我对这些数学知识掌握得还不是很好，可能需要花时间复习一下。或者，可以通过学习机器学习的课程，这些课程通常会涵盖相关的数学知识，这样就不用我单独花时间复习了。

然后，编写代码是机器学习过程中不可或缺的一环。但是代码对我来说还是有点难度，不知道如何设计算法和实现它们。我听说过Scikit-learn这个库，听说它功能很强大，适合用来进行机器学习的模型选择和评估。maybe我可以先从这个库开始，因为它已经有很多现成的函数和模型，不需要自己从零开始。另外，Pandas和NumPy这些库似乎是数据分析和计算的基础工具，可能也需要学习一下。

我记得机器学习的流程大致是这样的：首先收集数据，然后预处理数据，接着训练模型，然后测试模型，最后部署模型。这个流程看起来很简单，但是每一步都非常重要。我需要了解如何高效地收集和处理不同类型的数据显示。有时候数据是不完全的或者有噪音的，我需要知道如何清洗数据，如何填补缺失值，如何处理异常值等等。

在分析数据时，可能需要使用一些可视化工具，比如Matplotlib或者Seaborn，画一些图表来理解数据中的趋势和分布。这部分我之前也接触过，但可能需要花一些时间练习如何更好地进行数据可视化。

现在，我对机器学习的几个关键部分还没很了解：监督学习、无监督学习、强化学习，这些有什么区别和联系？听说监督学习需要使用标签数据，无监督学习则可以自动发现数据中的结构，而强化学习是关于智能体在环境中进行交互并学习策略的。可能需要分别学习这三个类型的算法和应用场景。

具体来说，回归算法，比如线性回归，是用来预测连续值的，比如房价预测。分类算法，比如逻辑回归或支持向量机，是用来分类不同类别的数据的。聚类算法，比如K-means，是用来将数据分成几个簇的。这些算法都有不同的应用场景，我需要学习它们的特点和适用情况。

在学习这些算法的时候，练习是非常重要的。我想我应该从基础的算法开始，比如线性回归和逻辑回归，然后逐步学习更复杂的方法。每次学习完一个新的算法后，可以尝试用Scikit-learn来实现它，并处理一些实际的数据集，看看效果如何。这样可以巩固理论知识，同时也能提高编程技能。

当然，机器学习不仅仅依靠算法，数据质量也很重要。好的数据集可以提高模型的准确性和泛化能力，而坏数据反而会导致模型 performance下降。我需要在数据收集的阶段，不仅要关注数据的量，还要关注数据的质量和代表性。可能还要进行一些数据清洗和预处理工作，如去掉噪音数据，填补缺失值，标准化或归一化数据等。

除了理论和实践，我还应该了解一下机器学习的背后的数学原理。虽然在应用过程中可能不需要深入掌握所有的数学公式，但了解某些关键概念还是有帮助的。比如，理解线性回归中的损失函数和梯度下降算法，有助于更好地理解这些算法的工作原理和优化方法。

另外，机器学习的模型评估也非常关键。不同的评估指标适用于不同的问题，比如在分类问题中使用准确率、召回率还是F1分数；在回归问题中使用均方误差还是R平方。了解这些指标有助于选择适合的模型和调整模型参数。

我还可以参加一些在线课程，像Coursera、Udacity或者edX提供的机器学习课程，这些课程通常会有视频讲解和实践项目，非常适合自学。另外，社区交流也很重要，通过参与论坛或者加入机器学习的社群，可以和其他学习者交流经验，解决遇到的问题。

在实践过程中，记录和总结也是我需要做的一部分。每次完成一个项目后，把整个过程整理一下，记录使用的算法、参数设置、数据预处理步骤以及得到的结果。这不仅可以帮助我更好地理解和巩固所学知识，还可能为未来学习新知识提供参考。

最后，不要害怕犯错误，机器学习是一个不断优化和改进的过程。通过不断尝试和调整，积累经验，逐步提高自己的机器学习能力。

总之，学习机器学习需要时间和耐心，需要系统地学习基础知识，实践操作，理解算法原理，并逐步挑战更复杂的问题。我相信，只要坚持下去，并且不断学习和改进，我一定能够在机器学习领域有所进步。

2025-06-07 16:42:50,505 - DEBUG - XiDian - Final response: 

学习机器学习是一个系统化的过程，需要从基础知识开始，逐步深入，结合实践和项目来强化理解。以下是一个详细的指南，帮助你从零开始学习机器学习：

---

### **1. 确定学习目标**
- 明确你想通过学习机器学习达到什么目的（例如：了解基础概念，掌握算法，实现特定项目，或者进入这个行业工作）。
- 根据目标选择适合的学习路径（例如：如果目标是掌握基础算法，可以优先学习统计学习和基础模型；如果目标是接触深度学习，可以先了解神经网络的基本原理）。

---

### **2. 学习基础知识**
机器学习的基础知识包括编程、数学、算法和数据科学基础。

#### **2.1 学习编程**
- **语言选择**：Python 是机器学习领域最常用的编程语言，因为它的生态友好、语法简洁且有丰富的机器学习库（如 Scikit-learn、TensorFlow 等）。
- **编程基础**：
  - 学习 Python 的基本语法、数据结构（列表、字典、元组等）、函数和模块。
  - 学习 `Jupyter Notebook`，这是机器学习和数据分析中常用的强大工具。
  - 练习编写简单的脚本（例如：读取文件、处理数据、绘制图表）。

#### **2.2 学习数学**
机器学习的核心算法依赖于数学知识，尤其是线性代数、概率统计和微积分。

- **线性代数**：理解向量、矩阵、特征值和奇异值分解等概念。
- **概率与统计**：了解概率分布、假设检验、贝叶斯定理等。
- **微积分**：掌握导数、梯度、链式法则等概念，因为机器学习算法通常涉及优化（如梯度下降）。

#### **2.3 学习数据预处理**
机器学习的实际应用中，数据预处理是非常重要的一步。

- 数据清洗：处理缺失值、重复数据等。
- 数据转换：标准化、归一化、编码（例如：将字符串转换为数值，处理类别变量）。
- 数据可视化：使用 `Matplotlib` 或 `Seaborn` 等工具绘制图表，帮助理解数据分布。

---

### **3. 学习机器学习基础知识**
#### **3.1 理解机器学习的概念**
- **机器学习的定义**：机器学习是指通过数据训练模型，从而能够执行特定任务的算法。
- **机器学习的分类**：
  - **监督学习**：利用标签数据进行训练（回归、分类）。
  - **无监督学习**：利用未标签的数据进行分析（聚类、降维）。
  - **半监督学习**：结合标签和未标签数据进行学习。
  - **强化学习**：通过试错过程学习最优策略。
- **机器学习的工作流程**：
  1. 数据准备
  2. 特征工程
  3. 算法选择
  4. 模型训练
  5. 模型评估
  6. 模型优化
  7. 部署和监控

#### **3.2 学习基本算法**
机器学习中有许多经典的算法，了解这些算法及其应用场景是学习的基础。

| **算法**             | **适用场景**                   | **实现工具**           |
|----------------------|----------------------------------|------------------------|
| 线性回归             | 回归问题（预测连续值）          | Scikit-learn         |
| 逻辑回归             | 分类问题（二分类）              | Scikit-learn         |
| 支持向量机 (SVM)     | 分类和回归问题                | Scikit-learn         |
| 决策树               | 分类、回归和特征选择          | Scikit-learn         |
| 随机森林             | 分类、回归和特征重要性         | Scikit-learn         |
| 集成学习（Ensemble）   | 提高模型性能（分类、回归）      | 随机森林、梯度提升机  |
| K-近邻分类 (KNN)     | 分类和回归问题                | Scikit-learn         |
| 神经网络             | 回归、分类、序列建模          | TensorFlow/Keras      |
| 半监督学习           | 仅有一部分标签的数据          | Scikit-learn         |
| 强化学习             | 环境中执行序列行动            | Gym                  |

---

### **4. 实践与项目**
学习机器学习的最佳方式是通过实践来加深理解。选择一个项目或数据集，尝试实现基础算法。

#### **4.1 数据集选择**
- **公共数据集**：可以从 Kaggle、UCI Machine Learning Repository 或 Playground 等平台获取数据。
  - 例如：Titanic 数据集（分类问题）、房价预测（回归问题）。
- **自定义数据集**：根据你的兴趣选择数据（如手写数字数据集 MNIST、图像分类数据集 CIFAR-10 等）。

#### **4.2 完成第一个项目**
- **目标**：使用基础算法（如线性回归、决策树）对数据集进行建模。
- **步骤**：
  1. 加载数据集并进行预处理。
  2. 划分训练集和测试集。
  3. 选择模型并训练。
  4. 评估模型性能。
  5. 优化模型（调整参数、过拟合处理等）。

#### **4.3 使用工具和框架**
- **Scikit-learn**：一个基本的机器学习库，适合快速尝试模型。
- **TensorFlow/Keras**：一个高级的深度学习框架，适合复杂任务。
- **Jupyter Notebook**：用于编写代码和可视化。

---

### **5. 深入学习**
如果你想更深入地学习机器学习，可以探索以下方向：

#### **5.1 深度学习与神经网络**
- 学习人工神经网络（ANN）、卷积神经网络（CNN）、循环神经网络（RNN）等。
- 常用工具：TensorFlow、PyTorch。
- 书单：
  - 《Deep Learning》（Goodfellow, Bengio, Courville）
  - 《Python Deep Learning》（BTABLES）

#### **5.2 自监督学习与强化学习**
- **自监督学习**：利用未标签数据进行学习，如图像去噪、聚类等。
- **强化学习**：通过试错过程学习最优策略，如游戏 AI（AlphaGo、DeepMind）。
- 常用工具：Gym、DQN（Deep Q-Network）。

#### **5.3 应用与比赛**
- 参加机器学习比赛（如 Kaggle 比赛），在公共数据集上比赛，提升实际操作能力。
- 例如：[Kaggle机器学习学习赛](https://www.kaggle.com/competitions/digit-recognizer)、[Kaggle House Prices](https://www.kaggle.com/c/house-prices-advanced-regression-techniques)。

---

### **6. 学习资源**
#### **6.1 书籍**
- **《机器学习实战》**（Scikit-learn 实战）：适合入门。
- **《机器学习》**（Pattern Recognition and Machine Learning）：深入且经典。
- **《机器学习算法从零开始》**（机器学习领域中文书籍）。

#### **6.2 在线课程**
- **Coursera**：Andrew Ng 的《机器学习》课程。
- **Udemy**：机器学习基础课程。
- **Fast.ai**：机器学习入门课程。

#### **6.3 博客与教程**
- **Towards Data Science**：KDnuggets：机器学习相关的文章和教程。
- **Medium**（机器学习算法与应用）。
- **GitHub**：寻找机器学习项目的开源实现。

#### **6.4 工具和社区**
- **GitHub**：寻找机器学习项目和开源实现。
- **Stack Overflow**：机器学习相关的问题和答案社区。
- **Kaggle**：机器学习比赛和数据集平台。

---

### **7. 总结与计划**
- 确定学习目标：是想掌握理论、算法，还是实现项目或进入行业。
- 制定学习计划：从基础开始，逐步深入。
- 不要害怕失败：机器学习需要实验和调整，失败是正常的一部分。

---

通过以上步骤，你可以逐步掌握机器学习的基础知识，并逐渐深入到更复杂的算法和应用中。祝你学习愉快！
2025-06-07 16:42:50,508 - DEBUG - XiDian - Final reasoning response: 嗯，用户之前询问了冒泡排序的问题，我刚才已经帮他写了一个简单的冒泡排序示例。现在他又问“如何学习机器学习”，看起来他对机器学习也感兴趣，可能对如何开始或者深入学习有兴趣。

首先，我得考虑用户可能的身份。他可能是一名学生，刚开始对机器学习感兴趣，或者是一位想进入该领域工作的开发人员。不管是哪种情况，他都想知道学习的步骤和资源。

接下来，我想分析这个问题的深层需求。用户可能不仅想了解机器学习的基本概念，还想知道学习的路径和具体的资源，比如书籍、在线课程、工具和实践项目。他可能还关心如何从零开始学习，或者已经有一定的基础如何进一步提高。

然后，我考虑机器学习的学习路径通常包括数学基础、编程技能、算法学习和实践应用。因此，我需要将这些部分有条理地整理出来，让用户能够按照顺序逐步学习。

同时，用户可能需要一些实用的资源推荐，比如具体的书籍、在线平台和工具库。例如，Python的机器学习库如Scikit-learn和TensorFlow，这些都是学习机器学习时必须要用到的工具。

此外，实践是非常重要的。用户可能希望了解如何将理论应用到项目中，所以我建议他参与一些实践项目，或者使用Kaggle平台上的公开数据集来练习。

最后，考虑到机器学习的前沿领域，如深度学习和强化学习，我也可以简单提及，让用户了解可以深入的方向。

总结一下，我需要提供一个全面、有条理的学习路线，涵盖基础知识、数学、编程、算法、实践应用和工具使用，同时给出具体的资源和建议，帮助用户快速入门。

2025-06-07 16:42:50,540 - DEBUG - XiDian - Final response: 

学习机器学习是一个系统且需要深入学习的过程。以下是一个清晰的步骤指南，帮助您有效地掌握机器学习：

### 1. 确定学习目标
明确您希望在机器学习领域达到什么样的目标。是希望仅仅了解基本概念，还是打算深入研究并开发自己的算法？明确目标可以帮助您更有针对性地规划学习路径。

### 2. 复习和巩固数学基础
机器学习的核心依赖于数学知识。以下是需要掌握的具体数学领域：
- **线性代数**：理解向量、矩阵、行列式、特征值和奇异值分解等概念，这些在机器学习中至关重要，尤其是在处理和操作高维数据时。
- **概率论和统计学**：掌握概率分布、贝叶斯定理、期望、方差等基本概念，理解数据中的不确定性。
- **微积分**：学会导数、梯度、多元微积分，这些在优化算法（如梯度下降）中不可或缺。
- **优化理论**：了解凸优化、拉格朗日乘数法，这些是训练机器学习模型的核心。

### 3. 学习编程技能
机器学习需要编程来实现算法和分析数据。以下编程语言是机器学习的主流选择：
- **Python**：因为它简单易学，语法基础，还有很多强大的机器学习库如scikit-learn、TensorFlow、PyTorch等。
- **R**：另一种用于统计计算和数据分析的语言。
- **Java/C++**：适合对性能要求高的场景，但也因其复杂性而并不是机器学习的首选语言。

### 4. 学习机器学习基础概念
在掌握了数学基础和编程技能后，可以开始学习机器学习的基本概念：
- **监督学习**：学习使用标记数据来预测结果的算法，如线性回归、支持向量机、决策树等。
- **无监督学习**：学习从未标记的数据中发现隐藏模式的算法，如聚类（K-means）和降维（PCA）等。
- **半监督学习和强化学习**：这些是监督学习的补充和扩展，适用于数据中存在少量标记的情况或需要通过试错进行学习的情形。

### 5. 学习机器学习算法
要深入学习每种算法的原理、应用场景及其优缺点：
- **线性模型**：如线性回归、逻辑回归。
- **树-based方法**：如决策树、随机森林、梯度提升树（GBDT）。
- **聚类算法**：如K-means、层次聚类。
- **降维技术**：如主成分分析（PCA）、奇异值分解（SVD）。
- **降维技术**：如主成分分析（PCA）、奇异值分解（SVD）。
- **神经网络和深度学习**：是机器学习的另一种重要形式，适用于复杂的模式识别任务。学习常见的深度学习模型如卷积神经网络（CNN）、 recurrent neural network（RNN）、长短期记忆网络（LSTM）等。

### 6. 实践项目
实践是理解和巩固机器学习知识的关键。选择一个真实世界的数据集，尝试应用所学的算法进行建模、评估和优化。使用GitHub、Kaggle等平台上的数据集来进行实践。

### 7. 使用高质量的学习资源
现在有丰富的资源可供学习，以下是几种有效的学习途径：
- **在线课程**：如Coursera、edX、Udacity等平台提供针对性强的机器学习课程。
- **书籍**：经典的机器学习书籍如《机器学习实战》（Hands-On Machine Learning with Scikit-Learn and Python）、《Pattern Recognition and Machine Learning》（PRML）等。
- **博客和教程**：Medium、Towards Data Science、Kaggle的博客等提供了大量易懂的教程和实践指南。
- **开源项目**：探索和贡献 open source machine learning projects，实践中的问题和挑战能加深理解。

### 8. 设置学习计划
制定一个详细的阶段性和时间表，明确每周的学习目标和任务。根据自己的时间安排，合理分配每天的学习和练习时间，确保持续学习和进步。

### 9. 参与社区和寻求帮助
加入机器学习相关的社区，如Reddit机器学习群、Discord服务器等，参与讨论，交流经验。遇到学习上的困难或问题时，及时寻求他人的帮助，也可以通过论坛、 Stack Overflow 等平台提问，寻求解答。

### 10. 持续学习和自我提升
机器学习是一个不断发展和不断演进的领域，保持对新方法、新技术的学习和探索是必要的。持续关注最新的研究成果和应用，积极参与机器学习竞赛和项目，不断提升自己的技能和知识。

### 11. 应用与实践
在掌握了理论知识和技能后，考虑将机器学习应用到实际工作中或研究中。分析和解决实际问题的过程，可以帮助更好地理解和应用所学的知识，同时也能积累实际经验。

### 12. 评估和调整
定期评估自己的学习进度和成果，检查自己是否达到了最初的的学习目标。根据评估结果，调整学习计划，补充薄弱环节，强化学习的重点。

通过上述步骤，您可以系统地学习并掌握机器学习。记住，学习是一个持续的过程，需要耐心、毅力和不断的努力。 start learning machine learning:
1. 首先掌握必要的数学基础，特别是线性代数、概率统计和优化方法。
2. 学习和掌握Python编程语言，尤其是与机器学习相关的库和工具。
3. 理解机器学习的基本概念和常用算法，建立理论基础。
4. 通过实践项目 apply your knowledge to real-world datasets 和 problems.
5. 参与学习社区，与他人交流分享，寻求帮助和指导。
6. 设置明确的学习目标，并为实现这些目标制定详细的学习计划。
7. 定期评估自己的学习进展，并根据需要进行调整和优化。

持续的努力和实践将是您掌握机器学习的关键。相信自己，按时完成学习计划，保持对机器学习的热情和兴趣，您将能够逐步掌握这一强大的技术领域，并应用它来解决各种复杂的实际问题。
2025-06-07 16:42:50,552 - DEBUG - XiDian - 进入 get_experiment_record_details，整体实验ID: 1, 用户ID: 1
2025-06-07 16:42:50,554 - DEBUG - XiDian - Final reasoning response: 今天，我决定要开始学习机器学习了。这是一个看起来很有趣且技术含量很高的领域。我对机器学习的基本概念有一些了解，比如什么是监督学习、unsupervised learning，以及一些常见的算法如线性回归、决策树等。但我意识到，要深入掌握机器学习，我需要系统地学习相关的数学基础、算法原理以及实际应用。可是，我感到有些地方不太确定，比如具体的数学知识需要哪些，应该如何安排学习时间，以及选择哪些好的学习资源。

首先，我想到学习数学基础对于机器学习非常重要。因为机器学习算法往往涉及到很多数学概念，比如线性代数、概率论、统计学和优化理论等。但我不确定应该先学习哪一部分数学，或者各自需要达到什么样的水平。如果我没有学过线性代数，我是否还能有效地学习机器学习？我听说线性代数在机器学习中非常重要，特别是在处理高维数据时。

此外，我还在考虑学习编程技能。机器学习需要编程知识来实现算法，我比较熟悉Python，但我不确定是否需要学习其他编程语言。编写代码是机器学习的必要部分，但掌握Python内置的机器学习库，比如 scikit-learn，是否已经足够？或者我需要从头开始编程，编写自己的算法？

还有算法和数据结构的问题。虽然我了解一些基本算法，比如排序算法和搜索算法，但我是否需要深入学习数据结构和算法，才能更好地理解机器学习中的许多概念？比如理解时间复杂度和空间复杂度的重要性，或者如何优化算法以提高效率？

我还在考虑学习路径。是应该从基础的机器学习概念开始，逐步深入算法和模型，还是先学习相关的数学和编程技能？每一步需要花费多少时间？是否有一个合理的计划来管理学习时间？

我决定先做一个初步的计划，将学习分成几个阶段。第一阶段是学习基础概念和数学知识，第二阶段是学习算法和编程，第三阶段是实践项目，应用所学知识解决实际问题。但我不知道每个阶段的具体内容应该如何设计，以及每个阶段需要花多少时间。

同时，我也不确定有哪些好的学习资源。是观看在线课程，阅读书籍，还是做项目来实践？每个人的学习方式可能不同，我需要找到最适合自己的学习方式。此外，遇到困难时应该如何解决，是寻找资料帮助理解，还是寻求他人帮助？如果遇到问题无法解决，我需要如何有效地进行自我学习和求助？

我意识到，时间管理是一个关键问题。每天需要投入多少时间学习？如何分配时间进行数学学习、编程学习和项目实践？我觉得如果没有一个合理的学习计划，可能会难以坚持下去。

此外，我还担心自己的数学基础不够好会影响机器学习的学习。虽然我对基本概念有所了解，但在深入学习算法时，数学推导可能是一个障碍。我需要找到如何巩固数学知识的方法，或者能够在学习过程中逐渐提高数学水平。

我决定先回顾一下数学的基础知识，特别是线性代数、概率论和统计学的基本概念。然后，逐步学习相关的编程知识，特别是Python的数据处理和机器学习库。接下来，通过完成一些机器学习项目来实践所学的内容。

不过，我还不确定具体的数学知识需要达到什么水平。比如，线性代数中的矩阵操作是否需要用到，概率论中的随机变量和分布是否是必须的。我需要查找一些资料，了解每个机器学习算法的需求，以便有针对性地学习数学知识。

同时，我也不确定是否需要深入学习优化算法，比如梯度下降。这方面的内容对我来说有些复杂，如何有效地学习和理解这些算法的原理和应用呢？

我意识到，学习机器学习需要持续的努力和不断的实践。我需要制定一个详细的学习计划，并在学习过程中保持灵活性，根据实际情况进行调整。

总之，我需要从基础的数学知识和编程技能开始，逐步掌握机器学习的概念和算法，通过实践项目来巩固所学的知识。同时，合理安排时间，保持学习的热情和动力，才能有效地学习机器学习。

2025-06-07 16:42:50,556 - DEBUG - XiDian - 实验 1 共有 10 个步骤。
2025-06-07 16:42:50,570 - DEBUG - XiDian - 步骤 1: 找到记录 3，状态 'completed', 分数 95.0
2025-06-07 16:42:50,571 - DEBUG - XiDian - 步骤 2: 未找到对应记录，默认为 'pending', 分数 0.0
2025-06-07 16:42:50,571 - DEBUG - XiDian - 步骤 3: 未找到对应记录，默认为 'pending', 分数 0.0
2025-06-07 16:42:50,571 - DEBUG - XiDian - 步骤 4: 找到记录 1，状态 'completed', 分数 90.0
2025-06-07 16:42:50,571 - DEBUG - XiDian - 步骤 5: 未找到对应记录，默认为 'pending', 分数 0.0
2025-06-07 16:42:50,571 - DEBUG - XiDian - 步骤 6: 未找到对应记录，默认为 'pending', 分数 0.0
2025-06-07 16:42:50,571 - DEBUG - XiDian - 步骤 7: 未找到对应记录，默认为 'pending', 分数 0.0
2025-06-07 16:42:50,572 - DEBUG - XiDian - 步骤 8: 未找到对应记录，默认为 'pending', 分数 0.0
2025-06-07 16:42:50,572 - DEBUG - XiDian - 步骤 9: 未找到对应记录，默认为 'pending', 分数 0.0
2025-06-07 16:42:50,572 - DEBUG - XiDian - 步骤 10: 未找到对应记录，默认为 'pending', 分数 0.0
2025-06-07 16:42:50,583 - DEBUG - XiDian - Final response: 

学习机器学习需要一个系统化和持续的过程。以下是详细的步骤指南，帮助您逐步掌握机器学习：

### 1. **数学基础**
- **线性代数**：理解向量、矩阵和线性变换，这些是机器学习算法的核心。
- **微积分**：学习导数、梯度、积分等，了解优化算法如梯度下降。
- **概率与统计**：掌握概率分布、统计推断和 hypothesis testing，帮助理解机器学习模型的不确定性。
- **优化算法**：了解梯度下降、共轭梯度等优化方法，用于最小化损失函数。

### 2. **编程技能**
- **Python**：Python是机器学习的主流语言，掌握数据结构（列表、字典、集合）和控制结构（循环、条件判断）。
- **库和框架**：
  - **NumPy**：用于高效数值计算和数组操作。
  - **Pandas**：处理和分析结构化数据。
  - **Matplotlib & Seaborn**：数据可视化工具。
  - **Scikit-learn**：机器学习框架，包含多种算法和工具。
  - **TensorFlow & PyTorch**：深度学习框架，适合构建复杂的模型。

### 3. **数据处理与预处理**
- **数据收集**：获取数据集，确保数据的质量和完整性。
- **数据清洗**：处理缺失值、处理重复数据、纠正错误等。
- **数据转换**：归一化、标准化、类别编码（如独热编码）、特征工程等。
- **数据可视化**：使用图表展示数据分布和模式，辅助决策。

### 4. **机器学习基础知识**
- **监督学习**：
  - **回归问题**：使用线性回归、多项式回归等算法预测连续值。
  - **分类问题**：使用逻辑回归、决策树、随机森林、SVM、Naive Bayes等算法分类。
- **无监督学习**：
  - **聚类**：如K-means、层次聚类，发现数据中的潜在结构。
  - **降维**：如主成分分析（PCA）、t-SNE等，降低特征维度。
- **评估指标**：准确率（Accuracy）、召回率（Recall）、F1分数（F1-Score）、ROC曲线（ROC-AUC）等，评估模型表现。
- **过拟合与欠拟合**：理解模型的泛化能力，使用正则化、交叉验证等方法防止过拟合。
- **特征工程**：选择和提取有用的特征，改善模型性能。

### 5. **机器学习项目实战**
- **选择一个数据集**：可以从Kaggle、UCI Machine Learning Repository等平台选择合适的公开数据集。
- **定义问题**：明确要解决的机器学习问题（如预测、分类、聚类等）。
- **预处理数据**：应用之前学习的特征工程和数据处理方法。
- **选择模型**：根据问题类型选择合适的机器学习算法。
- **训练模型**：使用训练数据训练模型，并进行超参数调优。
- **评估模型**：使用测试数据评估模型性能，比较不同模型的表现。
- **优化模型**：通过调整模型参数、使用更复杂的模型或改进数据集，提高性能。
- **部署模型**：将模型集成到实际应用中，使其能够处理新的输入数据。

### 6. **学习资源**
- **书籍**：
  -《机器学习实战》—— hands-on 实例学习。
  -《Deep Learning》——全面覆盖深度学习理论和实践。
- **在线课程**：
  -Coursera：Andrew Ng的《机器学习》和《深度学习》。
  -edX：约翰霍普金斯大学的《机器学习导论》。
  -Udacity：《机器学习 engineer》 Nanodegree。
  -Kaggle Learn：提供结构化的机器学习课程。
- **博客和 YouTube**：
  -Kaggle Blog：深入的技术文章和技术分享。
  -机器学习者的YouTube频道：视频教程和实践分享。
- **论坛和社区**：Stack Overflow、Reddit（机器学习板块）、Kaggle Discussions，参与交流和学习。

### 7. **实践积累**
- **参与比赛**：参加 Kaggle 的机器学习竞赛，实践所学技能，与其他人在开源排行榜上比赛。
- **解决实际问题**：尝试解决现实中的问题，如预测天气、识别图片中的物体、推荐系统等。
- **分享和交流**：在社区中分享你的项目和学习心得，学习别人的成功经验。

### 8. **持续学习和优化**
- **保持学习**：机器学习领域不断发展，关注新技术和新方法，持续学习。
- **优化方法**：跟着实践项目不断优化算法，提升模型性能。
- **批判性思维**：培养分析和审视模型的能力，理解每种算法的优劣和适用场景。

Directory:

1. **数学基础**:
   - 线性代数
   - 微积分
   - 概率与统计
   - 优化算法

2. **编程技能**:
   - Python入门
   - NumPy和Pandas
   - 人工智能框架

3. **数据处理与预处理**:
   - 数据清洗
   - 数据转换
   - 数据可视化

4. **机器学习基础知识**:
   - 监督学习
   - 无监督学习
   - 评估指标
   - 过拟合与欠拟合
   - 特征工程

5. **机器学习项目实战**:
   - 选择数据集
   - 定义问题
   - 模型训练与评估
   - 模型优化与部署

6. **学习资源**:
   - 书籍推荐
   - 在线课程
   - 博客和视频

7. **实践积累**:
   - 参与机器学习竞赛
   - 解决实际问题
   - 分享与交流

8. **持续学习和优化**:
   - 保持学习
   - 持续优化
   - 培养批判性思维
2025-06-07 16:42:50,587 - DEBUG - XiDian - Final reasoning response: 好，我现在要试着学习机器学习。这个领域听起来有点复杂，但我还是想从头开始，慢慢理解。

首先，我得弄清楚什么是机器学习。根据之前了解，机器学习是让计算机从数据中学习，without being explicitly programmed. 对吧？比如，可以让计算机 automatically learn from data 和 patterns。那么，学习机器学习需要具备哪些基础呢？

嗯，我想可能需要数学基础。以前学过一些高等数学，线性代数，还有概率统计。这些对机器学习真的么重要？比如，机器学习很多算法都涉及矩阵运算和概率分布。对吧？因此，我应该先复习一下这些数学知识，确保自己理解的基本概念。

然后是编程能力。机器学习需要编程实现算法，比如Python或者R。我已经熟悉Python了，尤其是在数据分析和可视化方面。但是，我还不清楚机器学习具体需要哪些编程技能。听说机器学习框架如 scikit-learn, TensorFlow, 和 PyTorch 很常用。所以，我应该先学习这些框架的基本用法，然后逐步深入。

数据处理和预处理也挺重要的。机器学习需要大量的数据训练模型。如何处理数据呢？清洗数据，处理缺失值，转换特征，这些都是基本步骤。我得学习如何用Python库，比如Pandas进行数据清洗和预处理。同时，数据预处理的方式也会影响模型的性能，所以需要好好理解这些步骤。

机器学习算法是核心部分。学习不同的算法，如监督学习中的回归和分类，无监督学习中的聚类和降维，强化学习也涉及到。每种算法的基本原理、优缺点和适用场景都需要了解。比如，线性回归用于预测连续值，而分类算法如SVM和随机森林用于分类问题。谦虚地说，这部分有点挑战，需要通过案例学习来加深理解。

实践是关键。只有通过实际操作，才能真正掌握机器学习。所以，我应该找一些公开的数据集，比如Kaggle上的比赛数据，尝试用不同的算法进行建模。同时，记得记录思考过程，理解每一步操作的作用，而不是只是重复操作。

模型评估和优化也是不能忽视的。如何评估模型的好坏呢？使用准确率、召回率、F1分数等指标。然后，通过调整参数，如正则化或者优化算法，提高模型的性能。这涉及模型调优和交叉验证等技术，我需要学习如何正确地使用这些方法。

然后是机器学习的整个流程，包括问题定义、数据准备、算法选择、模型训练、评估和部署。整个流程有助于系统地进行机器学习项目。我需要从简单的项目开始，如预测房价，逐步积累经验。

如果对某些领域感兴趣，比如自然语言处理或计算机视觉，我可以进一步深入学习相关的高级技术。了解最新的研究和技术，学习论文和算法实现，保持对领域的了解。

不断学习和实践非常重要。机器学习是个不断优化和改进的过程，需要持续学习新知识和新技术。参加比赛，解决实际问题，分享经验，都是提升的途径。

哦，对了，理论知识也不能完全靠实践来掌握。扎实的数学和算法理解可以帮助更好地应用技术，并解决遇到的问题。我应该在学习过程中，何时是否需要深入研究每种算法的数学原理，根据自己的兴趣和需求来决定。

最后，合作与交流也很重要。通过团队项目或论坛，可以学习不同的视角和经验，提升自己的能力。向他人的学习过程中，也能加速自己的成长。

总之，学习机器学习需要系统地掌握数学、编程、算法、实践和持续学习。虽然过程可能会遇到很多挑战，但通过耐心和毅力，逐步掌握机器学习的知识和技能，肯定会有所收获。

2025-06-07 16:42:50,604 - DEBUG - XiDian - 进入 get_experiment_record_details，整体实验ID: 1, 用户ID: 1
2025-06-07 16:42:50,605 - DEBUG - XiDian - 实验 1 共有 10 个步骤。
2025-06-07 16:42:50,606 - DEBUG - XiDian - 步骤 1: 找到记录 3，状态 'completed', 分数 95.0
2025-06-07 16:42:50,606 - DEBUG - XiDian - 步骤 2: 未找到对应记录，默认为 'pending', 分数 0.0
2025-06-07 16:42:50,606 - DEBUG - XiDian - 步骤 3: 未找到对应记录，默认为 'pending', 分数 0.0
2025-06-07 16:42:50,607 - DEBUG - XiDian - 步骤 4: 找到记录 1，状态 'completed', 分数 90.0
2025-06-07 16:42:50,607 - DEBUG - XiDian - 步骤 5: 未找到对应记录，默认为 'pending', 分数 0.0
2025-06-07 16:42:50,607 - DEBUG - XiDian - 步骤 6: 未找到对应记录，默认为 'pending', 分数 0.0
2025-06-07 16:42:50,607 - DEBUG - XiDian - 步骤 7: 未找到对应记录，默认为 'pending', 分数 0.0
2025-06-07 16:42:50,607 - DEBUG - XiDian - 步骤 8: 未找到对应记录，默认为 'pending', 分数 0.0
2025-06-07 16:42:50,607 - DEBUG - XiDian - 步骤 9: 未找到对应记录，默认为 'pending', 分数 0.0
2025-06-07 16:42:50,607 - DEBUG - XiDian - 步骤 10: 未找到对应记录，默认为 'pending', 分数 0.0
2025-06-07 16:42:50,614 - DEBUG - XiDian - 进入 get_experiment_record_details，整体实验ID: 1, 用户ID: 1
2025-06-07 16:42:50,617 - DEBUG - XiDian - 实验 1 共有 10 个步骤。
2025-06-07 16:42:50,618 - DEBUG - XiDian - 步骤 1: 找到记录 3，状态 'completed', 分数 95.0
2025-06-07 16:42:50,618 - DEBUG - XiDian - 步骤 2: 未找到对应记录，默认为 'pending', 分数 0.0
2025-06-07 16:42:50,618 - DEBUG - XiDian - 步骤 3: 未找到对应记录，默认为 'pending', 分数 0.0
2025-06-07 16:42:50,619 - DEBUG - XiDian - 步骤 4: 找到记录 1，状态 'completed', 分数 90.0
2025-06-07 16:42:50,619 - DEBUG - XiDian - 步骤 5: 未找到对应记录，默认为 'pending', 分数 0.0
2025-06-07 16:42:50,619 - DEBUG - XiDian - 步骤 6: 未找到对应记录，默认为 'pending', 分数 0.0
2025-06-07 16:42:50,619 - DEBUG - XiDian - 步骤 7: 未找到对应记录，默认为 'pending', 分数 0.0
2025-06-07 16:42:50,620 - DEBUG - XiDian - 步骤 8: 未找到对应记录，默认为 'pending', 分数 0.0
2025-06-07 16:42:50,620 - DEBUG - XiDian - 步骤 9: 未找到对应记录，默认为 'pending', 分数 0.0
2025-06-07 16:42:50,620 - DEBUG - XiDian - 步骤 10: 未找到对应记录，默认为 'pending', 分数 0.0
2025-06-07 16:42:50,667 - DEBUG - XiDian - 进入 get_experiment_record_details，整体实验ID: 1, 用户ID: 1
2025-06-07 16:42:50,668 - DEBUG - XiDian - 实验 1 共有 10 个步骤。
2025-06-07 16:42:50,669 - DEBUG - XiDian - 步骤 1: 找到记录 3，状态 'completed', 分数 95.0
2025-06-07 16:42:50,670 - DEBUG - XiDian - 步骤 2: 未找到对应记录，默认为 'pending', 分数 0.0
2025-06-07 16:42:50,670 - DEBUG - XiDian - 步骤 3: 未找到对应记录，默认为 'pending', 分数 0.0
2025-06-07 16:42:50,671 - DEBUG - XiDian - 步骤 4: 找到记录 1，状态 'completed', 分数 90.0
2025-06-07 16:42:50,671 - DEBUG - XiDian - 步骤 5: 未找到对应记录，默认为 'pending', 分数 0.0
2025-06-07 16:42:50,671 - DEBUG - XiDian - 步骤 6: 未找到对应记录，默认为 'pending', 分数 0.0
2025-06-07 16:42:50,672 - DEBUG - XiDian - 步骤 7: 未找到对应记录，默认为 'pending', 分数 0.0
2025-06-07 16:42:50,672 - DEBUG - XiDian - 步骤 8: 未找到对应记录，默认为 'pending', 分数 0.0
2025-06-07 16:42:50,672 - DEBUG - XiDian - 步骤 9: 未找到对应记录，默认为 'pending', 分数 0.0
2025-06-07 16:42:50,673 - DEBUG - XiDian - 步骤 10: 未找到对应记录，默认为 'pending', 分数 0.0
2025-06-07 16:42:50,694 - DEBUG - XiDian - 进入 get_experiment_record_details，整体实验ID: 1, 用户ID: 1
2025-06-07 16:42:50,696 - DEBUG - XiDian - 实验 1 共有 10 个步骤。
2025-06-07 16:42:50,697 - DEBUG - XiDian - 步骤 1: 找到记录 3，状态 'completed', 分数 95.0
2025-06-07 16:42:50,697 - DEBUG - XiDian - 步骤 2: 未找到对应记录，默认为 'pending', 分数 0.0
2025-06-07 16:42:50,697 - DEBUG - XiDian - 步骤 3: 未找到对应记录，默认为 'pending', 分数 0.0
2025-06-07 16:42:50,697 - DEBUG - XiDian - 步骤 4: 找到记录 1，状态 'completed', 分数 90.0
2025-06-07 16:42:50,697 - DEBUG - XiDian - 步骤 5: 未找到对应记录，默认为 'pending', 分数 0.0
2025-06-07 16:42:50,698 - DEBUG - XiDian - 步骤 6: 未找到对应记录，默认为 'pending', 分数 0.0
2025-06-07 16:42:50,698 - DEBUG - XiDian - 步骤 7: 未找到对应记录，默认为 'pending', 分数 0.0
2025-06-07 16:42:50,698 - DEBUG - XiDian - 步骤 8: 未找到对应记录，默认为 'pending', 分数 0.0
2025-06-07 16:42:50,698 - DEBUG - XiDian - 步骤 9: 未找到对应记录，默认为 'pending', 分数 0.0
2025-06-07 16:42:50,698 - DEBUG - XiDian - 步骤 10: 未找到对应记录，默认为 'pending', 分数 0.0
2025-06-07 16:42:51,072 - DEBUG - XiDian - Final response: 

学习机器学习是一项系统而有趣的过程，以下是详细的、分阶段的学习策略：

### **ophil-30368-116-01. 制定清晰的学习目标**
1. **明确目标**：是在机器学习竞赛、做一个图像分类器，还是仅仅是理解基本概念？不同的目标需要不同的学习策略。
2. **自我评估**：检查自己的数学基础、编程能力和对机器学习的了解程度，制定个性化的学习计划。

### **分阶段学习**
#### **初级阶段：基础知识入门**
1. **编程基础**
   - **Python编程**：掌握基本语法，如变量、数据类型、循环、条件、函数、类。
   - **库的基础**：学习 NumPy、Pandas、Matplotlib 等常用库，了解它们的作用和基本用法。
   - **实践项目**：尝试数据分析和简单数据可视化，如基础统计图、数据清洗。

2. **数学基础**
   - **线性代数**：理解向量、矩阵、矩阵乘法、逆矩阵、行列式、向量空间等概念。
   - **概率与统计**：掌握概率、条件概率、贝叶斯定理、期望值、方差、分布等。
   - **微积分基础**：学习导数、梯度、导数应用、积分。
   - **优化基础**：了解梯度下降、凸优化、拉格朗日乘数。

3. **机器学习基础**
   - **概念理解**：什么是监督学习、无监督学习、半监督学习、强化学习？
   - **基本算法**：线性回归、逻辑回归、k-近邻算法、决策树、随机森林、聚类（K-means）。
   - **算法比较**：理解不同算法的优缺点，适用场景。

4. **机器学习流程**
   - **数据准备**：数据清洗、特征工程、数据分割（训练集、验证集、测试集）。
   - **特征分析**：理解特征的重要性，特征选择、特征降维。
   - **模型选择与调参**：使用网格搜索、随机搜索等方法选择模型和调参。
   - **评估方法**：使用分类准确率、F1分数、ROC-AUC、均方误差（MSE）等评估指标。

#### **中级阶段：深入学习算法**
1. **监督学习**
   - **回归模型**：深入理解线性回归、多项式回归、逻辑回归，尝试优化模型。
   - **分类模型**：学习决策树、随机森林、支持向量机（SVM）、K-近邻分类器、朴素贝叶斯。
   - **神经网络基础**：了解感知器、卷积神经网络（CNN）、循环神经网络（RNN）的基本原理。

2. **无监督学习**
   - **聚类算法**：深入理解K-means、层次聚类，尝试优化参数。
   - **降维技术**：学习主成分分析（PCA）、奇异值分解（SVD）。
   - **可视化**：使用t-SNE、UMAP等进行高维数据可视化，分析数据结构。

3. **统计学习**
   - **贝叶斯定理应用**：理解贝叶斯分类器的工作原理，用贝叶斯方法进行分类。
   - **模型评估与选择**：深入理解交叉验证、过拟合与欠拟合，如何防止模型过拟合（正则化）。

### **高级阶段：应用与实践**
1. **参与竞赛**
   - **机器学习平台**：使用Kaggle平台，参与机器学习竞赛，解决实际问题，积累经验。
   - **比赛介绍**：选择适合自己的比赛类型（如分类、回归、推荐系统、图像识别等），阅读他人解决方案，学习他们的方法和技巧。
   - **_PUBLIC leaderboards**：通过公开 leaderboard验证模型表现，并分析竞争对手的方法。

2. **项目实战**
   - **开发一个实际项目**：从开始到结束，完整经历：问题定义、数据收集与处理、模型选择、调参优化、结果分析。
   - **工具与方法**：使用Deep Learning框架如TensorFlow、Keras，使用PyTorch等。
   - **部署模型**：将训练好的模型部署到服务器，使用Flask、Django等技术开发Web接口。

3. **阅读和研究**
   - **经典书籍**：阅读《机器学习》、《핸 dirty》、《机器学习实战》、《深度学习》等。
   - **论文研究**：学习论文中的算法，思考其中的创新点和不足，尝试改进或复现。
   - **优秀解决方案**：研究Kaggle上的优秀解决方案，学习作者是如何处理数据、选择模型、调参的。

### **持续学习与提升**
1. **保持最新动态**：订阅机器学习相关的博客、视频（如Data School、3Blue1Brown的《机器学习基础》系列）、关注博主/ches。
2. **参加研讨会和会议**：如参加机器学习方面的研讨会和国际会议，获取最新的研究动态和行业趋势。
3. **不断提升**：通过解决问题和实际项目不断提升自己的技能，定期回顾知识，保持对新技术的新鲜感。

### **工具与资源推荐**
1. **学习平台**
   - **Coursera**：Andrew Ng 的《机器学习》、《深度学习》课程。
   - **edX**：机器学习与应用、数据科学。
   - **Kaggle Learn**：机器学习实战、调参、特征工程等系列课程。
   - **Udacity**：机器学习 Nanodegree。
   - **fast.ai**：机器学习快速入门。
2. **书籍**
   - 《机器学习》
   - 《핸 dirty》
   - 《机器学习实战》
   - 《深度学习》
3. **博客和视频**
   - 博客： talesenum，Data School。
   - 视频：3Blue1Brown的《机器学习基础》系列。
4. **库和工具**
   - 第三方库：Scikit-learn、XGBoost、LightGBM、 catboost、Keras、PyTorch。
   - 数据集：Kaggle、UCI Machine Learning Repository。

### **总结**
学习机器学习是需要系统性和耐心的过程。从基础知识到项目实战，逐步深入，结合理论与实践，才能真正掌握机器学习。阅读推荐的书籍，参与机器学习竞赛，利用提供的工具和资源，积累经验，这些都是有效的方法。遇到问题时不要气馁，保持学习的热情和积极性，机器学习的旅程将变得更加有趣和充实。
2025-06-07 16:42:51,079 - DEBUG - XiDian - Final reasoning response: 好的，我需要帮助用户解决“如何学习机器学习”的问题。作为一个刚刚开始学习机器学习的人，肯定会有一些困惑和疑问，比如从哪里开始、需要哪些基础知识、有哪些资源可以利用等等。我得先确定用户的需求，可能他想全面了解机器学习，或者是想从零开始学习，或者已经有了初步了解，但需要更深入的知识。

首先，我应该考虑用户的背景。如果他刚刚接触机器学习，可能需要一些基础的指导，而如果他已经有一些编程或统计学的基础，学习路径可能会更清晰一些。我需要提供一个全面的学习路线，涵盖从基础到进阶的各个方面。

除了基础知识，用户可能也关心学习资源。是否有好的教材、在线课程、实践平台等等。可能需要推荐一些经典的书籍，像《机器学习》或者《hands-on机器学习》，还有在线平台如Coursera、edX、Kaggle等，这些资源对于系统性学习非常有帮助。

接下来，我应该考虑到机器学习需要哪些技能。编程基础、数学知识、算法原理、数据处理能力、模型评估等等。每个阶段的学习重点是什么，如何逐步提升这些能力。此外，实践也是机器学习学习过程中不可或缺的一部分，通过参与项目、解决实际问题，可以更好地巩固理论知识。

然后，我还需要思考用户可能遇到的问题，比如如何平衡理论与实践、如何选择合适的算法、如何处理复杂的模型等等。这些都是在学习过程中可能会遇到的挑战，提供一些实用的建议和避免常见的错误的方法会很有帮助。

还有，用户可能关心学习的毅力和时间管理。机器学习的学习曲线可能会比较陡峭，需要大量时间投入，保持耐心和持续学习的精神是很重要的。我应该建议用户如何制定学习计划，分配时间，分阶段进行学习。

另外，可能需要向用户解释机器学习的各个阶段：模型训练、调优、部署等等，帮助用户了解整个流程，制定学习计划时更有条理。

我还需要考虑到用户可能对数学基础不太熟悉，这部分内容可能需要特别详细地解释，比如线性代数、概率论、优化算法等，这些都是机器学习背后的重要数学知识。帮助用户克服数学上的障碍，理解这些概念到实践中的应用，是学习过程中的关键。

还有，可能需要强调实践的重要性。直接参与项目，如用Kaggle平台的比赛，或者处理实际数据集，可以显著提升学习效果。设计和参与一个机器学习项目，可以帮助用户更好地理解算法的工作原理和应用。

此外，在学习过程中，如何选择合适的工具和技术栈也是要注意的。比如，初学时可以选择Python，因为它的机器学习库如Scikit-learn非常强大且易于上手。库的使用和理解也是学习过程中的重点。

最后，我还需要提醒用户保持学习的热情，机器学习是一个不断进化和学习的过程，鼓励用户持续更新知识，探索最新的模型和算法，保持对新技术的好奇心。

总结来说，我需要提供一个结构化的学习路线，涵盖基础知识、技能培养、实践应用，同时提供资源推荐、解决常见问题的意见和实用建议，帮助用户全面有效地学习机器学习。

2025-06-07 16:42:51,151 - DEBUG - XiDian - 进入 get_experiment_record_details，整体实验ID: 1, 用户ID: 1
2025-06-07 16:42:51,154 - DEBUG - XiDian - 实验 1 共有 10 个步骤。
2025-06-07 16:42:51,155 - DEBUG - XiDian - 步骤 1: 找到记录 3，状态 'completed', 分数 95.0
2025-06-07 16:42:51,155 - DEBUG - XiDian - 步骤 2: 未找到对应记录，默认为 'pending', 分数 0.0
2025-06-07 16:42:51,156 - DEBUG - XiDian - 步骤 3: 未找到对应记录，默认为 'pending', 分数 0.0
2025-06-07 16:42:51,156 - DEBUG - XiDian - 步骤 4: 找到记录 1，状态 'completed', 分数 90.0
2025-06-07 16:42:51,156 - DEBUG - XiDian - 步骤 5: 未找到对应记录，默认为 'pending', 分数 0.0
2025-06-07 16:42:51,156 - DEBUG - XiDian - 步骤 6: 未找到对应记录，默认为 'pending', 分数 0.0
2025-06-07 16:42:51,156 - DEBUG - XiDian - 步骤 7: 未找到对应记录，默认为 'pending', 分数 0.0
2025-06-07 16:42:51,157 - DEBUG - XiDian - 步骤 8: 未找到对应记录，默认为 'pending', 分数 0.0
2025-06-07 16:42:51,157 - DEBUG - XiDian - 步骤 9: 未找到对应记录，默认为 'pending', 分数 0.0
2025-06-07 16:42:51,157 - DEBUG - XiDian - 步骤 10: 未找到对应记录，默认为 'pending', 分数 0.0
2025-06-07 16:42:51,605 - DEBUG - XiDian - Final response: 

**如何学习机器学习的逐步指南**

学习机器学习是一个循序渐进的过程，以下是为您量身定制的学习计划和步骤：

---

### **1. 制定学习计划**
- **时间安排**：每周分配固定的学习时间，建议每天30-60分钟，持续几周。
- **学习目标**：明确短期（1-2周）和长期（几周）的学习目标。
  - 短期目标：掌握机器学习的基本概念和术语，了解数据预处理和模型评估。
  - 长期目标：能够独立完成一个简单的机器学习项目，理解常用算法（如监督学习中的逻辑回归、决策树等）。

---

### **2. 资源准备**
- **免费在线课程**：
  - **Coursera**：Andrew Ng的《机器学习》入门课程。
  - **edX**：哈佛大学和麻省理工学院提供的机器学习课程。
  - **Udacity**：机器学习工程师纳米 degree 课程。
- **书籍**：
  - 《机器学习实战》（Understanding Machine Learning）。
  - 《Python机器学习》。
- **工具**：
  - Python: 安装Jupyter Notebook，安装常用库如TensorFlow、PyTorch、Pandas。
  - 图表工具：Matplotlib和Seaborn用于数据可视化。

---

### **3. 学习基础知识**
#### **数学基础**
- **线性代数**：
  - 矩阵和向量的基本运算（见《线性代数及其应用》）。
  - 特征值和特征向量（学习swap矩阵及其应用）。
  - 特定的矩阵类型：对角矩阵、单位矩阵等。
  - 用于降维的主成分分析（PCA）。
- **概率统计**：
  - 常见的概率分布（正态分布、均匀分布等）。
  - 方差、协方差矩阵、协方差与相关性的计算。
- **微积分**：
  - 导数的基本计算规则（幂函数、指数函数、对数函数等）。
  - 梯度下降算法的基础知识。了解如何用它来最小化损失函数。

#### **编程基础**
- **Python**：
  - 学习Python的基础语法：变量、数据类型、循环、条件、函数。
  - 熟悉Jupyter Notebook环境，创建和运行Python代码。
  - 学习List、Dictionary、Set等数据结构。
- **Jupyter Notebook**：
  - 熟悉如何使用它来编写和运行Python代码，并可视化结果。

---

### **4. 机器学习基础知识**
#### **概念理解**
- **机器学习的类型**：
  - 监督学习：有标签的数据，用于分类和回归。
  - 无监督学习：无标签的数据，用于聚类和降维。
  - 半监督学习：部分有标签的数据。
  - 强化学习：学习如何通过trial and error获得最优策略。
- **评价指标**：
  - 分类问题：准确率、精确率、召回率、F1值。
  - 回归问题：均方误差（MSE）、均绝对误差（MAE）。
- **常见算法**：
  - **监督学习**：
    - 分类：逻辑回归、支持向量机（SVM）、决策树、随机森林、K近邻（KNN）。
    - 回归：线性回归、多项式回归。
  - **无监督学习**：
    - 聚类：K-means。
    - 降维：主成分分析（PCA）。

---

### **5. 数据预处理**
- **数据清洗**：
  - 处理缺失值：删除、填充均值/中位数。
  - 删除重复数据、异常值离群值处理。
- **特征工程**：
  - 特征选择：去掉不必要的特征。
  - 特征缩放：标准化和归一化，使不同特征的量纲一致。
- **数据分划**：
  - 训练集、验证集、测试集划分，比例通常为70%:15%:15%。
  - Python中的scikit-learn库提供StratifiedShuffleSplit等功能。

---

### **6. 机器学习模型及实现**
- **示例项目**：
  - 使用scikit-learn实现线性回归预测房价。
  - 使用逻辑回归对 Iris 数据集进行分类。
  - 应用决策树或随机森林对Titanic数据集进行生存预测。
- **代码实现**：
  - 学习如何加载数据，进行模型训练，模型评估和数据可视化。

---

### **7. 实践与项目**
- **真实项目**：
  - 找一个实际问题，如预测销售额、识别手写数字、图像分类等。
  - 使用PyTorch或TensorFlow等库搭建简单的模型。
- **提交作品**：
  - 在Kaggle等平台发布您的作品，学习反馈和优化模型。

---

### **8. 进阶学习**
- **模型优化**：
  - 超参数调优：GridSearchCV、RandomizedSearchCV。
  - 正则化：L1、L2正则化。
  - 模型集成：Bagging、Boosting等。

---

### **9. 社区与资源分享**
- 参加机器学习相关的论坛和社区，如Stack Overflow、Reddit、Discord群组。
- 博客文章和教程：比如 medium.comTAG机器学习专栏，Kaggle Kernel区分享代码。
- 参与机器学习竞赛：如 Kaggle competitions，提升实战能力。

---

### **10. 持续学习与应用**
- **Stay Updated**：
  - 关注机器学习工具和算法的新进展。
  - 关注GitHub上的机器学习开源项目。
- **应用实践**：
  - 在工作或生活环境中应用机器学习解决实际问题。
  - 渐渐深入学习复杂的模型，如深度学习，以应对更复杂的任务。

---

通过系统的规划和持续的努力，您可以逐步掌握机器学习的核心概念和技能。重要的是保持好奇心和耐心，逐步深入学习和实践。祝您在机器学习的探索之旅中取得丰硕的成果！
2025-06-07 16:42:51,616 - DEBUG - XiDian - Final reasoning response: 嗯，我现在想学习机器学习。有点儿不知道从哪儿开始，我需要找一个通往机器学习的大门。好，首先，自己得了解一下机器学习到底是什么。听说机器学习是人工智能的一个前沿领域，很多公司都在用它来做各种预测和自动化任务。比如推荐系统、自动驾驶、医疗诊断等等。这些听起来都挺有意思的，但具体该学些什么呢？

那我应该先从基础知识开始吧。网上有很多课程，像Coursera、edX这些平台有很多机器学习的课程。好像有些是免费的，但可能需要注册账号。另外，还有MIT的公开课程，虽然师资力量强大，但内容可能也比较深入。不过我是刚开始学习，可能还是先找入门级别的课程比较好。

然后，数学基础也很重要吧。听说机器学习需要线性代数、概率统计、微积分这些数学知识。线性代数的话，可能需要学习矩阵和向量的操作，还有特征分解之类的。概率统计的话，可能需要了解概率分布、贝叶斯定理这些。微积分的话，特别是导数和梯度这些内容。唉，这些数学知识对我来说可能有点难度，不过先不急，一步步来。可能需要找一些数学书籍或者在线课程来复习这些数学知识。

接下来是编程方面。机器学习通常用Python来实现，听说Python有很多机器学习库，比如TensorFlow、PyTorch、Pandas等等。我应该先学习Python的基础语法，比如变量、循环、条件语句、函数等等。然后是学习这些库的基本用法。我还发现有些课程会用Jupyter Notebook，这也挺方便的，后面再学习。

机器学习的具体算法呢？好像有监督学习和无监督学习的区别。监督学习包括分类和回归，无监督学习包括聚类和降维。先从分类算法开始，比如逻辑回归、决策树、随机森林、支持向量机。这些算法都是基础中的基础，我得一个一个学。回归算法也是必须的，比如线性回归、多项式回归。这些算法通常用于预测连续值。另外，还有聚类算法，比如K-means，分解算法，比如PCA，这些属于无监督学习的范畴。

数据处理和工程化同样重要。数据预处理包括数据清洗、特征工程、数据分划等。Python中的Pandas库应该很适合处理这些任务。数据清洗可能涉及处理缺失值、处理重复数据、数据转换等。特征工程可能需要创建新的特征，或者选择有用的特征。数据分划很重要，通常需要把数据分成训练集、验证集和测试集。

接下来是模型评估。模型评估和优化需要用到各种指标，比如准确率、精确率、召回率、F1分数，还有 ROC 曲线和 AUC 分数。然后是模型优化，比如超参数调优、正则化、集成学习等等。这些都是为了让模型性能更优的方法。

 then是实践项目。我应该多动手练习，把学到的知识应用到实际项目中去。比如，可以尝试用机器学习模型预测房价、识别手写数字、图像分类等等。实践项目不仅能加深理解，还能积累经验。

嗯，可能这个顺序有点儿枯燥，不过时间久了自然就好了。虽然数学有点担心，但先从基础的线代数开始复习，再逐步加强。编程方面，先从Python基础学起，再进入机器学习库的使用。算法和模型也需要多看例子，多看实现代码。数据处理和工程化的部分，需要实际操作，加深理解。

还有一个问题是，如何获取这些资源和课程。听说有很多免费的资源，但不确定具体的地方。回头再找一些可靠的在线课程和文档资源，先试着从那里开始学习。同时，也可以找到一些社区或者论坛，交流学习经验，解答问题。

最后，制定一个学习计划，每周学习一定的内容，逐步推进。先从基础知识开始，然后逐步深入学习算法、编程应用，最后通过实践项目来巩固和应用所学的知识。这样系统地学习，应该能够掌握机器学习的基本内容和技能。

2025-06-07 16:42:51,710 - DEBUG - XiDian - 进入 get_experiment_record_details，整体实验ID: 1, 用户ID: 1
2025-06-07 16:42:51,711 - DEBUG - XiDian - 实验 1 共有 10 个步骤。
2025-06-07 16:42:51,712 - DEBUG - XiDian - 步骤 1: 找到记录 3，状态 'completed', 分数 95.0
2025-06-07 16:42:51,712 - DEBUG - XiDian - 步骤 2: 未找到对应记录，默认为 'pending', 分数 0.0
2025-06-07 16:42:51,712 - DEBUG - XiDian - 步骤 3: 未找到对应记录，默认为 'pending', 分数 0.0
2025-06-07 16:42:51,713 - DEBUG - XiDian - 步骤 4: 找到记录 1，状态 'completed', 分数 90.0
2025-06-07 16:42:51,713 - DEBUG - XiDian - 步骤 5: 未找到对应记录，默认为 'pending', 分数 0.0
2025-06-07 16:42:51,713 - DEBUG - XiDian - 步骤 6: 未找到对应记录，默认为 'pending', 分数 0.0
2025-06-07 16:42:51,713 - DEBUG - XiDian - 步骤 7: 未找到对应记录，默认为 'pending', 分数 0.0
2025-06-07 16:42:51,713 - DEBUG - XiDian - 步骤 8: 未找到对应记录，默认为 'pending', 分数 0.0
2025-06-07 16:42:51,713 - DEBUG - XiDian - 步骤 9: 未找到对应记录，默认为 'pending', 分数 0.0
2025-06-07 16:42:51,713 - DEBUG - XiDian - 步骤 10: 未找到对应记录，默认为 'pending', 分数 0.0
2025-06-07 16:42:51,749 - DEBUG - XiDian - Final response: 

学习机器学习可以从以下步骤开始，逐步积累知识和技能：

---

### **第一步：建立兴趣并明确目标**
- **Why机器学习?**
  - 感兴趣：对数据、模式和智能现象有好奇心，或者关注人工智能在生活中的应用（如自动驾驶、医疗诊断等）。
  - 明确目标：确定你想学习机器学习的终点，比如还想了解的高级技术（如深度学习）、或者想解决的具体问题（如预测销售数据）。
- **学习资源推荐：**
  - YouTube频道：3Blue1Brown的《机器学习 essentials》系列。
  - 博客： KDnuggets、Medium的文章。

---

### **第二步：复习基础知识**
- **数学基础**：
  - 线性代数：掌握向量、矩阵运算、特征分解等。
    - 书籍：《线性代数及其应用》（同济大学版）。
  - 概率论与统计学：理解概率分布、假设检验、贝叶斯定理等。
    - 书籍：《概率论基础》、《统计学习导引》。
  - 优化方法：了解梯度下降、拉格朗日乘数等。
    - 链接：Coursera上的“优化算法”课程。
- **编程基础**：
  - 掌握Python basics。
    - 教程：《Python Crash Course》（中文版）。
  - 熟悉数据结构和算法。
- **机器学习概念**：
  - 初始化概念：学习机器学习的定义、类型（如监督学习、无监督学习）、应用场景。
  - 书籍：《机器学习》（英文版）、《统计学习导引》。
  - 案例导引：通过案例理解线性回归、逻辑回归等基本算法。

---

### **第三步：学习机器学习基础算法**
- **监督学习**：
  - 线性回归：预测连续值。
  - 逻辑回归：分类二元类别。
  - 支持向量机（SVM）：处理复杂分类问题。
  - 决策树/随机森林：构建 interpretable的分类模型。
- **无监督学习**：
  - K-means：聚类分析。
  - PCA：降维技术。
- **算法评估**：
  - 了解评估指标：如准确率、召回率、F1分数、ROC曲线。
  - 书籍：《机器学习评估技巧》。
  - 实践：通过scikit-learn实现不同模型的评估。
- **工具学习**：
  - **Python库**：scikit-learn、pandas、numpy。
    - 书籍：《scikit-learn机器学习与应用》。
  - **数据预处理**：数据清洗、特征工程（如归一化、类别编码）、数据分割。
  - **数据集获取**：Kaggle平台上的=?, UCI机器学习数据库。

---

### **第四步：实践项目**
- **基础项目**：
  - 进行数据分析与可视化（如使用Python的matplotlib、seaborn）。
  - 示例项目：根据数据集预测房价。
- **中等难度项目**：
  - 利用scikit-learn完成分类或聚类任务。
- **高级项目**：
  - 实现一个完整的机器学习 pipeline（数据预处理、模型训练、调参、评估）。
- **推荐资源**：
  - Kaggle Kernel：提供多种数据分析和机器学习任务。
  - 博客案例：Towards Data Science、Medium上的机器学习专栏。

---

### **第五步：学习进阶算法与方法**
- **深度学习与神经网络**：
  - 掌握神经网络的基础概念和工作原理。
  - 书籍：《深度学习》（英文版）、《神经 Andrew Ng的 Coursera课程》。
  - 工具：TensorFlow、Keras。
- **增强学习（Reinforcement Learning）**：
  - 理解强化学习的基本概念和应用。
  - 示例：游戏自动化（如AlphaGo）。
- **模型调优与集成**：
  - 学习超参数调优（如网格搜索、贝叶斯优化）。
  - 掌握集成方法（如随机森林、提升树）以提高模型性能。
- **部署与部署**：
  - 学习如何将模型转换为生产环境。
  - 工具：Flask、Docker。
- **伦理与责任**：
  - 了解机器学习的公平性、透明度和隐私保护问题。
  - 阅读：《机器学习的伦理》书籍。

---

### **第六步：持续学习与社区参与**
- **持续学习**：
  - 关注机器学习的最新进展（比如注意力机制、 transformers的在自然语言处理中的应用）。
  - 参与在线课程：Coursera、Udemy、fast.ai等平台的机器学习课程。
  - 学术会议和期刊：关注NeurIPS、ICML等顶级会议的论文。
- **社区与交流**：
  - 加入Reddit的机器学习和数据科学社区（如r/machinelearnings）。
  - 参与Kaggle竞赛，提升实际操作能力。
  - 加入GitHub上的机器学习开源项目，学习社区是如何协作和改进的。
- **时间管理**：
  - 制定每周的学习目标，分配固定的学习时间。
  - 结合工作或兴趣，制定个性化的学习计划。

---

### **总结**
学习机器学习是一个系统的过程，需要理论和实践相结合。从数学基础和编程基础入门，逐步掌握各种机器学习算法，通过实践项目巩固知识，最后关注前沿技术和社区动态。保持好奇心和耐心，享受探索与学习的过程。
2025-06-07 16:42:51,757 - DEBUG - XiDian - Final reasoning response: 嗯，我现在想学习一下机器学习。但是，我刚刚开始接触这个领域，对机器学习的基本概念还不是很了解。我应该从哪里开始呢？听说机器学习在很多领域都很有应用，比如数据分析、自动驾驶、医疗诊断等等，但我其实不太确定如何学习。

首先，我想，机器学习到底是什么？是不是就是让计算机自己从数据中学习，然后自己做出预测或者决策？听起来好像是这样，但具体的实现方式我还不太清楚。听说有很多算法，比如线性回归、支持向量机、决策树等等，但是这些名字听起来有点复杂，我需要一步一步来。

那我应该先从学习基础知识开始。我知道，数学应该是一个重要的基础，尤其是概率论和统计学。可是，我对这些数学知识有点生疏了，有没有什么比较好的入门资料呢？是不是有很多在线课程，或者书籍呢？

我记得之前听说过Python，它是一个很流行的编程语言，特别是在机器学习领域。很多机器学习算法都是用Python实现的。那么，我应该先学习Python吗？是的，好像很多教程都是用Python讲解机器学习的。那如何开始学习Python呢？有没有入门的课程或者书籍？

听说有一个叫做Coursera的平台，上面有很多优质的课程。比如说，里面有《Python Crash Course》这样的书，适合Python的入门。还有《机器学习课程》这样的课程，专注于机器学习的基础概念和算法。我知道这些，但我不知道这些课程的具体内容是不是足够全面，是否能满足我的学习需求。

除此之外，我还听说过KDnuggets这个网站，上面有很多关于机器学习的最新资讯和资源，是不是应该也关注一下？还有Medium上的机器学习专栏，作者们通常会分享一些有趣又有用的内容，是不是可以用来辅助学习？

除此之外，我还想阅读一些经典的书籍，比如《The Elements of Statistical Learning》或者《Pattern Recognition and Machine Learning》。这些书是不是有点难度，作为入门书籍是否适合我呢？或者有没有更简单一点的书籍，更适合刚入门的人阅读？

听说scikit-learn是一个很流行的机器学习库，用起来非常方便。但是，它背后的算法原理我还是不太清楚，需要先理解这些算法然后再去用库来实现吗？或者说，先了解如何使用库再去深入学习算法？这个问题困扰我很久了，不知道如何解决。

我还听说有Google的W TensorFlow平台和Keras，这些 frameworks是不是更容易上手呢？有没有推荐的教程或者课程来学习这些工具？我觉得这个阶段我可能更需要先了解基本概念，再逐步深入学习这些工具和技术。

然后是数学的基础，特别是线性代数、概率论和统计学。我需要重新学习这些数学知识，以便更好地理解机器学习的原理。可是，怎么有效地学习这些数学知识呢？有没有推荐的课程或者教材？

我听说数据预处理和特征工程也是机器学习中非常重要的部分。在实际应用中，数据的质量和预处理步骤直接影响算法的性能。那如何进行数据预处理呢？有哪些常用的特征工程方法呢？是不是有一些标准的步骤需要遵循？

再说到机器学习的不同模型，比如监督学习、无监督学习、强化学习等等。它们之间的区别是什么？各自适用于什么样的场景？是不是每种模型都有不同的优点和缺点，需要根据具体问题来选择？

模型评估和调优也是一个关键点。如何衡量一个机器学习模型的性能？常用的评估指标有哪些？如果模型表现不好，应该怎么进行参数调优或者模型调优呢？有没有一些系统的方法或策略来提升模型性能？

机器学习的伦理和责任也不能忽视。在使用机器学习技术时，如何确保公平性、透明度和隐私保护？这是否是未来机器学习发展需要关注的重点？

实践项目也是学习机器学习的重要方式。我应该怎么做这些项目？是自己找一些公开的数据集来练习？还是跟着教程一步一步来构建一个模型？有没有推荐的项目平台或者资源？

时间管理和学习计划也是关键。机器学习涉及到多个知识点，我应该如何合理安排学习时间，确保每个知识点都能得到足够的理解和练习？

自动化工具比如Jupyter Notebook或者Google Colab是不是应该在学习过程中使用呢？这些工具如何提高学习和实验效率？有没有学习它们的基础知识？

最后，持续学习和社区参与也很重要。机器学习领域变化迅速，我需要关注最新的发展和趋势。同时，加入社区，与他人交流经验，获取学习资源，也是提升自己的好方法。

总的来说，学习机器学习需要系统的学习计划，从基础知识到实践项目，逐步深入。同时，理论与实践相结合，不断积累经验和改进方法。这是一个长期而持续的学习过程，需要耐心和毅力。

2025-06-07 16:42:51,845 - DEBUG - XiDian - 进入 get_experiment_record_details，整体实验ID: 1, 用户ID: 1
2025-06-07 16:42:51,847 - DEBUG - XiDian - 实验 1 共有 10 个步骤。
2025-06-07 16:42:51,848 - DEBUG - XiDian - 步骤 1: 找到记录 3，状态 'completed', 分数 95.0
2025-06-07 16:42:51,848 - DEBUG - XiDian - 步骤 2: 未找到对应记录，默认为 'pending', 分数 0.0
2025-06-07 16:42:51,848 - DEBUG - XiDian - 步骤 3: 未找到对应记录，默认为 'pending', 分数 0.0
2025-06-07 16:42:51,849 - DEBUG - XiDian - 步骤 4: 找到记录 1，状态 'completed', 分数 90.0
2025-06-07 16:42:51,849 - DEBUG - XiDian - 步骤 5: 未找到对应记录，默认为 'pending', 分数 0.0
2025-06-07 16:42:51,849 - DEBUG - XiDian - 步骤 6: 未找到对应记录，默认为 'pending', 分数 0.0
2025-06-07 16:42:51,850 - DEBUG - XiDian - 步骤 7: 未找到对应记录，默认为 'pending', 分数 0.0
2025-06-07 16:42:51,850 - DEBUG - XiDian - 步骤 8: 未找到对应记录，默认为 'pending', 分数 0.0
2025-06-07 16:42:51,850 - DEBUG - XiDian - 步骤 9: 未找到对应记录，默认为 'pending', 分数 0.0
2025-06-07 16:42:51,850 - DEBUG - XiDian - 步骤 10: 未找到对应记录，默认为 'pending', 分数 0.0
2025-06-07 16:42:52,579 - DEBUG - XiDian - Final response: 

学习机器学习是一条充满挑战但也充满机会的道路。机器学习是一个跨领域的综合性学科，涉及编程、数学、统计学、算法和应用等多个方面。以下是学习机器学习的分步指南：

---

### **1. 确定学习目标**
- ** redirected **:  
  - 明确你想通过机器学习达到什么目标（如求职、科研、数据分析等领域）。
  - 了解所需的知识深度和技能：
    - 基础知识（编程、数学、算法）。
    - 机器学习算法及其应用。
    - 实践技能（项目、模型部署）。

---

### **2. 学习基础知识**
#### **(a) 掌握编程语言**
- **Python** 是机器学习的常用语言，建议从基础开始学习：
  - 熟悉变量、数据结构（列表、字典、元组、集合）、函数、类等。
  - 掌握NumPy、Pandas、Matplotlib 等库的基础使用。

- **学习资源**:
  - [Codecademy - Python 机器学习入门](https://www.codecademy.com/learn/机器学习)
  - [LeetCode - Python 题目练习](https://leetcode.com/)

#### **(b) 掌握数学基础**
机器学习的核心依赖于数学知识，尤其是线性代数、概率论和统计学：
- **线性代数**:
  - 向量和矩阵的操作（点积、转置、逆）。
  - 矩阵分解（如 SVD）。
  - 维度与特征之间的关系。
  - 学习资源：[3Blue1Brown - 线性代数的几何视角（[视频](https://www.bilibili.com/program详细内容](https://www.bilibili.com/program/subject?sea.iculturalid=block&sea.role=block))](https://www.3blue1brown.com/aligned)-)

- **概率与统计**:
  - 均值、方差、标准差等基本概念。
  - 概率分布（正态分布、泊松分布等）。
  - 假设检验（T检验、ANOVA等）。
  - 学习资源：[机器学习 crash course - 统计学](https://www.coursera.org/specializations/machine-learning-and-data-science)

- **优化方法**:
  - 梯度下降（Gradient Descent）、随机梯度下降（SGD）。
  - 学习资源：[Coursera - 机器学习](https://www.coursera.org/specializations/machine-learning)

---

### **3. 学习机器学习基础知识**
机器学习的核心概念包括：
- 算法分类（监督学习、无监督学习、半监督学习、强化学习）。
- 常用机器学习模型：
  - 监督学习:
    - 线性回归。
    - 逻辑回归。
    - 决策树。
    - 随机森林。
    - 支持向量机（SVM）。
    - 神经网络（深度学习框架如 TensorFlow 或 PyTorch）。
  - 无监督学习:
    - 聚类（K-means、层次聚类）。
    - 密度估计（高斯混合模型）。
    - 分主成分分析（PCA）。
  - 其他: 回归、降维、生成对抗网络（GAN）等。

- **学习资源**:
  - [Coursera - 机器学习](https://www.coursera.org/specializations/machine-learning)（Andrew Ng 授课）。
  - [Andrew Ng 的 Deep Learning Specialization](https://www.coursera.org/specializations/deep-learning)。
  - [机器学习算法 cheatsheet](https://github.com/mohakabani/machine-learning-cheatsheet)。

---

### **4. 实践与项目**
机器学习的主要价值在于实践，通过项目来巩固理论知识：
- 从简单项目开始，逐步挑战更复杂的任务：
  - **第一个项目**: 实现一个简单的分类器（如逻辑回归或 SVM）。
  - **第二个项目**: 搭建一个数据 pipelines（数据清洗、特征工程、模型训练、评估）。
  - **复杂项目**: 研究前沿问题（如图像分类、自然语言处理、推荐系统等）。

- **学习平台**:
  - [Kaggle](https://www.kaggle.com)：提供丰富的公开数据集和比赛。
  - [Google Colab](https://colab.research.google.com)：使用深度 Learning 模型，无需安装本地环境。

---

### **5. 模型评估与调优**
了解如何评估机器学习模型并对其进行调优：
- **评估指标**:
  - 准确率（Accuracy）、精确率（Precision）、召回率（Recall）、F1 分数（F1-Score）。
  - ROC 曲线和 AUC 分数。
  - RMSE（均方根误差）、MSE（均方误差）等回归指标。

- **模型调优**:
  - 超参数调优（如网格搜索、随机搜索）。
  - 过拟合与欠拟合的处理（正则化、数据增强）。
  - 特征工程（数据预处理、特征选择、特征提取）。

- **学习资源**:
  - [机器学习模型调优](https://machinelearningmastery.com/hyperparameter-optimization-for-machine-learning-models-in-python/)。
  - [Scikit-learn 模型调优文档](https://scikit-learn.org/stable/tutorials([{model-specific tutorials)](https://scikit-learn.org/stable/tutorials getIndex.html))。

---

### **6. 深入学习与应用**
掌握以下内容后，可以进一步深入应用机器学习：
- **深度学习**:
  - 神经网络基础（前向传播、反向传播）。
  - 深度学习框架（TensorFlow、PyTorch）。
  - 现代深度学习技术（比如卷积神经网络（CNN）、循环神经网络（RNN）、生成对抗网络（GAN））。

- **强化学习**:
  - 基本概念与应用（如游戏AI）。

- **实际应用**:
  - 建模流程：明确目标 → 数据收集与预处理 → 模型选择与调优 → 部署与评估。

- **学习资源**:
  - [DeepLearning.AI 官方教程](https://www.deeplizard.com/learn/).
  - [PyTorch 官方文档](https://pytorch.org/).

---

### **7. 持续学习与社区参与**
机器学习是一个不断发展的领域，建议保持学习的热情并加入社区：
- **持续学习**:
  - 阅读经典的机器学习书籍（如《Pattern Recognition and Machine Learning》、《机器学习实战》）。
  - 关注机器学习领域的最新动态（如 Medium 的机器学习教程、GitHub 上的开源项目）。

- **社区与交流**:
  - 参与 Kaggle 竞赛，与选手互动。
  - 加入 Reddit 的机器学习社区（如 r/machinelearn）。
  - 参加线下或线上的机器学习 meetup。

---

### **总结**
学习机器学习的步骤大致如下：
1. **打好数学基础** → 掌握编程语言（Python）。
2. **了解机器学习算法** → 理解基本概念和实现原理。
3. **通过项目实践** → 将理论应用于实际问题。
4. **深入学习与应用** → 探索前沿话题和应用场景。
5. **持续学习与社区互动** → 保持对行业的关注和进步。

机器学习是一条充满挑战但也非常 rewarding的道路。通过不断学习与实践，你可以逐渐掌握这一领域的核心技能，并在未来的职业发展中受益。
2025-06-07 16:42:52,587 - DEBUG - XiDian - Final reasoning response: 好，用户之前让我写了一个简单的冒泡排序，现在他问“如何学习机器学习”。看起来他可能对机器学习感兴趣，想开始学习这个领域。首先，我得理解他的背景。他是学生？还是有工作背景？目标是什么？是想做研究，还是应用机器学习解决问题？

从他的问题来看，他可能是一个刚接触机器学习的新手，想了解学习路径和资源。他可能对机器学习的基础概念、算法、应用以及学习资源不太清楚。

所以，我需要考虑一个全面的学习路径。体系化的学习步骤很重要。我应该从基础知识开始，涵盖编程、数学，然后一步步深入到机器学习的基本概念、算法、选择模型、实践应用，最后是持续学习。

编程能力是基础，特别是Python，因为它在机器学习中用得非常多。推荐学习平台如Codecademy或LeetCode，这有助于他快速掌握语法和编程思维。

数据处理和可视化也是机器学习的关键。学习Pandas和Matplotlib会很有帮助，因为这些工具在数据预处理和分析中非常重要。

数学基础部分，尤其是线性代数、概率论和统计学，对理解机器学习算法至关重要。推荐Andrew Ng的Coursera课程，因为它几乎是机器学习的入门金课。

机器学习算法方面，涵盖监督、无监督和强化学习，了解每个算法的基本原理和应用场景。花书《深度学习》是很好的资源，但可能对初学者难度较大，可以结合Andrew Ng的课程来学习。

机器学习项目实践非常重要，可以帮助他巩固理论知识，并培养解决实际问题的能力。从最小二分类器开始，逐步挑战更复杂的任务。

模型评估与调优是不能忽视的环节。通过混淆矩阵、ROC曲线等工具来评估模型性能，使用交叉验证和网格搜索来优化模型，这些技能对他的提升有很大帮助。

模型部署与应用部分，学习Scikit-learn API的设计，可以帮助他将模型集成到实际应用中。正如Rahul Bhattacharya所说，机器学习的目标是让计算机像人脑一样解决问题，这需要他在各个步骤上不断实践和改进。

持续学习和社区参与也是关键。保持好奇心，参与 Kaggle 竞赛，与社区交流，跟腱反思代码和模型，可以让他在学习过程中不断进步。

最后，激励他坚持学习，机器学习是值得投入的时间和精力，未来在数据科学和人工智能领域有着无限的机遇和挑战。

总之，我需要为他提供一个详细、分步骤的学习路线，涵盖基础知识、算法、项目实践和持续学习，同时给出实用的学习资源和建议，帮助他系统地学习机器学习，快速上手并取得实际成绩。

2025-06-07 16:42:52,649 - DEBUG - XiDian - 进入 get_experiment_record_details，整体实验ID: 1, 用户ID: 1
2025-06-07 16:42:52,650 - DEBUG - XiDian - 实验 1 共有 10 个步骤。
2025-06-07 16:42:52,650 - DEBUG - XiDian - 步骤 1: 找到记录 3，状态 'completed', 分数 95.0
2025-06-07 16:42:52,651 - DEBUG - XiDian - 步骤 2: 未找到对应记录，默认为 'pending', 分数 0.0
2025-06-07 16:42:52,651 - DEBUG - XiDian - 步骤 3: 未找到对应记录，默认为 'pending', 分数 0.0
2025-06-07 16:42:52,651 - DEBUG - XiDian - 步骤 4: 找到记录 1，状态 'completed', 分数 90.0
2025-06-07 16:42:52,651 - DEBUG - XiDian - 步骤 5: 未找到对应记录，默认为 'pending', 分数 0.0
2025-06-07 16:42:52,651 - DEBUG - XiDian - 步骤 6: 未找到对应记录，默认为 'pending', 分数 0.0
2025-06-07 16:42:52,651 - DEBUG - XiDian - 步骤 7: 未找到对应记录，默认为 'pending', 分数 0.0
2025-06-07 16:42:52,651 - DEBUG - XiDian - 步骤 8: 未找到对应记录，默认为 'pending', 分数 0.0
2025-06-07 16:42:52,651 - DEBUG - XiDian - 步骤 9: 未找到对应记录，默认为 'pending', 分数 0.0
2025-06-07 16:42:52,651 - DEBUG - XiDian - 步骤 10: 未找到对应记录，默认为 'pending', 分数 0.0
2025-06-07 16:42:53,256 - DEBUG - XiDian - Final response: 

学习机器学习需要一个系统化的步骤，逐步掌握基础概念和实践技能。以下是一个详细的指南，帮助你有效地学习机器学习：

---

### 1. 学习机器学习的背景和基本概念

**（1）理解机器学习的定义和类型**  
机器学习是一种让计算机在没有明显程序程序的情况下，通过分析数据学习规律并提高任务准确性的方法。常见的机器学习类型包括：
- **监督学习**：监督学习利用已标注数据对模型进行训练，常见任务如分类（如分类、回归）和预测。
- **无监督学习**：无监督学习利用无标签数据，发现数据中的内在结构，常见任务如聚类（如K-means、层次聚类）和降维（如PCA、t-SNE）。
- **半监督学习**：结合有标签和无标签数据的训练方法。
- **强化学习**：通过代理与环境的交互来学习策略，常见任务如游戏AI（如AlphaGo）。

**（2）机器学习的流程**  
- **数据准备**：收集、清洗、预处理和转换数据。
- **算法选择**：根据问题类型选择合适的算法（如线性回归、决策树、神经网络等）。
- **模型训练**：使用训练数据训练模型。
- **模型评估**：通过评估指标评估模型性能（如准确率、召回率、F1分数等）。
- **模型优化**：通过调参或正则化等方法改进模型性能。
- **模型部署**：部署模型到生产环境，进行预测或决策。

---

### 2. 学习机器学习需要掌握的数学知识

**（1）统计学基础**  
- 描述性统计：均值、方差、标准差、中位数、四分位数等。
- 推理统计：假设检验、置信区间、p值等。
- 相关与回归分析：相关系数、线性回归、多元回归等。

**（2）线性代数**  
- 向量与矩阵：向量的加法、内积、外积、矩阵乘法等。
- 特殊矩阵：单位矩阵、对角矩阵、逆矩阵、转置矩阵等。
- 特征分解与奇异值分解（SVD）：理解PCA等降维技术的基础。

**（3）微积分基础**  
- 导数与偏导数：理解梯度下降算法的原理。
- 多变量函数：理解多元函数的极值求解。
- 优化方法：理解梯度下降、共轭梯度法、随机梯度下降等优化算法。

**（4）概率与统计**  
- 概率分布：正态分布、二项分布、泊松分布等。
- 贝叶斯定理：理解贝叶斯分类器的核心思想。
- 期望与方差：理解期望、方差、协方差等统计量的作用。

---

### 3. 熟悉常用机器学习工具与框架

**（1）Python与数据分析工具**  
- **Python编程基础**：掌握Python高级编程技巧，如列表推导、装饰器、异常处理、多线程与进程等。
- **NumPy数组操作**：掌握NumPy的高级操作，如数组切片、数组合并、广播等。
- **Pandas数据处理**：掌握Pandas的 DataFrame与 Series操作，数据清洗、合并、重塑等。
- **Matplotlib与Seaborn可视化工具**：掌握数据可视化的基本技巧，绘制图表、热力图、散点图等。

**（2）机器学习与深度学习框架**  
- **Scikit-learn机器学习库**：掌握机器学习算法的实现，如线性回归、决策树、SVM、聚类、降维等。
- **Keras与TensorFlow（TF）**：掌握深度学习模型的实现，如卷积神经网络（CNN）、循环神经网络（RNN）、长短期记忆网络（LSTM）等。
- **PyTorch深度学习框架**：掌握深度学习模型的实现与自定义模型的开发。

---

### 4. 选择机器学习学习资源

**（1）官方文档和教程**  
- **Scikit-learn官网**：学习机器学习算法与模型评估的方法。
- **TensorFlow和Keras官网**：学习机器学习模型与深度学习框架的设计与实现。
- **Dive into Deep Learning**：深度学习的权威书籍，提供Python实现代码。

**（2）在线课程**  
- **Coursera上的机器学习课程（Andrew Ng）**：经典的人工智能课程，系统学习机器学习基础。
- **Udemy上的机器学习课程**：价格亲民，内容详实，适合零基础学习。
- **Fast.ai的机器学习课程**：以其教学理念著称，课程更具实用性，重点培养应用能力。

**（3）书籍**  
- **《机器学习实战》（机器学习Python实现）**：结合代码学习机器学习算法。
- **《深度学习》（深度学习经典书籍）**：全面系统地介绍深度学习的理论与实践。

---

### 5. 开始机器学习实践项目

**（1）选择学习路径**  
- **快速入门**：尝试Kaggle上的基础数据科学问题，如泰坦尼克号乘客存活预测。
- **中阶项目**：尝试 handwritten digit recognition（手写数字识别）等中等难度的问题。
- **高级项目**：尝试复杂的深度学习项目，如图像分类、自然语言处理（NLP）等。

**（2）使用Kaggle**  
- 将Kaggle账户激活，浏览历史比赛，选择适合自己的项目。
- 在线参与数据分析和机器学习比赛，学习社区的优秀解决方案。

**（3）实践问题示例**  
- **分类问题**：如邮件分类、癌症诊断、银行贷款违约风险评估。
- **回归问题**：如房价预测、销售额预测、温度预测。
- **聚类问题**：如客户细分、图像压缩。

---

### 6. 持续学习与社区参与

**（1）订阅 mailing list 和 tirelessly**  
- **机器学习 mailing list**：获取最新研究进展和应用案例。
- **机器学习顶级 10 线上课程**：持续学习和提升技能。

**（2）参加在线比赛和竞赛**  
- 竞争对手的经验可以提供借鉴，帮助你改进模型与算法。

**（3）加入机器学习社区**  
- **Stack Overflow机器学习版块**：提问和回答，提高编程与算法应用能力。
- **Reddit的机器学习版块**：获取学习资源和讨论前沿问题。

**（4）阅读高质量的文章和论文**  
- **Towards Data Science**：定期阅读与机器学习相关文章和案例。
- **arXiv机器学习分类区**：阅读最新的研究论文，了解前沿动态。

---

### 7. 总结与持续学习的建议

**（1）建立学习计划表**  
- 计划学习时间及内容，保持自律学习。
- 定期回顾目标，调整学习计划。

**（2）保持好奇心与批判思维**  
- 遇到新知识和新技术时，保持好奇心，深入思考其应用场景和潜在问题。
- 合理质疑现有方法，尝试优化或改进现有模型。

**（3）文档与笔记**  
- 记录学习笔记和心得体会，定期复习巩固。
- 学习他人经验，避免重复犯错误。

---

### 8. 面临的挑战与解决办法

**（1）缺乏数据**  
- 如果没有足够的数据进行训练和测试，可以通过网络爬虫获取公开数据集，或使用合成数据。

**（2）术语与理论理解困难**  
- 遇到不理解的术语时，查阅资料，逐步深入理解。
- 参考官方文档，学习模型的实现细节和背后的数学原理。

**（3）算法实现困难**  
- 从头开始实现基础算法（如线性回归、神经网络）来加深对原理的理解。
- 逐步简化复杂的算法，关注核心逻辑和关键代码部分。

---

通过系统学习和不断实践，你将掌握机器学习的核心概念和rophecompile 复杂技术。记住，机器学习是一门实践性极强的学科，只有通过实际操作才能加深对知识的理解。坚持学习，保持好奇心，你将逐渐成为机器学习的高手。祝你学习顺利！
2025-06-07 16:42:53,257 - DEBUG - XiDian - Final reasoning response: 嗯，我最近想深入学习一下机器学习，但感觉有点复杂和 overwhelming。首先，我需要弄清楚机器学习到底是什么，它的主要目的是什么。听说机器学习通过数据训练模型来完成任务，但具体是怎么做到的呢？是用什么编程语言？是Python吗？我觉得可能需要用到Python，因为我已经学过一些基础的Python编程了。

那么，我需要学习哪些基础知识呢？听说过统计学，这可能很重要，因为机器学习和数据分析密不可分。然后是线性代数和矩阵运算，因为数据通常是用矩阵表示的。还有微积分，因为在优化算法时会用到梯度下降之类的概念。概率和统计学看起来也是基础中的基础。

接下来，学习机器学习的“十大学习平台”是怎样呢？好像有很多在线课程和资源可以利用。课程的难易程度如何？是否适合我？我的时间比较紧张，所以课程的安排和时长需要考虑一下。

再者，代码实现和数学基础该如何平衡呢？直接上代码可能会很快掌握一些模型，但那样的话对数学原理了解不够深入，可能会影响应用时的策略调整。所以，是否应该先从数学原理入手，再进行代码实现？

还有，实践项目非常重要。我应该怎么做这些项目呢？是否需要选择一些公开的数据集来练习？或者有没有推荐的教程和项目？另外，是否需要与社区或他人交流，比如参加论坛或者比赛，这样能获取更多的帮助和反馈。

评估模型性能方面，不同的评估指标如何选择和应用？精确度、召回率、F1分数这些概念我有些模糊，需要进一步学习和理解。过拟合和欠拟合的问题如何避免？ regularization这些技术该如何应用？

以后如何持续学习和提高呢？是不是需要订阅一些 mailing list，参加在线课程，或者加入机器学习社区？保持自律和持续的学习态度真的很重要。

另外，我是否需要特定的硬件配置来运行复杂的机器学习算法？比如 GPU 的支持对于深度学习来说非常重要，我需要确认我的计算机是否能满足这个要求。如果是的话，是否需要专门的硬件配置？

最后，是否应该先专注于理解基础概念，然后逐步深入学习和实践应用？是一步一个脚印地来，还是可以尝试一下子学习多个不同的算法和框架？

2025-06-07 16:42:53,330 - DEBUG - XiDian - 进入 get_experiment_record_details，整体实验ID: 1, 用户ID: 1
2025-06-07 16:42:53,331 - DEBUG - XiDian - 实验 1 共有 10 个步骤。
2025-06-07 16:42:53,332 - DEBUG - XiDian - 步骤 1: 找到记录 3，状态 'completed', 分数 95.0
2025-06-07 16:42:53,332 - DEBUG - XiDian - 步骤 2: 未找到对应记录，默认为 'pending', 分数 0.0
2025-06-07 16:42:53,333 - DEBUG - XiDian - 步骤 3: 未找到对应记录，默认为 'pending', 分数 0.0
2025-06-07 16:42:53,333 - DEBUG - XiDian - 步骤 4: 找到记录 1，状态 'completed', 分数 90.0
2025-06-07 16:42:53,333 - DEBUG - XiDian - 步骤 5: 未找到对应记录，默认为 'pending', 分数 0.0
2025-06-07 16:42:53,334 - DEBUG - XiDian - 步骤 6: 未找到对应记录，默认为 'pending', 分数 0.0
2025-06-07 16:42:53,334 - DEBUG - XiDian - 步骤 7: 未找到对应记录，默认为 'pending', 分数 0.0
2025-06-07 16:42:53,334 - DEBUG - XiDian - 步骤 8: 未找到对应记录，默认为 'pending', 分数 0.0
2025-06-07 16:42:53,335 - DEBUG - XiDian - 步骤 9: 未找到对应记录，默认为 'pending', 分数 0.0
2025-06-07 16:42:53,335 - DEBUG - XiDian - 步骤 10: 未找到对应记录，默认为 'pending', 分数 0.0
2025-06-07 16:42:54,017 - DEBUG - XiDian - Final response: 

学习机器学习是一个系统化的过程，涉及算法、数学、编程和实践。以下是一个逐步的学习路径和方法，帮助你快速入门机器学习：

---

### 1. **学习基础知识**
机器学习建立在数学、编程和统计学的基础上，因此需要掌握基础知识。

#### **1.1 数学基础**
机器学习的核心算法依赖于线性代数、概率论、统计学和优化理论。

- **线性代数**：用于处理向量和矩阵操作，是机器学习的核心。
  - 学习建议：复习矩阵运算、向量空间、特征值等。
  - 资源：《Linear Algebra and Its Applications》（ Gilbert Strang 著）或在线课程（如Coursera上的“Mathematics for Machine Learning”）。

- **概率论与统计学**：用于理解数据分布、随机变量、假设检验等。
  - 学习建议：复习概率分布（如正态分布、贝叶斯分布）、统计假设检验、最大似然估计等。
  - 资源：《概率导论》（概率论的经典教材）或《Pattern Recognition and Machine Learning》（Chris Bishop 著）。

- **优化理论**：用于找到模型的最佳参数。
  - 学习建议：了解梯度下降、凸优化等概念。
  - 资源：推荐《Convex Optimization》（ Boyd 和 Vandenberghe 著）或相关在线课程。

#### **1.2 编程基础**
机器学习需要编写代码，重点是掌握Python，尤其是数据科学相关的库。

- **Python基础知识**：
  - 学习建议：熟悉Python语法、数据结构（如列表、字典、元组）、文件操作等。
  - 资源：《Python编程：从入门到实践》（Mark Lutz 著）或在线平台如Codecademy、LeetCode。

- **数据科学库**：
  - `NumPy`：用于高效处理数组和矩阵。
  - `Pandas`：用于数据处理和分析。
  - `Matplotlib` 和 `Seaborn`：用于数据可视化。
  - `Scikit-learn`：用于机器学习算法的实现。
  - 学习建议：通过官方文档和教程（如Scikit-learn的官方文档）逐步学习如何使用这些库。
  - 资源：Scikit-learn 的官方文档 [https://scikit-learn.org/stable/](https://scikit-learn.org/stable/)。

#### **1.3 机器学习基础**
了解机器学习的基本概念、算法和流程。

- **机器学习简介**：
  - 学习建议：理解监督学习、非监督学习、半监督学习和强化学习的定义和应用场景。
  - 资源：元知识网的文章《机器学习的那些事》。

- **常见算法**：
  - 学习建议：从简单到复杂，逐步学习算法的基本原理和应用场景。
  - 资源推荐：
    - **线性回归**：Coursera上的 Andrew Ng 的《机器学习》课程（Specialization）。
    - **决策树与随机森林**：Kaggle 上的《机器学习 A-Z》教程。
    - **支持向量机（SVM）**：Scikit-learn 的官方文档。
    - **神经网络与深度学习**：DeepLearning.AI 的《DeepLearning.AI 课程》。

——

---

### 2. **学习资源**
根据你的学习目标和兴趣方向，选择合适的资源进行学习。

#### **2.1 在线课程**
以下几个平台提供了高质量的机器学习课程：

1. **Coursera**：
   - Andrew Ng 的《Machine Learning》系列课程（Coursera 专项学习）。
   - 端木大学（Sem尺度大学）的《机器学习》课程。
   - Google 的《Deep Learning Specialization》。

2. **edX**：
   - 麻省理工学院（MIT）的《机器学习导论》。
   - 普林斯顿大学的《算法与机器学习》。

3. **Udacity**：
   - 机器学习工程师 nano-degree 项目（Nanodegree）。
   - 数据科学家 nano-degree 项目。

4. **快的网（Kaggle Learn）**：
   - 提供许多机器学习的基础课程和项目实践。

#### **2.2 图书**
如果喜欢阅读，以下是一些经典的机器学习书籍：

1. **《机器学习》（机器学习的教课书）**（Pattern Recognition and Machine Learning）（ Bishop 著）。
2. **《统计学习导论：基于R》**（ Introduction to Statistical Learning, with R ）（ Gareth James 等著）。
3. **《机器学习从头到尾》（机器学习实战）**（Hands-On Machine Learning with Scikit-Learn, Keras, and TensorFlow）（ Aurélien Géron 著）。

#### **2.3 在线精华文章**
机器学习中的许多概念可以通过博客和文章快速理解。以下是一些优质的学习资源：

1. 知乎专栏：
   - 机器学习系列文章（尤其是“神作”合集）。
   - 《机器学习算法详解》系列。

2. 简书：
   - 机器学习相关的文章和教程。

3. 博客：
   - 吴恩达的 Medium文章。
   - Fast.ai 的 Machine Learning 课程和文档。

4. Stack Overflow：
   - 关于机器学习的问题和答案 demonic community。

---

### 3. **实践项目**
机器学习的关键是实践。尝试在 Kaggle 上进行各种比赛或数据集，逐步积累经验。

1. **Kaggle 数据集**：
   - 从 Kaggle 下载不同主题的数据集（如房价预测、图像分类、NLP 等）。
   - 通过在 Kaggle 上的比赛，不断优化模型。

2. **Git & GitHub**：
   - 学习如何使用Git进行版本控制，并将你的机器学习项目托管在 GitHub 上。

3. **:jupyter notebooks**：
   - Jupyter Notebook 是一个强大的工具，用于编写和执行代码。
   - 可以通过 Kaggle 网站生成 Jupyter Notebook。

---

### 4. **持续学习与社区**
机器学习是一个快速发展的领域，持续学习是非常重要的。

1. **订阅 newsletters 和博客**：
   - 订阅机器学习领域的最新动态，如<
   - 量子位（Quantum bits）<https://qubitweekly.com>
   - 机器学习与数据科学的顶尖新闻和见解。

2. **参与社区**：
   - 在 Reddit 上的机器学习小组（如 r/machin elongation）。
   - 在知乎上回答机器学习相关问题。
   - 在 GitHub 上关注机器学习开源项目。

3. **关注比赛和比赛结果**：
   - Kaggle 每周的比赛是一个不错的机会，看看别人如何处理数据和优化模型。

---

### 5. **总结与反思**
每天花一定时间学习和实践是关键。定期总结你学习的内容，记录遇到的问题和解决方法。

---

### 学习路径示例
以下是一个初步的机器学习学习路径：

1. 学习基础知识（线性代数、统计学、编程）。
2. 学习机器学习的基础算法（线性回归、逻辑回归、决策树）。
3. 使用 Scikit-learn 库实现这些算法。
4. 参与 Kaggle 比赛，实践模型优化。
5. 学习更高级的算法（如神经网络、支持向量机）。
6. 掌握深度学习框架（如 TensorFlow 或 PyTorch）。
7. 参与实际项目，积累经验。

---

### 学习方法总结
- **理论学习**：从在线课程或书籍开始，打牢基础。
- **实践操作**：通过编程实现算法，解决实际问题。
- **不断优化**：分析模型的性能，优化算法，提高准确率。

---

### 其他资源
- **官方文档**：
  - Scikit-learn 的官方文档 [https://scikit-learn.org/stable/](https://scikit-learn.org/stable/)。
  - TensorFlow 和 PyTorch 的官方文档。
- **GitHub 项目**：
  - 查找机器学习项目的 GitHub 仓库，学习他们的实现。

希望这篇指南能帮助你快速入门机器学习！
2025-06-07 16:42:54,029 - DEBUG - XiDian - Final reasoning response: 好，我需要帮助用户学习机器学习。用户之前问了冒泡排序，这是一个基础的排序算法。现在他问如何学习机器学习，看起来他可能对机器学习感兴趣，想从零开始学习。

首先，我应该考虑用户可能的背景。他可能是一个刚开始接触机器学习的人，可能有编程基础，比如Python，但可能对机器学习的概念还不熟悉。我应该从基础知识开始，逐步引导他。

机器学习是一个广泛的领域，涵盖监督学习、非监督学习、强化学习等。我应该先介绍这些基本概念，帮助他理解不同方法的区别和应用场景。

接下来，学习资源是关键。网站如Coursera、edX、Kaggle和Google Colab都是不错的选择。用户可能需要具体的平台和课程推荐，所以我应该列出一些免费或低价的课程，比如Andrew Ng的Coursera课程，以及밑emia大学的机器学习教程。

实践很重要，所以需要推荐项目和工具。比如Kaggle平台有很多项目，Python中的Pandas和Scikit-learn库也是必须的。我应该鼓励用户动手实践，尝试不同的算法和优化方法。

编程基础方面，如果用户没有Python基础，我应该提到学习Python basics，尤其是数据处理和机器学习库如NumPy和Scikit-learn的使用。数据预处理也是机器学习的重要部分，比如处理缺失值、归一化等。

数学部分对于理解算法很重要，尤其是线性代数、概率统计和优化。如果用户数学基础薄弱，我应该建议他们从基本概念开始复习，或者推荐相关的学习资源。

社区支持也很关键，机器学习有很多资源和社区，比如知乎、Stack Overflow、GitHub上的代码库等。鼓励用户参与讨论，分享经验，可能会帮助他们更快进步。

持续学习和实践是机器学习的关键，我应该提醒用户不仅仅是学习理论，还要不断实践，关注最新的研究成果和应用案例，参加比赛和项目，提升自己的能力。

最后，鼓励用户保持耐心，机器学习需要时间投入，但坚持下去会看到成果。总之，我需要构建一个从基础到实践的路径，帮助用户系统地学习机器学习。

2025-06-07 16:42:54,102 - DEBUG - XiDian - 进入 get_experiment_record_details，整体实验ID: 1, 用户ID: 1
2025-06-07 16:42:54,104 - DEBUG - XiDian - 实验 1 共有 10 个步骤。
2025-06-07 16:42:54,106 - DEBUG - XiDian - 步骤 1: 找到记录 3，状态 'completed', 分数 95.0
2025-06-07 16:42:54,107 - DEBUG - XiDian - 步骤 2: 未找到对应记录，默认为 'pending', 分数 0.0
2025-06-07 16:42:54,107 - DEBUG - XiDian - 步骤 3: 未找到对应记录，默认为 'pending', 分数 0.0
2025-06-07 16:42:54,108 - DEBUG - XiDian - 步骤 4: 找到记录 1，状态 'completed', 分数 90.0
2025-06-07 16:42:54,108 - DEBUG - XiDian - 步骤 5: 未找到对应记录，默认为 'pending', 分数 0.0
2025-06-07 16:42:54,108 - DEBUG - XiDian - 步骤 6: 未找到对应记录，默认为 'pending', 分数 0.0
2025-06-07 16:42:54,108 - DEBUG - XiDian - 步骤 7: 未找到对应记录，默认为 'pending', 分数 0.0
2025-06-07 16:42:54,108 - DEBUG - XiDian - 步骤 8: 未找到对应记录，默认为 'pending', 分数 0.0
2025-06-07 16:42:54,108 - DEBUG - XiDian - 步骤 9: 未找到对应记录，默认为 'pending', 分数 0.0
2025-06-07 16:42:54,108 - DEBUG - XiDian - 步骤 10: 未找到对应记录，默认为 'pending', 分数 0.0
2025-06-07 16:42:54,280 - DEBUG - XiDian - Final response: 

### 学习机器学习的步骤及建议

学习机器学习是一个系统而复杂的过程，但只要有耐心和正确的学习方法，任何人都可以掌握这一技术。以下是详细的步骤指南：

#### 1. **确定学习目标**

   - **短期目标**：短期目标可以是了解机器学习的基础概念和一些简单算法。
   - **长期目标**：长期目标可能是掌握多种算法，能够独立完成机器学习项目，并应用在实际问题中。

#### 2. **建立基础知识**

   - **数学基础**：  
     - **线性代数**：理解向量、矩阵、特征值等概念，对于PCA等算法很重要。
     - **概率与统计**：学习概率分布、统计推断、假设检验，这对于理解机器学习的原理至关重要。
     - **微积分**：掌握导数、梯度、积分，尤其是链式法则，这对于理解优化算法如梯度下降有帮助。
     - **资源**：can refer to online courses like "Mathematics for Machine Learning" on Coursera or books like "Pattern Recognition and Machine Learning" by Bishop.

   - **编程基础**：  
     - 熟练掌握Python，尤其是Pandas、NumPy和Matplotlib这些库的基本操作。
     - 学习数周的Python编程，包括数据结构、函数、模块等。可以通过Python官方文档和LeetCode来实践。

#### 3. **学习机器学习基础知识**

   - **概念和术语**：  
     熟悉机器学习的基本概念，如监督学习、无监督学习、有 reinforced学习、分类、回归、聚类等。
     - **资源**：可以参考Andrew Ng的《机器学习》课程，或者书籍《机器学习实战》。

   - **算法入门**：  
     从简单的算法开始，如线性回归、逻辑回归、k近邻算法（KNN）、决策树和随机森林。
     - **资源**：使用Python的scikit-learn库来实践这些算法。

#### 4. **实践项目**

   - **开始项目**：  
     寻找一个简单但有意义的项目，如预测房价、分类 iris 数据集、推荐系统等。
     - **资源**：Kaggle平台提供了许多starter competitions和教程，适合新手。
     - 实践中，要记录自己的思考过程，逐步改进模型。

#### 5. **学习高级算法和框架**

   - **深度学习和神经网络**：  
     - 学习深度学习框架如TensorFlow或PyTorch。
     - 研究和实现一些基础的神经网络，例如前馈神经网络、卷积神经网络（CNN）、 recurrent neural networks (RNN)。
     - **资源**：参考Google的DeepLearning nanodegree，或者书籍《深度学习》by Ian Goodfellow。

   - **强化学习**：  
     如果有兴趣，可以研究游戏中的强化学习技术，如DeepMind的AlphaGo系列。

#### 6. **参与社区和资源分享**

   - **在线社区**：  
     加入机器学习的论坛如Stack Overflow、Reddit、Kaggle Discourse，参与讨论，问问题，学习他人经验。
   - **分享与协作**：  
     在GitHub上贡献代码，分享自己的项目，学习更多开发者的工作。
     - **资源**：可以参考《The Hundred Page Machine Learning Book》的作者写的Python代码库。

#### 7. **持续学习和应用**

   - **持续学习**：  
     关注机器学习的最新进展和应用，阅读arXiv上的论文，参加在线课程如Coursera、Udacity等。
   - **应用实践**：  
     把学到的技术应用到自己的项目中，不断优化模型，尝试不同的算法和参数组合。
     - **资源**：可以参考书籍《机器学习工程师面试宝典》，帮助梳理知识点和应用技巧。

#### 8. **工具和技术的深入掌握**

   - **数据处理和可视化**：  
     熟练掌握Pandas用于数据处理，Matplotlib和Seaborn用于数据可视化，帮助更好地理解数据。
     - **资源**：Python官方文档和DataCamp上的数据可视化课程。

   - **版本控制**：  
     学习Git和GitHub，用来管理项目和协作开发。
     - **资源**：可以参考Git的官方文档，或者在线教程如Eli FDA的Git入门Guide。

   - **部署和生产化**：  
     学习如何将机器学习模型部署到生产环境，使用Flask、Django等框架，或者使用AWS、Azure的机器学习服务。
     - **资源**：阿里云的机器学习实践Cases，或者书籍《Python for Big Data》。

#### 9. **应对挑战和持续改进**

   - **解决问题**：  
     遇到困难时，不害怕寻求帮助。不要低估自己的能力， reasonable设定学习目标，逐步挑战自己。
     - **资源**：可以加入学习小组，或者在论坛上提问，比如Stack Overflow和Reddit，尤其是机器学习的子版块。

   - **持续反馈**：  
     每周总结自己的学习和项目进展，记录遇到的问题和解决方法，慢慢积累经验。

#### 10. **保持热情和耐心**

   - **学习动力**：  
     不要被失败打击，机器学习是一个长期而持续的学习过程，保持好奇心和学习的热情非常重要。
     - **资源**：听.meta的研究人员 MICHAEL NAYLOR 的演讲，讲述他如何从零开始学习并成功应用机器学习。

#### 11. **总结和反思**

   - 定期回顾自己的学习进展，评估哪些部分掌握了，哪些需要更多加强。通过定期测试和项目实践，检验自己的理解和应用能力。
   - **定期测试**：可以通过Kaggle的评估分数，或者自己建立测试集来验证模型的性能。

#### 12. **考虑职业发展**

   如果你有明确的职业目标，可以考虑将机器学习应用于你的职业方向，如金融、医疗、广告等行业。了解行业中的应用案例和问题，学习如何将机器学习技术解决实际问题。

#### 13. **制定和遵循学习计划**

   - **详细计划**：制定一个详细的学习计划，包括每周学习目标、学习内容和时间安排。
   - **执行与调整**：根据实际情况不断调整计划，确保有足够的时间和精力完成学习任务。

#### 14. **保持终身学习的态度**

   机器学习领域发展迅速，新技术和新算法层出不穷。保持开放的心态，持续学习，了解最新的进展和应用实例，才能在全球化的竞争中保持竞争力。

#### 15. **实践，再实践**

   机器学习的最终目标是应用。根据自己的兴趣和职业目标，选择一个项目进行深入研究和实践。每天花一定时间进行项目开发和学习，逐步积累经验。

#### 16. **总结学习方法**

   相比于被动地阅读和观看视频，主动实践和动手解决问题是最快捷的学习方法。通过实践，可以更好地理解和掌握机器学习的基础知识和高级技巧。

通过以上系统的学习计划和不断的实践，我相信你一定能够掌握机器学习的基础知识和技能，为未来的深入学习和应用打下坚实的基础。记住，机器学习是一个不断迭代和探索的过程，耐心和毅力比天赋更为重要。保持好奇心和探索精神，你一定能在机器学习的领域有所成就。
2025-06-07 16:42:54,293 - DEBUG - XiDian - Final reasoning response: 嗯，我现在对学习机器学习感兴趣，但感觉有点不知所措。首先，我得弄清楚机器学习到底是什么。我记得老师提到过，机器学习是让计算机从数据中学习，而不是依赖于人。但具体是怎样的呢？是不是让电脑自己去发现规律？比如说，自动分类、预测？我觉得挺酷的，比如像判断图片中的东西是什么，或者预测房价这样的任务。

但是，我还需要了解学习的步骤和需要准备什么。听说机器学习需要数据、算法和评估。数据是基础，对吧？那我得先搞清楚数据是什么样的。是图片、表格数据、文本还是时间序列？数据的来源也很重要，是公开数据集还是自己收集的？听说像Kaggle这样的平台有很多数据集，但我觉得自己收集数据可能更有趣，虽然难度也更大。

学习算法的话，似乎有不同的方法。比如有监督学习、无监督学习、强化学习。有监督学习需要标签数据，用来分类或回归；无监督学习是在没有标签的情况下找数据的结构；强化学习好像是让机器自己通过尝试和错误来学习策略。我得先从基础的有监督学习开始，主要是分类和回归吧。但对于这些算法背后的原理，像什么是支持向量机、随机森林、神经网络，我之前都没接触过，感觉有点复杂。

数学部分也是个大问题。听说机器学习需要线性代数、概率统计和微积分。我不太擅长数学，尤其是统计部分，像概率分布、假设检验这些，对我来说有点难。我得怎么开始呢？是不是得从基础的数学概念开始复习，比如矩阵运算、概率基础、微积分的基本概念？

然后是编程部分，我觉得Python是机器学习的主要语言之一。已经有点编程基础了，但机器学习的库，比如TensorFlow、PyTorch、 scikit-learn这些，每个都有不同的功能，该怎么学呢？听说可以从基础的线性回归开始，逐步深入到更复杂的模型。那是不是得按照教程一步步来，找一些入门的例子来实践？

工具和技术方面，除了编程语言，像Jupyter Notebook、Git这些都是常用的工具。我还得学会数据处理和可视化，比如Pandas用于数据分析，Matplotlib或Seaborn用于绘图。数据预处理也是非常重要，比如数据清洗、特征工程、归一化等。这部分可能需要大量的实践，才能更好地理解和应用。

机器学习项目也是关键，单是看是不够的，得实际动手做项目，积累经验。这包括数据准备、模型选择、调参、评价和集成。我觉得，应该怎么开始呢？是不是先从简单的项目开始，比如预测房价、分类邮件是不是垃圾邮件， gradually challenge myself.

持续学习也很重要，因为机器学习领域发展很快，新技术和方法层出不穷。得关注最新的研究和应用，参加在线课程和日趋丰富的文档资源。可能还得投入一些时间去学习数学的基础，才能更好地理解算法的核心原理。

实践和项目实战是关键。虽然理论和数学是基础，but only getting my hands dirty doing real projects，才能真正掌握机器学习。我觉得，我得制定一个学习计划，把学习目标分解成可执行的任务，一步一步的来，别急。

 Challenges也很多，可能会遇到理解不了的概念，代码实现上的问题，或者项目时间管理上的困难。我得学会主动寻求帮助，多问问题，多和别人交流，参加论坛或者社区，互相学习。

保持耐心和热情也很重要，机器学习这条路可能难，但我还是想走下去，应用在自己的项目中。即使现在感觉有点吃力，也要坚持下去，未来会有收获的。

好，我觉得现在得开始制定一个系统的学习计划，逐步克服这些挑战，最终掌握机器学习的知识和技能。从基础知识开始，一步一步地学习、实践、应用，积累经验，希望未来能够在机器学习的领域有所建树。

2025-06-07 16:42:54,368 - DEBUG - XiDian - 进入 get_experiment_record_details，整体实验ID: 1, 用户ID: 1
2025-06-07 16:42:54,371 - DEBUG - XiDian - 实验 1 共有 10 个步骤。
2025-06-07 16:42:54,373 - DEBUG - XiDian - 步骤 1: 找到记录 3，状态 'completed', 分数 95.0
2025-06-07 16:42:54,373 - DEBUG - XiDian - 步骤 2: 未找到对应记录，默认为 'pending', 分数 0.0
2025-06-07 16:42:54,373 - DEBUG - XiDian - 步骤 3: 未找到对应记录，默认为 'pending', 分数 0.0
2025-06-07 16:42:54,374 - DEBUG - XiDian - 步骤 4: 找到记录 1，状态 'completed', 分数 90.0
2025-06-07 16:42:54,374 - DEBUG - XiDian - 步骤 5: 未找到对应记录，默认为 'pending', 分数 0.0
2025-06-07 16:42:54,374 - DEBUG - XiDian - 步骤 6: 未找到对应记录，默认为 'pending', 分数 0.0
2025-06-07 16:42:54,375 - DEBUG - XiDian - 步骤 7: 未找到对应记录，默认为 'pending', 分数 0.0
2025-06-07 16:42:54,375 - DEBUG - XiDian - 步骤 8: 未找到对应记录，默认为 'pending', 分数 0.0
2025-06-07 16:42:54,375 - DEBUG - XiDian - 步骤 9: 未找到对应记录，默认为 'pending', 分数 0.0
2025-06-07 16:42:54,376 - DEBUG - XiDian - 步骤 10: 未找到对应记录，默认为 'pending', 分数 0.0
2025-06-07 16:42:55,129 - DEBUG - XiDian - Final response: 

### 学习机器学习的逐步指南

学习机器学习是一个系统而渐进的过程，涉及多方面的知识和技能。以下是为你量身定制的学习计划和指南，帮助你从零开始逐步入门：

#### 1. **制定学习计划**
   - **每周学习时间**：建议每天 dedicate 1-2 小时，每周累计约 7-10 小时的学习时间。
   - **学习阶段划分**：
     - **博士阶段 1**：学习机器学习基础，理解基本概念和算法。
     - **博士阶段 2**：深入学习算法细节，掌握数学原理和支持库。
     - **博士阶段 3**：实践应用，完成项目并持续学习新技术。

#### 2. **学习基础知识**
   - **数学基础**：
     - **线性代数**：理解向量、矩阵和特征值。
     - **微积分**：掌握导数和梯度下降。
     - **概率统计**：学习概率分布和统计推断。
     - **资源**：可以参考《线性代数及其应用》、《微积分》和《概率统计》等经典教材，或者在线课程如Coursera上的Andrew Ng机器学习课程。

   - **编程基础**：
     - **Python**：学习基础语法，熟悉数据 Structures 和Pandas、NumPy库。
     - **Resources**：学习Python官方文档，一起动手完成Kaggle上的小项目，如Titanic或者House Prices预测。

#### 3. **机器学习入门**
   - **概念理解**：
     - 学习监督学习、无监督学习和强化学习的基本概念。
     - 理解分类、回归、聚类、降维等任务。
   - **算法概述**：
     - 学习线性回归、逻辑回归、决策树、随机森林、支持向量机（SVM）、K均值聚类等常用算法。
   - **资源推荐**：
     - 官方文档：机器学习框架如Scikit-learn、TensorFlow文档。
     - 入门书籍：《机器学习实战》（ insanely effective algorithms for supervised and unsupervised learning） by Peter Harrington。
     - 在线课程：Andrew Ng的《机器学习》课程和Coursera上的机器学习技法课程。

#### 4. **实践项目**
   - **数据集选择**：
     - 开始于Kaggle上的基础数据集，如Titanic数据集进行分类任务。
   - **项目流程**：
     - **数据理解**：分析数据，检查缺失值，绘图可视化。
     - **特征工程**：提取或创造有用的特征，处理类别变量。
     - **模型训练**：选择合适的模型进行训练和评估。
     - **模型优化**：调整参数，优化模型，使用交叉验证技术。
     - **模型评估**：使用准确率、召回率、F1分数等指标评估模型性能。

#### 5. **深入学习支持库**
   - **Pandas**：用于数据分析和处理，学习数据框、合并数据集、数据清洗等。
   - **NumPy**：高效数值计算的基础库。
   - **Scikit-learn**：机器学习接口，学习各种预建模型和管道式工作流程。
   - **TensorFlow/PyTorch**：如果目标是深度学习，则需要深入学习这两个框架。
   - **资源**：
     - 官方文档和教程，跟着教程一步一步学习。
     - 《Python机器学习》和《深度学习Python》等书籍。

#### 6. **评估与改进**
   - **模型评估**：
     - 学习各种评估指标，如MSE（均方误差）、R²（决定系数）、精确度、召回率、F1分数等。
     - 理解混淆矩阵和ROC- AUC曲线等评估方式。
   - **模型优化**：
     - 超参数调优：网格搜索（Grid Search）、随机搜索（Random Search）。
     - 过拟合与欠拟合：正则化方法（L1/L2正则化）。
     - 特征工程的重要性。

#### 7. **持续学习与社区参与**
   - **加入社区**：
     - 参与Kaggle竞赛、LeetCode等平台上的挑战，与社区中的成员互动交流。
     - 关注GitHub上的优秀机器学习项目和开源库。
   - **学习资源**：
     - 博客文章：读取机器学习大师的博客，如Distill.pub、Medium上的机器学习专栏。
     - 课程： дополнительные とても полезные ресурсы, как Coursera, edX, иUdemy, которые предоставляют специализированные курсы по машинному обучению.

#### 8. **数学原理的深入理解**
   - **基础概念复习**：
     - 线性代数：矩阵、向量空间、特征值和奇异值分解（SVD）。
     - 微积分：导数、梯度、偏导数、链式法则。
     - 概率统计：贝叶斯定理、最大似然估计。
   - **算法背后的数学**：
     - 理解线性回归的最小二乘法、支持向量机的优化问题。
     - 深入学习算法如神经网络的激活函数、反向传播和优化器（如SGD、Adam）的工作原理。

#### 9. **挑战与实践**
   - **参加比赛**：
     - 参与 Kaggle 上的机器学习比赛，如 House Prices Competition、Titanic Survival Prediction 等。
     - 在 competitions 中练习数据预处理、模型训练和评估。
   - **开发项目**：
     - 创建自己的机器学习项目，如预测股价、分类邮件类型等。
     - 在 GitHub 上分享你的项目和代码，向社区求助并获取反馈。

#### 10. **保持好奇心与学习**
   - **探索前沿领域**：
     - 关注当前机器学习的最新发展动态，如生成对抗网络（GAN）、 transformers 在 NLP 中的应用、强化学习等。
   - **持续学习**：
     - 关注统计博客平台如 Medium、 KDnuggets、 analytics Vidhya。
     - 定期阅读专业书籍和论文，保持知识的最新更新。

#### 11. **总结与反思**
   - **定期回顾**：
     - 每月或每季度总结自己的学习进展，记录遇到的问题和解决方法。
   - **调整学习计划**：
     - 根据实际情况调整学习目标和时间安排，确保学习的连贯性和深度。

### 学习资源汇总

- **在线课程**
  - **Coursera**:
    - Machine Learning (Andrew Ng)
    - Deep Learning Specialization (Andrew Ng)
    - Introduction to Machine Learning with Python (Carson Yang)
  - **edX**:
    - Introduction to Computer Science and Programming Using Python (Harvard)
    - Machine Learning (Edge)
  - **Udemy**:
    - Complete Python Boot Camp (RealCode With Eric)
    - Machine Learning A-Z (Shubhendra Tripathi)

- **书籍**
  - 《机器学习实战》（机器学习的代码实现）
  - 《Python机器学习》（深入学习机器学习框架）
  - 《深度学习Python》（深入学习深度学习）

- **博客和媒体报道**
  - Medium的机器学习和数据分析专栏
  - KDnuggets的新闻和博客
  - Analytics Vidhya的机器学习比赛和教程

- **数据集和竞赛**
  - Kaggle平台，提供丰富的数据集和机器学习竞赛

- **工具与框架**
  - **Pandas**: 用于数据分析和操作
  - **Scikit-learn**: 机器学习接口
  - **TensorFlow/PyTorch**: 深度学习框架
  - **Jupyter Notebook**: 交互式代码开发环境

通过以上系统的学习计划和丰富的资源，你可以逐步掌握机器学习的基础知识和实践技能，从入门到能够独立解决问题。记住，学习是一个持续的过程，保持好奇心和耐心，你会在机器学习的道路上走得非常远。
2025-06-07 16:42:55,141 - DEBUG - XiDian - Final reasoning response: 嗯，最近我决定开始学习机器学习，但感觉有点不知所措。首先，我觉得机器学习听起来很复杂，有很多术语和概念让我感到头疼。比如：“监督学习”、“无监督学习”、“深度学习”等等，这些听起来都像是不同的世界。我很多地方都不太明白，比如什么是分类，什么是回归，为什么需要算法那么复杂。

我看到有些教程提到“数据集”、“特征”、“标签”这些术语，有点让我头大。我需要先批量处理这些信息，还是慢慢来？我是不是应该先找到一个简单易懂的教程或者课程来入门？用Kaggle这个平台练习可能比较适合，因为听说那里有很多实际的项目和数据集。但是我没在上面注册过，操作起来是不是挺麻烦的？

另外，关于编程语言，Python是推荐的语言，但我是用Python学过一点的，后面是不是还需要深入学习一些高级的编程知识？听说机器学习需要掌握一些库，比如Pandas、NumPy、Scikit-learn，还有TensorFlow或者PyTorch这些。这些库听起来都是比较专业的，我该怎么开始学习这些库呢？

我还不是很确定自己的学习计划应该是什么样的。每天学习多少时间比较好？有没有什么具体的课程或者书单可以推荐？听说 Andrew Ng 教授的《机器学习》课程很经典，是不是应该从那里开始？还有DeepLearning.AI的课程怎么样？听说后者更专业，但是也更难，我是不是应该先完成基础课程，然后再挑战硬核内容？

另外，面对复杂的算法，比如神经网络、卷积神经网络，等等，是不是应该先理解它们的基本原理，而不是直接去写代码？有没有什么入门的教程能让我先理解这些概念而不被数学公式吓倒？

关于实践，我需要怎么开始？是直接开始做项目，还是先从一些现有的数据集了解一下？我听说Kaggle有很多比赛可以参加，比如Titanic或者House Prices，是不是应该从这些简单的比赛开始？但是我不确定数据预处理、特征工程这些步骤是不是也需要学习，我是否需要先掌握这些基础知识？

另外，关于评估模型的性能，用R²、准确率、精确率、召回率等等，这些都是什么？是不是需要学习一些统计学的基本概念？我以前有没有学过相关的统计学知识，这样看起来好一些？

最后，我觉得自己的数学基础是不是有些薄弱？比如微积分、线性代数、概率论，这些在机器学习中是不是很重要？我是不是需要先复习这些数学知识，才能更好地理解机器学习的算法？

总之，我感觉学习机器学习需要系统地进行，从基础知识开始逐步深入，但不知道具体的路径和步骤什么是最好的，可能得一步步来，先学到一定程度再继续下一步，可能会比较稳妥。

2025-06-07 16:42:55,202 - DEBUG - XiDian - 进入 get_experiment_record_details，整体实验ID: 1, 用户ID: 1
2025-06-07 16:42:55,204 - DEBUG - XiDian - 实验 1 共有 10 个步骤。
2025-06-07 16:42:55,206 - DEBUG - XiDian - 步骤 1: 找到记录 3，状态 'completed', 分数 95.0
2025-06-07 16:42:55,206 - DEBUG - XiDian - 步骤 2: 未找到对应记录，默认为 'pending', 分数 0.0
2025-06-07 16:42:55,206 - DEBUG - XiDian - 步骤 3: 未找到对应记录，默认为 'pending', 分数 0.0
2025-06-07 16:42:55,206 - DEBUG - XiDian - 步骤 4: 找到记录 1，状态 'completed', 分数 90.0
2025-06-07 16:42:55,206 - DEBUG - XiDian - 步骤 5: 未找到对应记录，默认为 'pending', 分数 0.0
2025-06-07 16:42:55,206 - DEBUG - XiDian - 步骤 6: 未找到对应记录，默认为 'pending', 分数 0.0
2025-06-07 16:42:55,207 - DEBUG - XiDian - 步骤 7: 未找到对应记录，默认为 'pending', 分数 0.0
2025-06-07 16:42:55,207 - DEBUG - XiDian - 步骤 8: 未找到对应记录，默认为 'pending', 分数 0.0
2025-06-07 16:42:55,207 - DEBUG - XiDian - 步骤 9: 未找到对应记录，默认为 'pending', 分数 0.0
2025-06-07 16:42:55,207 - DEBUG - XiDian - 步骤 10: 未找到对应记录，默认为 'pending', 分数 0.0
2025-06-07 16:42:55,256 - DEBUG - XiDian - Final response: 

### 学习机器学习的步骤指南

为了帮助你系统地学习机器学习，以下是一个分步骤的指南：

#### 第一步：建立学习目标和制定计划

1. **确定学习目标**：
   - 明确你想通过机器学习实现什么目的。例如，是进行图像分类、预测房价，还是进行推荐系统？
   
2. **制定学习计划**：
   - 根据时间安排，将学习内容分成短期和长期目标。例如，短期目标是理解基本概念和常用算法，长期目标可能是掌握高级算法和全栈的项目开发。

#### 第二步：复习必要的数学基础知识

机器学习的算法和模型依赖于数学知识，以下推荐学习的内容：

1. **线性代数**：
   - 向量和矩阵的操作，矩阵分解，特征值与特征向量。
   - 推荐资源：Coursera上的《Linear Algebra for Machine Learning》课程。

2. **微积分**：
   - 导数和梯度，优化方法（如梯度下降）。
   - 推荐资料：Khan Academy的微积分课程。

3. **概率和统计**：
   - 基本概率概念，常见的概率分布（如正态分布、贝叶斯分布），假设检验。
   - 推荐书籍：《概率论基础》和《统计学习导论》。

4. **优化方法**：
   - 梯度下降、随机梯度下降、共轭梯度法、牛顿法等。
   - 可参考机器学习算法的实现案例。

#### 第三步：学习机器学习的基础概念和常用算法

1. **机器学习入门**：
   - **监督学习**：有监督学习包括回归和分类。
     - 回归：线性回归、多项式回归。
     - 分类：逻辑回归、决策树、随机森林。
   - **无监督学习**：无监督学习用于数据聚类和降维。
     - 聚类：K-means、层次聚类。
     - 降维：主成分分析（PCA）。
   - **机器学习流程**：
     - 收集和准备数据。
     - 特征工程和数据清洗。
     - 选择模型并进行训练。
     - 评估模型性能。

2. **常用算法和框架**：
   - **Python机器学习框架**：
     - Scikit-learn：提供大量预构建的机器学习模型和工具。
     - TensorFlow和Keras：进行深度学习和神经网络的构建。
     - PyTorch：另一个强大的深度学习框架。
   - **算法学习**：
     - 从简单模型开始，如线性回归、逻辑回归。
     - 学习树模型（决策树、随机森林，XGBoost）。
     - 神经网络和深度学习的概述。

#### 第四步：数据处理与分析

1. **数据获取与准备**：
   - 从Kaggle等平台获取数据集。
   - 数据检查和清理，处理缺失值、处理类别变量（编码）。
   
2. **特征工程**：
   - 特征选择、特征提取（如文本数据的TF-IDF，图像数据的缩放）。
   - 数据可视化：使用Matplotlib和Seaborn进行数据分布可视化。

3. **数据集的划分**：
   - 训练集、验证集、测试集的划分。
   - 使用Cross-Validation技术来评估模型表现。

#### 第五步：学习机器学习模型与算法的实现

1. **基础模型实现**：
   - 使用Scikit-learn库手动实现基础模型，如线性回归、逻辑回归等。
   - 比较自定义实现和库的集成实现。

2. **高级模型学习**：
   - 深度学习模型：神经网络、卷积神经网络（CNN）、循环神经网络（RNN）。
   - 使用TensorFlow或Keras进行深度学习模型构建。

3. **模型调优与优化**：
   - 超参数调优：网格搜索（Grid Search）、随机搜索（Random Search）。
   - 梯度下降优化器：Adam、SGD、Momentum。
   - 防止过拟合：正则化（L1、L2）、Dropout层。

#### 第六步：实践与项目学习

1. **入门项目**：
   - 开始一些基础的机器学习项目，如房价预测、Titanic数据分析。
   - 使用Scikit-learn实现模型，并对结果进行分析。

2. **深度学习项目**：
   - 如果有基础，可以尝试做一些深度学习项目，如图像分类（使用AlexNet、VGG16等模型）、手写数字识别（MNIST）。

3. **参加比赛与竞赛**：
   - 参与Kaggle上的机器学习竞赛，实践所学知识，提高竞争力。
   - 学习和借鉴其他选手的解决方案和思路。

#### 第七步：学习进阶内容与最新的技术发展

1. **进阶算法**：
   - 支持向量机（SVM）、决策树、随机森林的进阶应用。
   - 聚类算法：K-means、层次聚类。
   - 降维技术：PCA、t-SNE。

2. **集成学习**：
   - 加成模型：Bagging、Boosting（AdaBoost、 Gradient Boosting、 XGBoost）。
   - 学习使用这些集成方法如何提高模型性能。

3. **AutoML（自动化机器学习）**：
   - 使用工具如Auto-sklearn、 TPOT来进行自动化数据准备、模型选择和参数调优。
   - 了解这些工具如何简化机器学习流程。

4. **最新技术**：
   - 序列模型：LSTM、GRU。
   - 图神经网络（GNN）、推荐系统技术。
   - 目标域特定的算法：如计算机视觉、自然语言处理中的特定模型。

#### 第八步：持续学习与参与社区

1. **持续学习**：
   - 定期阅读机器学习相关的书籍、论文和博客。
   - 关注最新的研究进展和应用案例。

2. **参与社区与交流**：
   - 加入机器学习相关的论坛（如知乎、Stack Overflow、Reddit）和社群。
   - 在Kaggle上参加比赛，提升实战能力。

3. **防御过拟合**：
   - 实践中使用交叉验证、正则化等方法防止过拟合。
   - 了解验证集的重要性，以及避免测试数据提前泄漏。

#### 第九步：整合知识与实践

1. **总结所学**：
   - 将各个知识点和实践项目结合起来，形成系统化的机器学习知识结构。

2. **开发完整的机器学习项目**：
   - 从数据收集、清洗、特征工程，到模型选择、训练、调优和评估。
   - 输出一个完整的机器学习流程报告，记录学习过程中的思考和尝试。

3. **分享与输出**：
   - 将自己开发的项目上传到GitHub，便于他人参考和学习。
   - 参与开源项目，或者为社区项目贡献代码。

#### 第十步：自我评估与改进

1. **评估学习成果**：
   - 定期评估自己在机器学习知识和技能上的进步。
   - 设定新的学习目标，保持学习动力。

2. **找出不足并改进**：
   - 反思在学习和项目中遇到的困难和错误。
   - 找到解决问题的方法，并记录下来。

通过以上步骤的学习与实践，你可以逐步系统地掌握机器学习的基础知识和应用技术，最终达到能够独立构建和优化机器学习模型的水平。记住，学习机器学习是一个循序渐进的过程，需要时间和耐心，但只要坚持不懈，你一定能够掌握这门技术。
2025-06-07 16:42:55,265 - DEBUG - XiDian - Final reasoning response: 今天，我决定开始学习机器学习。首先，我听说过机器学习是一个非常广泛领域，涉及算法和模型来帮助计算机学习和改进。但我对机器学习的基础还有很多疑问，比如它具体学的是什么？需要具备哪些数学知识？又应该从哪里开始学习呢？

我记得在高中阶段，我学习过一些基础的编程和数据处理，比如Python编程和一些统计学的概念。不过，这些都是很久以前学的知识，现在可能已经 forgot 大部分。机器学习可能需要更深层次的数学知识，比如线性代数、微积分和概率统计，这些都是我以前学过的，但需要复习一下。

我听说机器学习的算法有很多种，比如回归、分类、聚类、树模型等等。但我对这些术语的具体含义还不太清楚。比如，回归是什么？它如何帮助预测？分类又是怎么回事？聚类又是什么？

另外，我也知道机器学习需要数据，通常需要大量的数据来训练模型。不过，我对如何处理数据、清洗数据、选择合适的特征等等不太熟悉。这些都是机器学习过程中非常重要的步骤，我应该如何有效地处理这些数据呢？

听说机器学习模型的性能很大程度上取决于算法的选择和参数调整。但我对不同的算法之间有什么区别？如何选择最适合当前问题的算法？还有如何调整参数来优化模型性能？

在实际应用中，我还听说过过拟合和欠拟合的问题。如何防止模型过拟合或者欠拟合是机器学习中的一个核心挑战。我还不太清楚如何检测和解决这些问题。

学习资料方面，我找到了一些教程和书籍，比如《机器学习实战》和Kaggle上的教程。但是，觉得这些资料有些太深入，需要很多的数学基础和编程知识。作为一个刚开始学习的人，可能会感觉有些吃力。

我想知道，是否有适合新手的机器学习入门教程？比如一些更基础的课程或视频教程，能够系统地介绍机器学习的基本概念、算法和应用。

另外，我还不确定应该先学什么。是应该先深入理解数学基础，再开始编码实现？还是先从一些简单的模型和工具入手，比如用Python的Scikit-learn库来快速搭建模型？

我在网上看到了一些机器学习的课程和视频，比如Coursera上的Andrew Ng的《机器学习》课程，相信这可能是个好的起点，因为那是一位知名的机器学习专家。

不过，担心课程内容太抽象，缺乏实际操作，难以真正掌握机器学习的思想和技巧。我希望能够通过实践来学习，所以可能需要更多的项目来练习和应用所学的知识。

还有一点，我担心自己的数学和编程基础是否足够。虽然我以前学过一些Python和统计学，但在机器学习中，可能还需要更深入的数学知识。如何平衡学习数学、编程和实际应用呢？

summarize一下，我需要：

1. 小幅复习基础数学知识，包括线性代数、微积分和概率统计。
2. 了解机器学习的基本概念、常用算法和流程。
3. 学习数据处理和清洗技术，选择和提取特征。
4. 掌握一些基础的机器学习库，如Scikit-learn，快速搭建和训练模型。
5. 学习如何评估模型性能，解决过拟合和欠拟合的问题。
6. 通过实际项目来实践和巩固所学知识。

通过有计划的学习和不断的实践，逐步掌握机器学习的思想和方法。我需要制定一个详细的学习计划，逐步提高自己的技能，最终能够在实际问题中应用机器学习来解决。

2025-06-07 16:42:55,326 - DEBUG - XiDian - 进入 get_experiment_record_details，整体实验ID: 1, 用户ID: 1
2025-06-07 16:42:55,327 - DEBUG - XiDian - 实验 1 共有 10 个步骤。
2025-06-07 16:42:55,328 - DEBUG - XiDian - 步骤 1: 找到记录 3，状态 'completed', 分数 95.0
2025-06-07 16:42:55,328 - DEBUG - XiDian - 步骤 2: 未找到对应记录，默认为 'pending', 分数 0.0
2025-06-07 16:42:55,329 - DEBUG - XiDian - 步骤 3: 未找到对应记录，默认为 'pending', 分数 0.0
2025-06-07 16:42:55,329 - DEBUG - XiDian - 步骤 4: 找到记录 1，状态 'completed', 分数 90.0
2025-06-07 16:42:55,329 - DEBUG - XiDian - 步骤 5: 未找到对应记录，默认为 'pending', 分数 0.0
2025-06-07 16:42:55,329 - DEBUG - XiDian - 步骤 6: 未找到对应记录，默认为 'pending', 分数 0.0
2025-06-07 16:42:55,329 - DEBUG - XiDian - 步骤 7: 未找到对应记录，默认为 'pending', 分数 0.0
2025-06-07 16:42:55,329 - DEBUG - XiDian - 步骤 8: 未找到对应记录，默认为 'pending', 分数 0.0
2025-06-07 16:42:55,330 - DEBUG - XiDian - 步骤 9: 未找到对应记录，默认为 'pending', 分数 0.0
2025-06-07 16:42:55,330 - DEBUG - XiDian - 步骤 10: 未找到对应记录，默认为 'pending', 分数 0.0
2025-06-07 16:42:55,413 - DEBUG - XiDian - Final response: 

学习机器学习需要系统化的方法和持续的努力。以下是一个详细的、分步骤的指南，帮助你从基础开始学习机器学习：

### 1. 理解机器学习的基础知识

**目标**：掌握机器学习的基本概念、术语和分类。

- **学习内容**：
  - 机器学习的定义和目标。
  - 机器学习的基本分类：监督学习、无监督学习、半监督学习和强化学习。
  - 常见的机器学习算法：线性回归、逻辑回归、k-近邻算法（KNN）、决策树、随机森林、支持向量机（SVM）、聚类（如K-means）、 Principal Component Analysis (PCA) 等。
  - 数据集的类型：有监督学习中的输入变量和目标变量；无监督学习中的未标注数据。

- **学习资源**：
  - 书籍：《机器学习入门》（Introduction to Machine Learning with Python）。
  - 在线教程：Kaggle、Google的机器学习 nanopmachine learning by Andrew Ng。
  - 视频教程：YouTube上的机器学习教程频道。

### 2. 学习必要的数学知识

**目标**：掌握机器学习中的核心数学概念，包括线性代数、统计学和概率论。

- **学习内容**：
  - 线性代数：向量、矩阵、矩阵运算、特征值和特征向量。
  - 概率论：概率分布、条件概率、贝叶斯定理。
  - 统计学：均值、中位数、标准差；假设检验；统计显著性。

- **学习资源**：
  - 书籍：《线性代数及其应用》（Introduction to Linear Algebra）。
  - 在线课程：Coursera上的“数学基础”课程系列。
  - 视频教程：3Blue1Brown的数学直观系列。

### 3. 学习编程基础，特别是Python

**目标**：掌握Python编程，包括处理数据、使用机器学习库和编写脚本。

- **学习内容**：
  - 基本编程概念：变量、数据类型、循环、条件语句、函数。
  - Python库：NumPy用于数值计算；Pandas用于数据处理；Matplotlib用于数据可视化；Scikit-learn用于机器学习算法。
  - 编程项目：从简单的脚本开始，逐步尝试数据处理和分析。

- **学习资源**：
  - 书籍：《Python编程：从入门到实践》（Python编程：从入门到实践）。
  - 在线课程：Coursera上的“Python for Everybody”。
  - 实战项目：Kaggle平台上的数据科学项目。

### 4. 掌握机器学习算法和模型评估

**目标**：了解各种机器学习算法，并学会评估模型的性能。

- **学习内容**：
  - 监督学习：
    - 回归：线性回归、多项式回归。
    - 分类：逻辑回归、决策树、随机森林、SVM、K-近邻算法。
  - 无监督学习：
    - 聚类：K-means、DBSCAN。
    - 降维：PCA。
  - 模型评估：交叉验证、准确率、精确率、召回率、F1分数、 ROC 曲线等。

- **学习资源**：
  - 书籍：《机器学习实战》（机器学习实战）。
  - 在线课程：Coursera上的“机器学习”课程。
  - 实战项目：在Kaggle上应用这些算法预测房价、分类疾病等。

### 5. 除非过实践项目来巩固所学

**目标**：通过实际项目来应用所学的理论和技能。

- **项目建议**：
  - 开始的第一个项目：简单预测。例如，使用线性回归预测房价。
  - 第二个项目：Classification项目，如识别手写数字（MNIST数据集）。
  - 第三个项目：Unsupervised Learning项目，如进行用户聚类分析。
  - 参与Kaggle比赛：这不仅能提供真实的数据集，还能学习到如何在国际比赛中竞争。

- **工具**：
  - Jupyter Notebook：用于编写和运行代码。
  - Git：用于版本控制。
  - 卷啊平台（Kaggle）：提供各种数据科学和机器学习竞赛和数据集。

### 6. 学习机器学习框架和工具

**目标**：了解和使用主流的机器学习框架，如Scikit-learn、TensorFlow、PyTorch。

- **学习内容**：
  - Scikit-learn：用于监督学习、无监督学习、模型评估等。
  - TensorFlow和Keras：用于深度学习。
  - PyTorch：用于深度学习和神经网络。

- **学习资源**：
  - TensorFlow的官方文档和教程。
  - 书籍：《深度学习Python实践》（Deep Learning in Python）。
  - 在线课程：Coursera上的Andrew Ng的深度学习 Specialization。

### 7. 参与社区和获取反馈

**目标**：加入机器学习社区，参与讨论，获取他人反馈，提升自己的技能。

- **社区**：
  - Kaggle：一个数据科学和机器学习的平台，提供丰富的数据集和竞赛。
  - 机器学习 subreddit：如r/machinelearning。
  - 博客和Medium专栏：如The MLℙ elderly.

- **获取反馈**：
  - 将你的项目和代码分享到GitHub或Kaggle的论坛，得到其他用户的评论和建议。
  - 参加线下或线上的机器学习课程，与老师和同学互动。

### 8. 持续学习和保持最新趋势

**目标**：保持对机器学习的最新趋势和新技术的关注，不断学习和提升自己的技能。

- **持续学习**：
  - 关注技术博客和博主。
  - 关注新技术和algorithm的发布。
  - 学习最新的算法和框架。

- **防御学习**：
  - 每隔一段时间学习另一个新算法或框架。
  - 保持参与实际项目，应用新知识。

### 9. 系统规划学习路线

**目标**：制定一个明确的学习路线，从基础到高级，逐步深入。

- **学习路线**：
  1. 学习基础知识：机器学习的基本概念、数学基础、编程基础。
  2. 学习基础的 supervised learning算法：如线性回归、逻辑回归、决策树。
  3. 学习 unsupervised learning算法：如K-means、PCA。
  4. 学习高级算法：如深度学习、卷积神经网络、强化学习。
  5. 了解模型评估和调参技术。
  6. 参与更多复杂的机器学习项目，提升实际应用能力。

- **时间规划**：
  - 设定一个合理的学习时间表，每周学习固定的小时数。
  - 确保每一步都有明确的学习目标和成果评估。

### 10. 保持耐心和毅力

**目标**：克服学习过程中的挑战和困难，坚持下去。

- **应对困难**：
  - 遇到理解上的困难时，不要气馁，多查阅资料和文章，寻找答案。
  - 遇到项目失败时，不要气馁，分析失败原因，调整策略，重新 attempt。
  - 多与他人交流，学习他的经验和建议。

- **心态调整**：
  - 保持积极的心态，相信自己能在机器学习领域有所建树。
  - 认识到机器学习是一个长期的学习过程，不断积累和实践是成功的关键。

### 11. 总结与反思

**目标**：每完成一个阶段，做一个总结，反思自己的学习进展和问题。

- **总结步骤**：
  1. 回顾最近的学习内容和完成的项目，评估自己的进步。
  2. 分析哪些地方理解得很深入，哪些地方还需要加强。
  3. 制定下一阶段的学习计划，明确学习目标。

- **反思问题**：
  - 如何更有效地提取知识和技能。
  - 学习过程中遇到的哪些障碍，是如何克服的。
  - 未来的学习计划如何安排，是否有具体的优先级和时间分配。

### 12. 持续探索和应用

**目标**：保持对机器学习的新鲜感，不断探索新的领域和应用。

- **探索新领域**：
  - 深入学习强化学习和生成对抗网络（GAN）。
  - 探索自然语言处理（NLP）和计算机视觉（CV）的领域。
  - 学习最新的研究论文和算法。

- **应用机器学习**：
  - 参与实际项目，如推荐系统、图像识别等。
  - 定期参加 Kaggle 竞赛，提升自己的技术水平和竞赛成绩。
  - 将机器学习应用到工作或研究中，积累实际经验。

### 结论

学习机器学习是一个系统化、持续的学习过程，需要理论学习、数学基础、编程实践和不断反思。通过系统的规划和持续的努力，你可以逐步掌握机器学习的核心知识和技能。记住，学习是一个长期的过程，耐心和毅力是成功的关键。坚持下去，你一定能在机器学习领域有所成就。
2025-06-07 16:42:55,422 - DEBUG - XiDian - Final reasoning response: 好的，我现在想要学习机器学习。我觉得这可能有点复杂，因为有很多不同的算法和概念。首先，我应该了解机器学习的基本概念和分类。机器学习是人工智能的一个子领域，主要有监督学习、无监督学习和强化学习。

监督学习需要有标记数据，用来训练模型，比如分类和回归问题。无监督学习则不需要标签，主要用于聚类和降维。强化学习则是关于智能体通过环境学习策略来最大化奖励。了解这些之后，我需要选择一个学习方式。

我可以选择阅读书籍，但有很多好书，我不知道该选哪本。听说《机器学习实战》和《机器学习入门》是比较好的选择。网上课程也是一个好方法，比如Coursera和edX有好多机器学习的课程。编程能力也很重要，我需要掌握Python，特别是Pandas、NumPy和Matplotlib等库。数学基础也不能忽视，尤其是线性代数、统计学和概率论。

可能的障碍包括理解复杂的算法、调参困难和项目实战缺乏经验。为了克服这些问题，我应该设定了明确的学习目标，制定详细的计划，逐步掌握基础知识和技能，定期做一些项目来巩固所学。

在学习过程中，可能会遇到各种问题，比如不理解某个算法的工作原理，或者在项目中遇到数据预处理的问题。这时候我可以查阅资料、参加在线社区，或者寻求帮助。

总之，学习机器学习需要耐心和持续的努力，我应该制定一个合理的学习计划，利用各种资源，投入时间和精力来掌握这项技术。

2025-06-07 16:42:55,429 - DEBUG - XiDian - Final response: 

学习机器学习是一个复杂但有 rewarding 的过程。以下是详细的步骤指南：

### 1. 学习基础知识

**理解机器学习的基本概念：**

- 潜在学习（Supervised Learning）：使用带有标签的训练数据，算法学习映射关系。
- 无监督学习（Unsupervised Learning）：从无标签的数据中寻找模式。
- 半监督学习（Semi-supervised Learning）：结合有标签和无标签数据的学习。
- 强化学习（Reinforcement Learning）：通过 rewards 和 penalties 逐步学习。

**核心概念：**

- 模型（Model）：表示输入到输出的函数。
- 训练集（Training Set）：用来训练模型的数据。
- 测试集（Test Set）：评估模型性能的数据。
- 特征（Features）：输入的数据属性。
- 标签（Labels）：有监督学习中的正确输出值。

**基本算法：**

- 线性回归（Linear Regression）：用于回归问题。
- 逻辑回归（Logistic Regression）：用于分类问题。
- 决策树（Decision Trees）：用于分类和回归。
- 随机森林（Random Forest）：多个决策树的集成方法。
- 支持向量机（SVM）：用于分类和支持向量回归。
- K-近邻算法（KNN）：用于分类和回归。
- 神经网络（Neural Networks）：深度学习的基础。

### 2. 数学基础

**掌握必要的数学知识：**

- 线性代数：处理向量和矩阵。
- 微积分：优化和损失函数的最小化。
- 概率与统计：理解数据分布和统计推断。

### 3. 编程技能

**选择合适的编程语言：**

- Python：广泛用于机器学习，有丰富的库和框架。
- R：专注于统计分析和数据分析。
- Julia：高性能的语言，适合机器学习和数据分析。

**学习Python的基本语法：**

- 数据类型（如列表、元组、字典、集合）。
- 控制结构（如循环、条件判断）。
- 函数和模块的使用。
- 类和对象的定义。

**家庭作业，学习一个机器学习库：**

- scikit-learn：简单直观，适合快速实现算法。
- TensorFlow 和 PyTorch：灵活，适合复杂模型的开发。

### 4. 数据预处理

**掌握数据处理的步骤：**

- 读取数据：使用pandas读取数据文件。
- 清洗数据：处理缺失值、异常值。
- 特征工程：创建或转换特征，提取有用信息。
- 标准化和归一化：使特征具有可比性。
- 数据集划分：将数据分为训练集和测试集。

### 5. 学习和评估模型

**理解模型训练的过程：**

- 损失函数（Loss Function）：衡量预测值与真实值的差异。
- 优化器（Optimizer）：如梯度下降，最小化损失函数。
- 模型调优：调整超参数，如学习率、正则化参数等。

**评估模型性能：**

- 准确率（Accuracy）：分类问题的基本评估指标。
- 马氏距离（F1 Score）：综合考虑精确率和召回率。
- ROC 曲线（Receiver Operating Characteristic）：分类问题的性能评估。
- 均方误差（MSE）：回归问题的评估指标。

### 6. 避免过拟合和欠拟合

**过拟合与欠拟合：**

- 过拟合（Overfitting）：模型在训练数据上表现很好，但在测试数据上表现不佳。
- 欠拟合（Underfitting）：模型对训练数据难以捕捉到规律。

**解决方法：**

- 正则化（Regularization）：在损失函数中添加惩罚项。
- 交叉验证（Cross-Validation）：更可靠地评估模型。
- 提高训练数据量：获得更多的数据。
- 删除冗余特征：减少噪声。
- 结合模型：使用集成方法，如随机森林。

### 7. 实践与项目

**开始进行机器学习项目：**

- 选择一个具体的问题，如分类问题或回归问题。
- 获取相关数据集。
- 进行数据预处理，选择合适的算法。
- 实现和训练模型。
- 评估模型性能，改进模型。

**使用平台进行实践：**

- Kaggle：提供各种数据科学和机器学习的比赛，实践自己算法。
- 个人项目：记录学习过程，分享成果。

### 8. 找资源和社区学习

**获取学习资源：**

- 在线课程：Coursera、Udemy 上的机器学习课程。
- 文档：官方机器学习库（如scikit-learn、TensorFlow）的文档。
- 书籍：《机器学习实战》、《机器学习入门》。

**参与社区：**

- Stack Overflow：寻求解决方案和帮助。
- Reddit 的机器学习小组：分享学习经验和资源。
- 团队或朋友：组队学习和项目。

### 9. 持续学习与进步

**了解最新的发展和趋势：**

- 追踪 Kaggle 上的比赛和题解，学习别人的解决方案。
- 了解最新的研究论文和工具，如最新的神经网络架构和其他算法。

**制定学习计划：**

- 每周设定学习目标，如学习一个新算法，完成一个项目。
- 定期复盘和总结，记录自己的进步和问题。

### 10. 挑战自己

**参加机器学习竞赛：**

- 解决 Kaggle 上的竞赛问题，应用所学知识。
- 提升自己的技术水平，挑战更高级的比赛。

**提出新想法：**

- 根据所学知识，提出一种新算法或改进现有算法的想法。
- 与其他学习者合作，共同解决问题。

### 结论

学习机器学习是一个循序渐进的过程，需要系统地学习基础知识、数学、编程技能、算法、模型评估和实践。通过持续的努力和不断地实践，逐步掌握机器学习的方法和技巧，最终能够在实际问题中应用机器学习算法解决问题。面对困难和挑战时，保持耐心，寻求帮助，不断学习和进步，相信你一定能够掌握机器学习的核心内容，并取得显著的成果！
2025-06-07 16:42:55,436 - DEBUG - XiDian - Final reasoning response: 嗯，如何学习机器学习呢？机器学习是一个挺大的领域，而且听说需要很多数学和编程的知识。我应该怎么开始呢？

首先，我觉得应该了解一下什么是机器学习。听说机器学习是让计算机在没有明确 programmed 的情况下，通过数据学（learn from data）来完成某些任务。比如， recommendation systems（推荐系统）或者自动驾驶汽车（autonomous driving）都用到了机器学习，对吧？但是具体是怎么工作的，我还是不太清楚。

我需要先掌握一些基本概念。什么是监督学习（supervised learning）？什么是无监督学习（unsupervised learning）？有监督学习好像是利用带标签的数据来训练模型，而无监督学习则是从无标签的数据中发现隐含的模式。举个例子，比如分类问题（classification），像是分类邮件是否为垃圾邮件就属于有监督学习；而聚类问题（clustering），比如根据客户的行为数据分群，属于无监督学习。

接下来，我觉得需要学习一些基本的算法。比如，线性回归（linear regression）是一种常用的方法，用于预测连续的数值；逻辑回归（logistic regression）则是用于分类的；决策树（decision tree）和随机森林（random forest）是一种树状结构的模型，可以用来分类和回归；支持向量机（support vector machine, SVM）用于分类和支持向量回归（support vector regression, SVR）用于回归；k近邻算法（k nearest neighbors, KNN）也是一种基本的分类和回归方法；神经网络（neural network）也是一种强大的模型，可以用于各种任务。

但是，要学习这些算法，先得知道一些数学知识。这包括线性代数、微积分、概率和统计学。比如，线性代数可以帮助我理解数据在高维空间中的表示和操作，微积分用来优化模型参数，概率和统计学帮助我理解数据和模型的不确定性。

编程技能也是必须的。我记得Python是一个常用的编程语言，有很多库可以用来做机器学习，比如scikit-learn、pandas和matplotlib。Python语法相对简单，但是要掌握数据预处理（data preprocessing）、数据可视化（data visualization）、模型训练（model training）、模型评估（model evaluation）等步骤。

然后，我觉得需要学习机器学习库，比如scikit-learn。它提供了很多现成的算法和工具，方便我快速实现和测试各种模型。但是有时候数据量很大，或者模型结构比较复杂，可能需要使用深度学习框架，比如TensorFlow或PyTorch。这些框架更灵活，可以自定义模型结构，但学习成本也较高。

数据处理和准备也是机器学习中的重要环节。数据的质量和数量直接影响模型的表现。读取和处理数据是基础，包括清洗数据（data cleaning）、填补缺失值（impute missing values）、标准化或归一化数据（normalization or standardization）等。这些步骤如果不做好，可能会影响模型的准确性。

模型训练和评估方面，我需要学习选择合适的评估指标（evaluation metrics），比如均方误差（mean squared error, MSE）或准确率（accuracy）等。过拟合（overfitting）和欠拟合（underfitting）是常见的问题，需要学会正则化（regularization）、交叉验证（cross-validation）等方法来解决。

实践是学习机器学习的关键。不能只是看理论，还要自己动手做项目，比如分类器的开发、图像识别的简单应用等。通过实际操作，可以更好地理解理论知识，并且培养问题解决的能力。

资源方面，我记得有很多在线课程和书籍。像Coursera上有Andrew Ng的《机器学习》课程，非常经典。还有scikit-learn的官方文档，提供了很多实用的例子和说明。书籍方面，《机器学习实战》和《机器学习入门》（Hands-On机器学习 with Scikit-Learn and Scipy）都很不错。

参加比赛也是一个学习的好方法。Kaggle平台有各种数据科学和机器学习的比赛，通过参与这些比赛，可以锻炼解决实际问题的能力，接触到各种各样的数据和问题，并且可以从其他参赛者的解决方案中学习。

持续学习也是必须的。机器学习是一个快速发展的领域，新技术和方法层出不穷。需要定期学习最新的进展，关注相关的论文和博客，参加社区交流，比如Stack Overflow和Reddit上的机器学习小组。

但是，我也有点担心，自己基础不够，或者不够耐心，会不会坚持不下去。也许可以先从小项目开始，逐步积累经验，慢慢深入。如果遇到困难，不要害怕寻求帮助或者参考文档。实践是不断试错的过程，会让我更加熟悉机器学习的方法和工具。

最后，我觉得学习机器学习应该是一个循序渐进的过程，先打好基础知识，再逐步掌握各种算法和工具，最后再通过项目来巩固和应用所学的知识。坚持下去，慢慢积累，一定会有所收获的！

2025-06-07 16:42:55,480 - DEBUG - XiDian - 进入 get_experiment_record_details，整体实验ID: 1, 用户ID: 1
2025-06-07 16:42:55,482 - DEBUG - XiDian - 实验 1 共有 10 个步骤。
2025-06-07 16:42:55,483 - DEBUG - XiDian - 步骤 1: 找到记录 3，状态 'completed', 分数 95.0
2025-06-07 16:42:55,483 - DEBUG - XiDian - 步骤 2: 未找到对应记录，默认为 'pending', 分数 0.0
2025-06-07 16:42:55,483 - DEBUG - XiDian - 步骤 3: 未找到对应记录，默认为 'pending', 分数 0.0
2025-06-07 16:42:55,483 - DEBUG - XiDian - 步骤 4: 找到记录 1，状态 'completed', 分数 90.0
2025-06-07 16:42:55,484 - DEBUG - XiDian - 步骤 5: 未找到对应记录，默认为 'pending', 分数 0.0
2025-06-07 16:42:55,484 - DEBUG - XiDian - 步骤 6: 未找到对应记录，默认为 'pending', 分数 0.0
2025-06-07 16:42:55,484 - DEBUG - XiDian - 步骤 7: 未找到对应记录，默认为 'pending', 分数 0.0
2025-06-07 16:42:55,484 - DEBUG - XiDian - 步骤 8: 未找到对应记录，默认为 'pending', 分数 0.0
2025-06-07 16:42:55,484 - DEBUG - XiDian - 步骤 9: 未找到对应记录，默认为 'pending', 分数 0.0
2025-06-07 16:42:55,484 - DEBUG - XiDian - 步骤 10: 未找到对应记录，默认为 'pending', 分数 0.0
2025-06-07 16:42:55,497 - DEBUG - XiDian - Final response: 

### 学习机器学习的步骤指南

#### 1. 确定学习目标

明确你希望在机器学习领域达到什么样的目标。是希望进行全面的学习，还是专注于特定的应用领域（如深度学习、自然语言处理等）？明确目标可以帮助你更有针对性地规划学习路径。

#### 2. 熟悉基本概念

**机器学习（Machine Learning, ML）** 是让计算机从经验中学习的科学，其核心是训练计算机从数据中学习以解决特定任务。任务可以是分类、回归、聚类、推荐系统等。

#### 3. 掌握必要的数学基础

机器学习算法基于多种数学原理：

**线性代数**：
- 向量和矩阵的操作
- 矩阵分解
- 特征值和特征向量
- 线性空间

**概率论**：
- 概率分布
- 条件概率
- 贝叶斯定理
- 期望、方差、协方差等

**微积分**：
- 导数和梯度
- 多变量微积分
- 梯度下降算法

**统计学**：
- 假设检验
- 估计和置信区间
- 误差分析

#### 4. 学习编程基础

机器学习主要在 Python 中实现，因此需要熟练掌握 Python 的编程基础：

**Python 基础**：
- 变量和数据类型
- 运算符和内置函数
- 控制结构（循环、条件）
- 函数和类
- 列表、元组、字典、集合等数据结构

**高级 Python**：
- 张量库（如 NumPy 和 Pandas）
- 可视化库（如 Matplotlib 和 Seaborn）
- 注解和调试

#### 5. 熟悉机器学习库

掌握一些机器学习框架：

**Scikit-learn**：
- 提供多种预建的机器学习模型
- 特征缩放、归一化、处理
- 方便的数据集加载和评估

**TensorFlow 和 PyTorch**：
- 深度学习框架，适合复杂模型的训练
- 张量计算和图模型

**Keras**：
- 高层次API，方便构建深度学习模型
- 与 TensorFlow 的集成

#### 6. 学习机器学习基础算法

从基础算法开始学习：

**监督学习**：
- 线性回归：预测连续值
- 逻辑回归：分类问题
- 决策树：基于树的分类和回归
- 随机森林：集成学习
- 支持向量机（SVM）：分类和回归
- k-近邻算法（k-NN）：分类和回归

**无监督学习**：
- K-均值聚类：聚类分析
- 主 component 分析（PCA）：降维
- 层叠聚类：层次聚类

**强化学习**：
- Q-学习：学习策略
- Deep Q-Network（DQN）：深度强化学习

#### 7. 实践项目

将理论知识应用于实际项目，以加深理解和提高技能：

**分类任务**：
- MNIST 手写数字识别
- Ishou 诊断系统

**回归任务**：
- 房价预测
- 销售预测

**聚类任务**：
- 客户细分
- 文档聚类

**推荐系统**：
- 用户推荐
- 内容推荐

#### 8. 参与机器学习社区

加入如 Kaggle、LeetCode、GitHub 等平台，参与竞赛和项目，与他人交流学习：

- **Kaggle**：参与数据竞赛，实践算法
- **GitHub**：开源优秀项目，学习社区实践
- **LeetCode**：算法练习和机器学习题库
- ** Auchemy**：理论和实践的学习社区

#### 9. 持续学习与进阶

机器学习领域不断发展，需持续关注最新动态：

- 读优秀论文和博文中
- 关注 GitHub 上的开源项目
- 学习新算法和新技术

#### 10. 系统化学习计划

建议按照以下顺序学习：

1. **课程学习**：
   - 完成 Udacity 的机器学习 nanodegree，系统学习机器学习概念和实践。
   - 素材：https://www.udacity.com

2. **书籍阅读**：
   - 动手机器学习 by Aurélien Géron
   - Pattern Recognition and Machine Learning by Christopher M. Bishop

3. **在线实践**：
   - 完成 Kaggle 上的多个项目，积累经验。
   - 在 GitHub 上参与和贡献代码

4. **学术研究**：
   - 关注 arXiv 上的机器学习论文
   - 学习和理解新算法的原理和实现

5. **项目积累**：
   - 开发自己的项目，如情感分析、图像分类等
   - 参与 GitHub 学习把自己的项目提交出来

#### 11. 使用工具和框架

确保熟练掌握以下工具和框架：

- **数据处理**：Pandas
- **数据可視化**：Matplotlib 和 Seaborn
- **机器学习库**：Scikit-learn
- **深度学习框架**：TensorFlow 或 PyTorch
- **版本控制**：Git/GitLab/Hover

#### 12. 参与竞赛和比赛

参加 Kaggle、Google Cloud Data Analytics 和其他的机器学习竞赛，提高实际应用能力：

- **Kaggle 竞赛**：如 House Prices: Advanced Regression Techniques、Titanic: Machine Learning by23 problem
- **Google Cloud**：机器学习比赛和竞赛

#### 13. 持续学习和优化

机器学习是一个快速发展的领域，需持续学习和优化自己的知识和技能：

- 定期复习已掌握的内容
- 关注新技术和新方法
- 参加线上和线下的学习会议和研讨会
- 学习数学背景知识的深入

通过以上系统化的学习和实践，你将逐步掌握机器学习的基础知识和应用技能，积累实际经验，提升解决复杂问题的能力。记住，学习是不断迭代和探索的过程，保持好奇心和耐心，你会在机器学习的道路上不断前进。
2025-06-07 16:42:55,511 - DEBUG - XiDian - 进入 get_experiment_record_details，整体实验ID: 1, 用户ID: 1
2025-06-07 16:42:55,511 - DEBUG - XiDian - Final reasoning response: 嗯，我现在想学习机器学习，但是我对这个领域还不是很了解，不知道从哪里开始。首先，我应该了解 Machine Learning (ML) 是什么，对吧？好像是一个让计算机在数据中学习，从而完成任务的领域。比如，有些应用可以通过机器学习来改善用户体验，比如推荐系统、自动驾驶、医疗诊断等等。

可是，我需要掌握哪些技能呢？听说需要编程，尤其是 Python，因为-option 的机器学习框架用 Python 比较多。对，我有学过 Python 的基础知识，但是不太熟练。我需要系统地学习一下。另外，数学基础也很重要。线性代数、概率论、微积分这些，我之前学得不是很扎实。我得复习一下这些数学知识，因为它们在机器学习的底层逻辑中非常重要。

然后是机器学习的算法，有监督学习、无监督学习、强化学习等。我应该先从监督学习开始，比如线性回归、逻辑回归、支持向量机这些都是监督学习的一些基本算法。我还听说过决策树和随机森林，这些也是监督学习的一部分。unsupervised learning 包括聚类和降维，像 K-means 和 PCA 这样的算法。我对这些还不是很熟悉，需要深入学习一下。

在数学基础方面，具体来说，我现在要复习线性代数，尤其是向量和矩阵的操作，因为机器学习中的特征表示和模型是基于这些知识的。概率论也很重要，因为机器学习很多算法都涉及概率模型和统计推断。微积分方面，特别是导数和梯度，因为涉及到优化算法如梯度下降。还有，我还得了解凸优化，因为在很多机器学习算法中，都需要优化目标函数。

除了数学知识，编程能力也很关键。除了 Python，我还需要掌握一些数据处理和可视化工具，比如 Pandas 和 Matplotlib。我听说过 Pandas 是处理数据的好工具，它可以帮助进行数据清洗和预处理。Matplotlib 和 Seaborn 可以用来绘制数据可视图，帮助理解数据分布和特征关系。此外，了解一些机器学习框架会很有帮助，像 Scikit-learn、TensorFlow、PyTorch，这些工具可以帮助我快速实现和测试算法。

那么，具体的学习步骤是什么呢？首先，我需要制定一个学习计划。每天花一定时间学习不同的内容，比如早晨花 1 小时复习前一天学过的知识，晚上花 1.5 到 2 小时练习和实现算法。如果 attacked 周末，我可以少花一点时间，但每周至少花 10 小时。

接下来是课程资源。目前有很多在线课程，比如 Coursera、edX 提供的 Machine Learning 课程，由 Andrew Ng 教授授课，这个相对来说比较基础，适合入门。还有 Udacity 的机器学习 nanodegree，提供更多的实践项目，可能更适合想积累实际经验的人。书籍方面，Doing机器学习 by Aurélien Géron 是一本比较新的书，内容比较全面，适合作为学习资料。Kaggle 上有很多数据竞赛和实践项目，可以帮助我应用所学知识。

还有，实践非常关键。我应该在 Kaggle 上做一个项目，或者选择一个数据集自己动手实现一个机器学习算法。比如，尝试用 Scikit-learn 做一个简单的分类任务，比如识别手写数字或者预测房价。通过实际动手，我能够更好地理解和掌握概念。另外，加入机器学习社区也很重要，可以向有经验的前辈请教，参与讨论，学习他们在项目中的经验和技巧。

在学习过程中，可能会遇到一些困难，比如对某些算法原理不理解，或者代码实现中遇到问题。这时候，我应该花时间查阅资料，试着理解问题所在，或者寻求社区的帮助。不要怕犯错误，错误可以帮助我更好地发现问题，理解如何解决它们。

最后，不要急于求成，也不要被项目的难度吓倒。机器学习需要时间和耐心，成功需要持续的学习和实践。我应该设置明确的学习目标，比如每周掌握一些新的概念，或者每周完成一个项目，这样学习会更有方向感和动力。

总结一下，我的学习计划大致如下：

1. 曼德夫guarantees 制定一个详细的课程安排，包括每天的学习内容和任务。
2. 复习线性代数、概率论和微积分的基础知识。
3. 熟练掌握 Python 的高级功能，Pandas 数据处理库和 Matplotlib 数据可视化。
4. 学习和实践监督学习、无监督学习和强化学习中的各种算法。
5. 定期参与机器学习社区，参与讨论，分享学习经验和项目的进展。
6. 完成几个实战项目，巩固所学知识，提高解决实际问题的能力。

通过这样的学习和实践，我相信我能够逐渐掌握机器学习的基础知识，并为更深入的学习和应用打下坚实的基础。Machine Learning 是一个充满挑战和机遇的领域，我期待着能够在机器学习的道路上不断进步，应用这些技术解决更多的实际问题。

2025-06-07 16:42:55,513 - DEBUG - XiDian - 实验 1 共有 10 个步骤。
2025-06-07 16:42:55,529 - DEBUG - XiDian - 步骤 1: 找到记录 3，状态 'completed', 分数 95.0
2025-06-07 16:42:55,529 - DEBUG - XiDian - 步骤 2: 未找到对应记录，默认为 'pending', 分数 0.0
2025-06-07 16:42:55,529 - DEBUG - XiDian - 步骤 3: 未找到对应记录，默认为 'pending', 分数 0.0
2025-06-07 16:42:55,529 - DEBUG - XiDian - 步骤 4: 找到记录 1，状态 'completed', 分数 90.0
2025-06-07 16:42:55,529 - DEBUG - XiDian - 步骤 5: 未找到对应记录，默认为 'pending', 分数 0.0
2025-06-07 16:42:55,529 - DEBUG - XiDian - 步骤 6: 未找到对应记录，默认为 'pending', 分数 0.0
2025-06-07 16:42:55,530 - DEBUG - XiDian - 步骤 7: 未找到对应记录，默认为 'pending', 分数 0.0
2025-06-07 16:42:55,530 - DEBUG - XiDian - 步骤 8: 未找到对应记录，默认为 'pending', 分数 0.0
2025-06-07 16:42:55,530 - DEBUG - XiDian - 步骤 9: 未找到对应记录，默认为 'pending', 分数 0.0
2025-06-07 16:42:55,530 - DEBUG - XiDian - 步骤 10: 未找到对应记录，默认为 'pending', 分数 0.0
2025-06-07 16:42:55,590 - DEBUG - XiDian - 进入 get_experiment_record_details，整体实验ID: 1, 用户ID: 1
2025-06-07 16:42:55,592 - DEBUG - XiDian - 实验 1 共有 10 个步骤。
2025-06-07 16:42:55,593 - DEBUG - XiDian - 步骤 1: 找到记录 3，状态 'completed', 分数 95.0
2025-06-07 16:42:55,593 - DEBUG - XiDian - 步骤 2: 未找到对应记录，默认为 'pending', 分数 0.0
2025-06-07 16:42:55,593 - DEBUG - XiDian - 步骤 3: 未找到对应记录，默认为 'pending', 分数 0.0
2025-06-07 16:42:55,593 - DEBUG - XiDian - 步骤 4: 找到记录 1，状态 'completed', 分数 90.0
2025-06-07 16:42:55,593 - DEBUG - XiDian - 步骤 5: 未找到对应记录，默认为 'pending', 分数 0.0
2025-06-07 16:42:55,593 - DEBUG - XiDian - 步骤 6: 未找到对应记录，默认为 'pending', 分数 0.0
2025-06-07 16:42:55,593 - DEBUG - XiDian - 步骤 7: 未找到对应记录，默认为 'pending', 分数 0.0
2025-06-07 16:42:55,593 - DEBUG - XiDian - 步骤 8: 未找到对应记录，默认为 'pending', 分数 0.0
2025-06-07 16:42:55,594 - DEBUG - XiDian - 步骤 9: 未找到对应记录，默认为 'pending', 分数 0.0
2025-06-07 16:42:55,594 - DEBUG - XiDian - 步骤 10: 未找到对应记录，默认为 'pending', 分数 0.0
2025-06-07 16:42:55,753 - DEBUG - XiDian - Final response: 

学习机器学习是一个系统化的过程，需要从基础知识到实践项目逐步深入。以下是一个详细的、分阶段的学习计划和建议，帮助你有效地掌握机器学习：

### 1. 基础知识Phase

#### 1.1 概念和术语理解
- **机器学习**：理解机器学习的基本概念，包括监督学习、无监督学习、半监督学习和强化学习的区别。
- **术语**：掌握关键术语如特征、标签、训练集、测试集、验证集、过拟合、欠拟合、偏置-方差权衡等。

#### 1.2 数学基础
- **线性代数**：复习向量、矩阵、矩阵运算、特征值和特征向量。
- **微积分**：理解导数和梯度，尤其是梯度下降法。
- **概率和统计**：掌握概率分布、期望、方差、协方差、贝叶斯定理等。

#### 1.3 编程基础
- **Python**：熟练掌握Python的基本语法，推荐学习利用在线资源和实践项目加深理解。
- **库和框架**：学习NumPy和Pandas的使用，尝试处理数据集；了解Scikit-learn的基本用法及其机器学习模型。

### 2. 中期学习——算法和模型

#### 2.1 监督学习
- **分类**：学习逻辑回归、决策树、随机森林、SVM、K-Nearest Neighbors等算法。
- **回归**：学习线性回归、多项式回归、逻辑回归（也可算作分类）。

#### 2.2 无监督学习
- **聚类**：学习K-Means、层次聚类等算法。
- **降维**：学习PCA、特征选择等技术。

#### 2.3 评估指标
- 学习准确率、召回率、F1分数、ROC曲线、AUC等评估指标。

### 3. 实践和项目

#### 3.1 项目驱动学习
- 选择一个实际项目，如预测房价、分类邮件垃圾邮件等。
- 通过数据预处理、特征工程、模型选择和调参完成项目。

#### 3.2 实战练习
- 使用Kaggle平台上的公开数据集进行练习和比赛。
- 参与机器学习社区和论坛，如Stack Overflow、discord、GitHub等，交流学习经验。

### 4. 高阶和强化学习

#### 4.1 深度学习
- 学习TensorFlow或PyTorch，尝试搭建和训练神经网络。
- 了解深度学习的应用场景和发展趋势，如自然语言处理、计算机视觉等。

#### 4.2 其他技术
- 探索Generative AI（如GAN、VAE）、Reinforcement Learning等新技术。

### 5. 实践和部署

#### 5.1 延伸和优化
- 优化模型，尝试不同的调参方法，如网格搜索、随机搜索。
- 应用模型到实际问题中，进行部署和运行。

#### 5.2 部署和版本控制
- 学习使用Docker、Flask、API等工具将模型部署到生产环境。
- 使用版本控制工具如Git进行代码管理和协作。

### 6. 进一步学习

#### 6.1 进阶书籍
- 《Hands-On Machine Learning with Scikit-Learn and Scipy》
- 《Deep Learning》
- 《Python Machine Learning》

#### 6.2 参与课程和社区
- 加入机器学习相关的课程和社区，如Udacity、EdX、Coursera上的课程，参与在线讨论和挑战。

#### 6.3 保持更新
- 关注机器学习的最新动态和研究进展，了解新技术和方向。

### 7. 实践和应用

#### 7.1 项目积累
- 完成多个项目，积累实际经验，提升问题解决能力和项目管理技巧。

#### 7.2 职业发展
- 将机器学习应用到实际工作中，学习如何将技术转化为商业价值。
- 关注机器学习在不同行业的应用，如金融、医疗、制造业等。

### 8. 总结和反思

- 定期总结学习进展，评估知识掌握情况和技能提升程度。
- 反思学习过程中的不足，制定针对性的改进计划。

通过以上分阶段的学习计划和建议，你可以系统地掌握机器学习的基础知识和实用技能，从理论学习到项目实践，逐步提升自己的能力，最终达到专业应用的水平。记住，机器学习是一条不断学习和探索的之路，保持好奇心和热情是关键。
2025-06-07 16:42:55,756 - DEBUG - XiDian - Final reasoning response: 嗯，我最近对机器学习挺感兴趣的，但感觉有点 overwhelming。首先，我得弄清楚机器学习是什么，它的 basically 做什么。好像和深度学习有点关系，但是我不太确定它们之间的区别和联系。听说机器学习需要编程，尤其是 Python，我有点担心自己编程能力不够，怎么办呢？

好像有很多书籍和教程介绍机器学习，我应该从哪里开始？听说 Andrew Ng 的课程很不错，他在 Coursera 上有提供机器学习的基础课程，我可以先从那里开始吧。可是，我需要什么 prerequisites 呢？数学和编程基础是不是必须的？我记得有一些基本的数学概念，比如代数和统计学，但可能需要复习一下微积分和线性代数。我对编程了解一点，但 Python 真的是有点难，特别是处理大数据集的时候，不知道要用些什么库，比如 NumPy 和 Pandas。对了，我之前听说过 Scikit-learn，这是个机器学习库，是不是需要用它来实现各种算法？

我记得机器学习主要分成监督学习和无监督学习，监督学习包括分类和回归，无监督学习包括聚类和降维。分类好像用来预测类别，比如 spam 检测；回归用来预测连续值，比如房价预测。聚类好像是把相似的数据点分组，比如客户细分；降维是简化数据，减少特征数，比如 PCA。好，我现在需要先学习数据预处理，包括数据清洗、特征工程和数据分割对吧？数据清洗可能有点麻烦，比如处理缺失值、去除异常值、标准差归一化等。

然后就是机器学习模型，数值型模型和树模型是主要的吧。数值型模型包括线性回归、逻辑回归、支持向量机和决策树。树模型还有随机森林、提升方法等等。听起来挺多的，不知道怎么安排学习顺序。是不是应该先从简单开始，比如线性回归，再逐步深入？

我还听说过一些关键算法，如 K-Nearest Neighbors, Naive Bayes, K-Means, 和 Principal Component Analysis。听起来这些算法挺有用的，但实现起来是不是很复杂呢？有没有现成的库或工具可以辅助？

另外，评估模型性能好像挺重要的，常用的有准确率、召回率、F1分数、ROC 曲线和 AUC。我知道混淆矩阵也是一个好工具，但是对于多分类问题，怎么处理呢？交叉验证和调参好像也是必不可少的，怎么选择合适的超参数呢？

听说实践中可能需要用到工具和框架，像 TensorFlow 和 PyTorch，对于深度学习来说是不是必须掌握的？或者是不是有其他比这些更友好的框架？比如 Keras 是不是 higher-level 的工具，可以更方便地构建和训练模型？

读了一些资料，知道机器学习 Iterate 是很重要的一环，包括数据准备、模型选择、调参和验证。这过程中可能要不断迭代和优化模型，听起来像是一个循序渐进的过程。有没有什么具体的步骤或流程可以参考？

总的来说，我应该先从基础知识开始，逐步深入到模型和算法，再进行项目实践，对吧？但具体怎么分散学习，还是不太清楚。可能需要分成几个阶段：第一阶段是学习基础知识，第二阶段是学习具体算法和模型，第三阶段是实践项目，第四阶段是优化和部署。

不过，我在学习过程中可能会遇到很多问题，比如数学推导不理解、代码不会写、模型选择不当等等。有没有什么资源或者方法可以帮助我解决这些问题？比如有没有在线论坛、社区，可以向别人请教？有没有一些实用的入门项目，可以让我快速上手？或者有没有推荐的书籍和视频课程，可以系统地学习？

另外，对数学的需求我准备得怎么样了呢？是不是需要更深入地复习一些线性代数和统计学的知识？特别是矩阵运算、概率分布、假设检验这些，对机器学习来说是否非常重要？我应该从哪里开始复习呢？

编程能力方面，Python 的基础我已经掌握了一些，比如 Basic 的语句、函数、列表操作和一些库的使用，比如 NumPy 和 Pandas。但是处理大数据集还是有点吃力，不知道有没有什么工具或库可以帮助我更高效地处理和分析数据？比如 Pandas 的数据框功能很强大，但听说还有其他更适合处理大数据的工具，比如 Dask 或者 Spark。

还有一个问题，关于机器学习的开源项目和社区支持，我发现了很多 GitHub 上的项目和资源，但是不知道如何选择合适的项目进行学习或实践。有没有什么推荐的项目或库，可以在学习过程中使用，帮助我更好地理解机器学习的概念和算法？

另外，关于模型的调参和优化，感觉有点困难，不知道该采用什么方法来选择和调整参数。有没有什么自动化的工具或方法，可以节省我手动调参的时间呢？比如 Grid Search 或者 Random Search，或者有现成的库可以实现这些功能？

数据可视化好像也很重要，用来展示和理解数据的分布和特征。Python 的 Matplotlib 和 Seaborn 库很常用，但我还没有机会深入学习它们的高级功能。不知道在什么时候和什么情况下适合使用这些工具来辅助分析和报告。

最后，关于机器学习的实际应用，感觉有点遥远，不知道具体怎么从数据准备到模型部署完成一个完整的机器学习项目。有没有什么系统的步骤或文档，可以指导我如何从零开始做一个项目？

总之，我需要制定一个详细的学习计划，从基础知识到项目实践，逐步深入，同时解决学习过程中遇到的问题。不过，具体该怎样安排，我不知道。是应该先集中力量学好基础知识，再深入学习算法和模型？还是先动手做项目，边做边学？

我还值得关注的是机器学习的最新发展和技术趋势，比如深度学习、Generative AI、Reinforcement Learning 等等。这些新技术和方向是否值得花时间去学习和了解，对我的职业发展方向有帮助吗？

总之，我觉得先从 Andrew Ng 的 Coursera 机器学习课程开始，集中学习基础知识，然后再阅读经典的书籍，如《Pattern Recognition and Machine Learning》或者《An Introduction to Statistical Learning》。在学习过程中，积极加入机器学习社区和论坛，向别人请教问题，互相学习和交流经验。通过不断实践项目，积累经验，提高自己的实际能力。同时，注意复习和巩固数学基础知识，尤其是线性代数和统计学，这对我理解和应用机器学习算法非常重要。好的学习计划和持续的努力，我相信我能逐步掌握机器学习的知识和技能。

2025-06-07 16:42:55,849 - DEBUG - XiDian - 进入 get_experiment_record_details，整体实验ID: 1, 用户ID: 1
2025-06-07 16:42:55,851 - DEBUG - XiDian - 实验 1 共有 10 个步骤。
2025-06-07 16:42:55,853 - DEBUG - XiDian - 步骤 1: 找到记录 3，状态 'completed', 分数 95.0
2025-06-07 16:42:55,854 - DEBUG - XiDian - 步骤 2: 未找到对应记录，默认为 'pending', 分数 0.0
2025-06-07 16:42:55,854 - DEBUG - XiDian - 步骤 3: 未找到对应记录，默认为 'pending', 分数 0.0
2025-06-07 16:42:55,855 - DEBUG - XiDian - 步骤 4: 找到记录 1，状态 'completed', 分数 90.0
2025-06-07 16:42:55,855 - DEBUG - XiDian - 步骤 5: 未找到对应记录，默认为 'pending', 分数 0.0
2025-06-07 16:42:55,856 - DEBUG - XiDian - 步骤 6: 未找到对应记录，默认为 'pending', 分数 0.0
2025-06-07 16:42:55,856 - DEBUG - XiDian - 步骤 7: 未找到对应记录，默认为 'pending', 分数 0.0
2025-06-07 16:42:55,856 - DEBUG - XiDian - 步骤 8: 未找到对应记录，默认为 'pending', 分数 0.0
2025-06-07 16:42:55,857 - DEBUG - XiDian - 步骤 9: 未找到对应记录，默认为 'pending', 分数 0.0
2025-06-07 16:42:55,857 - DEBUG - XiDian - 步骤 10: 未找到对应记录，默认为 'pending', 分数 0.0
2025-06-07 16:42:56,447 - DEBUG - XiDian - Final response: 

学习机器学习是一个系统而漫长的旅程，需要时间和耐心。以下是一个明确的步骤指南，帮助您规划并有效地进行机器学习的学习：

### 1. 制定一个学习计划

- **设定目标**：明确您希望在机器学习领域达到的最终目标，是仅仅了解基本概念，还是全面掌握多种算法，抑或希望成为机器学习工程师。
- **分配时间**：根据您的时间安排，每天留出固定的时间用于学习。建议每天 dedic 1-2 小时，周末额外增加学习时间。

### 2. 掌握基础知识

- **机器学习概述**：
  - 理解机器学习的基本概念、术语和分类（如监督学习、无监督学习、半监督学习和强化学习）。
  - 学习经典算法，如线性回归、逻辑回归、支持向量机、决策树、随机森林、K-means 等。

- **数学基础**：
  - **微积分**：了解导数、梯度等概念，对于理解优化算法如梯度下降至关重要。
  - **线性代数**：掌握向量、矩阵、特征值等知识，对机器学习模型的表示和操作至关重要。
  - **概率与统计**：理解概率分布、假设检验、贝叶斯定理等，对于机器学习模型中的不确定性建模和评估很关键。

### 3. 学习编程技能

- **Python编程基础**：
  - 熟练掌握Python的基本语法，如变量、数据结构、函数、类等。
  - 学习NumPy、Pandas、Matplotlib等库的使用，这些库在数据处理和可视化的机器学习中非常常用。

- **机器学习库**：
  - 了解并实践Scikit-learn库，它是机器学习的核心库，提供了大量现成的算法和工具。
  - 探索第三方库如XGBoost、LightGBM、TensorFlow、PyTorch等，尤其在集成学习和深度学习方面有广泛应用。

### 4. 数据处理与分析

- **数据预处理**：
  - 学习如何处理数据中的缺失值、异常值，以及如何进行特征工程（如归一化、编码等）。
  - 理解数据清洗和准备的重要性，这对于模型性能的提升至关重要。

- **数据可视化**：
  - 使用Matplotlib 或者 Seaborn 制作图表，帮助理解数据分布和特征间的关系。
  - 学习数据可视化技巧，便于更好地分析和呈现数据。

### 5. 了解机器学习的工作流程

- **问题定义**：
  - 学会如何将实际问题转化为机器学习问题，识别目标变量和特征变量。

- **选择算法**：
  - 根据问题类型（如分类、回归、聚类等）选择合适的机器学习算法。

- **模型训练**：
  - 了解监督学习、无监督学习等不同类型模型的训练过程。

- **模型评估**：
  - 学习如何使用评估指标（如精确率、召回率、F1 分数、ROC-AUC 等）来评估和比较不同模型。

- **模型优化**：
  - 掌握参数调优和正则化等技术，以避免过拟合问题，提升模型泛化能力。

### 6. 选择学习资源

- **在线课程**：
  - 选择适合自己的平台和老师，如Coursera、Udemy、edX等，提供高质量的教学内容。

    - **Coursera** 提供的 Andrew Ng 的《机器学习》课程广受好评。

    - **Udemy** 上有很多机器学习课程，价格根据老师的水平和课程质量有所区别。

    - **edX** 提供的哈佛和麻省理工学院的机器学习课程，内容严谨且专业。

- **书籍**：
  - 强烈推荐《机器学习实战》（Machine Learning in Action）by PeterGrover，这本书通过实践案例讲解机器学习。

  - Andrew Ng 的《机器学习概论》教材也是不可多得的学习资料。

- **博客和论文**：
  - 阅读JohnSnow's博客，里面有详细的机器学习实践和案例分析。

  - 了解一些经典的机器学习论文，如《统计学习引论》。

### 7. 实践与项目

- **开始项目**：
  - 不要害怕尝试各种各样的项目，即使一开始并不能做出完美的模型，但通过不断的尝试和学习，可以积累经验。

- **基础项目**：
  - 从基础项目开始，如用 Scikit-learn 完成一个简单的分类任务（如_digits 的分类问题）。

  - 实现线性回归模型预测房价等回归问题。

- **深入项目**：
  - 逐渐挑战更复杂的数据集，尝试进行超参数调优、集成学习等。

  - 接触更深的算法，如梯度提升树（Gradient Boosting）或神经网络。

- **数据集和比赛**：
  - 参与Kaggle平台上的数据科学和机器学习比赛，这些都是实践的好地方。

### 8. 参加社区和交流

- **参与社区**：
  - 加入机器学习相关的论坛，如知乎、Stack Overflow、Reddit 等，与社区中的学习者和专家交流，分享经验，获取资源。

- **加入学习小组**：
  - 如果可能的话，组织或加入机器学习学习小组，定期讨论和学习，可以提升学习效果。

### 9. 持续学习和更新

- **关注最新进展**：
  - 机器学习领域每天都在发展，尤其是深度学习技术的突破，如卷积神经网络（CNN）、 recurrent 网络（RNN）、生成对抗网络（GAN）等。

- **持续学习**：
  - 定期回顾已经学习过的知识，确保不遗漏任何重要内容。

- **保持好奇心**：
  - 了解机器学习在各领域的应用，如自然语言处理、计算机视觉、推荐系统、自动驾驶等，保持对新技术和技术的探索精神。

### 10. 应用与部署

- **项目部署**：
  - 学会如何将训练好的模型部署到生产环境，使用Flask、Django 等前端框架与Python服务端结合，实现模型的在线预测功能。

- **A/B测试**：
  - 了解A/B测试的重要性，如何通过机器学习模型进行用户行为预测和评估，为产品优化提供支持。

### 11. 预见未来

- **思考未来**：
  - 了解机器学习的未来发展趋势，如量子计算在机器学习中的应用、人工智能伦理等，激发技术创新的动力。

- **设定长期目标**：
  - 定义未来的目标，如成为专业数据科学家、开发者或者机器学习研究者，把学习作为职业发展的手段。

通过以上步骤的学习和实践，您将逐渐掌握机器学习的基础知识和技能，并逐渐深入学习高级算法和深度学习，为未来的职业发展打下坚实的基础。记住，机器学习是一条充满挑战和机遇的旅程，成功需要坚持和持续的努力。
2025-06-07 16:42:56,454 - DEBUG - XiDian - Final reasoning response: 嗯，我想学习机器学习，但是对这个领域还不是很了解。首先，我应该从哪里开始呢？网上有很多资源，但是不知道哪些是好的，哪些是坏的。是不是应该先从基础开始，比如先了解机器学习的基本概念，然后一步步深入？

我记得机器学习是一个与数据相关的领域，它使用算法从数据中学习模式，从而进行预测或决策。对吧？那有哪些具体的机器学习算法呢？像线性回归、逻辑回归、支持向量机、决策树等等，这些都有听说过。是不是这些都是用来解决问题的工具，而解决的问题又各不相同？

对了，机器学习可以分为监督学习、无监督学习、半监督学习和强化学习。每种学习方式有什么区别呢？我好像记得监督学习需要有标签数据，无监督学习则不需要标签，而是让模型自己找出数据中的规律。半监督学习是什么呢，是不是介于两者之间？而强化学习好像和游戏有关，模型会自己尝试不同的策略来最大化某个奖励信号。这些概念好像有点复杂，需要好好理解。

那学习机器学习需要哪些先决条件呢？数学方面的要求有哪些？我记得有点微积分、线性代数和概率统计的知识。可是，我对线性代数还不是很熟悉，大概要复习一下吧。概率统计呢，这部分我觉得对理解机器学习的原理很重要，尤其是理解模型如何工作时需要概率推断。

编程技能方面，我大概了解Python，但会不会还需要学其他语言？听说Python是机器学习中最常用的编程语言，尤其是有很多库可供使用，比如NumPy、Pandas、Matplotlib和Scikit-learn。这些库是用来处理数据和实现机器学习算法的。那我需要学习这些库吗？应该没问题，可以边学边用。

数据处理和分析也是机器学习的重要部分，对吧？数据的质量和处理方式会影响到模型的表现。所以，我应该学习如何清洗数据，如何处理缺失值和异常值，如何进行特征工程。这些都是机器学习中不可忽视的步骤。

了解机器学习的工作流程吗？应该是先从问题出发，确定目标变量和特征变量，然后选择适合的方法和技术，构建模型，训练模型，评估模型的性能，并最终部署和监控模型。对吧？对于流程的了解会帮助我更好地规划学习和实践。

那么，接下来该怎么系统学习机器学习呢？是不是应该先从基础的机器学习概念和算法开始，再逐步深入到高级算法和深度学习？我应该制定一个学习计划，包括每周的学习目标和任务，这样不至于学习 schizophrenic慢慢被忽视。

记得网上有很多教程和课程，比如Coursera、Udemy、edX这些平台提供了一些机器学习课程。有些课程可能更偏向理论，有些则更偏向实践。我应该先选一两门基础课程，全面了解机器学习的原理和方法，然后再通过实战项目来巩固和应用所学知识。

除了课程学习，我还需要多做练习和项目。这样可以提高自己的编程能力和实际操作机器学习模型的能力。是不是有很多免费的数据集和比赛可以参加？比如Kaggle，上面有很多数据科学和机器学习的比赛，可以进行实践。

另外，阅读相关的书籍和论文也是一个好方法。有些书籍可能会更加深入地解释机器学习的原理和数学推导，帮助我更好地理解这些算法背后的逻辑。比如《Pattern Recognition and Machine Learning》这本书，虽然有点难度，但是值得深入阅读。

还有，参加机器学习社区和论坛也是很好的学习方式。像Stack Overflow、知乎、Reddit等等地方，可以提问和回答问题，与其他学习者交流经验，获取更多的学习资源和指导。

如果遇到问题，不要怕，多查资料或者寻求帮助，真理是通过不断探索和实践一步步发现的。机器学习是一个需要耐心和持续学习的过程，所以保持好奇心和学习的热情非常重要。

总结一下，学习机器学习的步骤大概是：

1. **掌握基础知识**：理解机器学习的概念、术语和算法。

2. **学习数学和编程**：复习或学习必要的数学知识（如微积分、线性代数、概率统计），同时掌握Python编程和相关机器学习库。

3. **练习和实践**：通过项目和练习巩固理论知识，应用所学算法解决实际问题。

4. **深入学习高级内容**：掌握更复杂的算法和深度学习相关的内容。

5. **加入社区和持续学习**：参与学习社区和持续关注最新的进展和趋势。

现在，我应该如何开始实施这些步骤呢？首先，我需要制定一个学习计划，明确每周的学习目标。然后，选择适合自己的基础机器学习课程，边学边实践。同时，多参与讨论和交流，不断充实自己的知识和技能。

总的来说，学习机器学习是一个逐步积累的过程，需要时间和耐心。只要坚持下去，我相信自己能够掌握这一技术，并将它应用到实际问题中去。

2025-06-07 16:42:56,518 - DEBUG - XiDian - 进入 get_experiment_record_details，整体实验ID: 1, 用户ID: 1
2025-06-07 16:42:56,519 - DEBUG - XiDian - 实验 1 共有 10 个步骤。
2025-06-07 16:42:56,520 - DEBUG - XiDian - 步骤 1: 找到记录 3，状态 'completed', 分数 95.0
2025-06-07 16:42:56,520 - DEBUG - XiDian - 步骤 2: 未找到对应记录，默认为 'pending', 分数 0.0
2025-06-07 16:42:56,520 - DEBUG - XiDian - 步骤 3: 未找到对应记录，默认为 'pending', 分数 0.0
2025-06-07 16:42:56,521 - DEBUG - XiDian - 步骤 4: 找到记录 1，状态 'completed', 分数 90.0
2025-06-07 16:42:56,521 - DEBUG - XiDian - 步骤 5: 未找到对应记录，默认为 'pending', 分数 0.0
2025-06-07 16:42:56,521 - DEBUG - XiDian - 步骤 6: 未找到对应记录，默认为 'pending', 分数 0.0
2025-06-07 16:42:56,521 - DEBUG - XiDian - 步骤 7: 未找到对应记录，默认为 'pending', 分数 0.0
2025-06-07 16:42:56,521 - DEBUG - XiDian - 步骤 8: 未找到对应记录，默认为 'pending', 分数 0.0
2025-06-07 16:42:56,522 - DEBUG - XiDian - 步骤 9: 未找到对应记录，默认为 'pending', 分数 0.0
2025-06-07 16:42:56,522 - DEBUG - XiDian - 步骤 10: 未找到对应记录，默认为 'pending', 分数 0.0
2025-06-07 16:42:56,610 - DEBUG - XiDian - Final response: 

学习机器学习是一个系统化的过程，适合那些有编程基础并想逐步掌握机器学习知识的用户。以下是一个详细的步骤指南，帮助你从零开始学习机器学习：

---

### **1. 学习基础编程知识**
在学习机器学习之前，确保你已经熟悉Python或另一种编程语言的基础知识。Python是机器学习中最常用的编程语言之一。

#### **Python推荐学习资源**
- **[Python官方文档](https://docs.python.org/zh-cn/HTML/)**：全面介绍Python语法和库。
- **[ Imported Tutorials](https://www.importedcode.org/tutorials/index.html)**：交互式学习平台。
- **[Codecademy Python课程](https://www.codecademy.com/learn/learn-python-3)**：适合零基础学习。

---

### **2. 学习机器学习的基本概念**
了解机器学习的基本概念和术语，包括 supervised learning、unsupervised learning 和 reinforcement learning。

#### **核心概念**
- **机器学习**：让计算机从数据中学习。
- **监督学习**：利用标签数据训练模型，类别预测（如分类）或数值预测（如回归）。
- **无监督学习**：在未标记的数据中找到模式（如聚类）。
- **有监督学习的常见任务**：
  - 分类：预测类别（例如，垃圾邮件分类）。
  - 回归：预测连续值（例如，房价预测）。
  - 聚类：将相似数据点分组（例如，客户细分）。

---

### **3. 学习必要的数学知识**
机器学习算法基于线性代数、概率统计和优化理论。

#### **关键数学知识点**
- **线性代数**：理解向量、矩阵和线性变换（例如，用于神经网络）。
- **概率与统计**：理解分布、均值、方差、协方差等（例如，评估模型性能）。
- **微积分**：理解导数和优化方法（例如，梯度下降）。

#### **学习资源**
- **[Khan Academy Mathematics](https://www.khanacademy.org/math)**：免费课程。
- **[Coursera 线性代数课程](https://www.coursera.org/specializations/mathematics-machine-learning)**：深入学习数学基础。

---

### **4. 学习机器学习中的“ Andrew Ng 的深度学习课程”**
 Andrew Ng 的课程是机器学习领域的经典课程，由Coursera提供。它帮助你理解机器学习的基本概念、算法以及深度学习的基础。

#### **课程链接**
- **机器学习课程**：[Machine Learning](https://www.coursera.org/learn/machine-learning)
- **深度学习课程**：[Deep Learning Specialization](https://www.coursera.org/specializations/deep-learning)

---

### **5. 学习Python机器学习库**
掌握以下Python库，这是机器学习的核心工具。

#### **常用库**
- **`scikit-learn`**：监督学习、无监督学习的快速实现。
- **`TensorFlow/Keras`**：构建和训练深度学习模型。
- **`PyTorch`**：另一种流行的深度学习框架。
- **`Pandas` 和 `NumPy`**：数据处理和分析的工具。

#### **学习资源**
- **[scikit-learn 官方文档](https://scikit-learn.org/stable/)**：提供大量示例和教程。
- **[Kaggle机器学习比赛](https://www.kaggle.com/learn)**：实践比赛，学习模型开发。

---

### **6. 获取高质量的数据集**
机器学习的核心在于数据。确保你熟悉如何加载数据、处理数据和进行特征工程。

#### **数据集来源**
- **Kaggle**：[机器学习数据集](https://www.kaggle.com/datasets)。
- **UCI Machine Learning Repository**：[UCI数据集](https://archive.ics.uci.edu/ml/index.php)。
- **数字数据集**：MNIST（手写数字）、CIFAR-10（图像分类）。

---

### **7. 学习数据预处理和特征工程**
数据预处理是机器学习中非常重要的一步，涉及数据清洗、归一化、降维和特征提取。

#### **常见任务**
- **数据清洗**：处理缺失值、重复数据和异常值。
- **数据归一化/标准化**：将数据缩放到适合的范围（例如，0-1 或 -1-1）。
- **降维**：PCA（主成分分析）等技术减少维度。

#### **学习资源**
- **[机器学习实战](https://scikit-learn.org/stable/tutorial/preprocessing.html)**：预处理文档。
- **[特征工程入门](https://towardsdatascience.com/guide-to-feature-engineering-in-machine-learning-85839)**：负责任的数据工程指南。

---

### **8. 学习机器学习算法**
从基础的回归和分类算法开始，逐步深入。

#### **基础算法**
- **线性回归**：预测连续值。
- **逻辑回归**：分类（二分类）。
- **决策树**：基于规则的分类和回归。
- **随机森林**：集成学习方法。

#### **进阶算法**
- **支持向量机（SVM）**：用于分类和回归。
- **k-近邻算法（k-NN）**：分类和回归。
- **朴素贝叶斯**：文本分类的常用方法。
- **聚类算法**：如 K-Means。

#### **学习资源**
- **[scikit-learn 算法指南](https://scikit-learn.org/stable/modules/general Convention.html)**：详细介绍各个算法。
- **[Kaggle机器学习竞赛](https://www.kaggle.com/learn/machine-learning)：比赛实战**

---

### **9. 开始实践项目**
通过项目巩固所学知识。以下是一个常见的机器学习项目流程：

#### **示例项目：预测房价**
1. **数据获取**：获取房屋特征与价格的历史数据（如 [住房数据集](https://www.kaggle.com/c/house-prices-advanced-regression-techniques)）。
2. **数据预处理**： exploring and cleaning the data。
3. **特征工程**：提取有用的特征。
4. **模型训练**：选择算法并训练模型。
5. **模型评估**：使用均方误差（MSE）或R²分数评估模型性能。
6. **模型优化**：调整参数或采用集成方法。

#### **学习资源**
- **[机器学习项目指南](https://github.com/Kaggle/Kaggle Learn Guide/机器学习项目指南)**。
- **[Kaggle竞赛](https://www.kaggle.com/contests/house-prices-advanced-regression-techniques)**。

---

### **10. 参加机器学习比赛**
通过参加Kaggle上的比赛，积累实战经验，学习如何处理真实世界的数据和问题。

#### **如何开始**
1. **注册Kaggle账号**：访问[https://www.kaggle.com/](https://www.kaggle.com/)。
2. **浏览比赛**：找到适合你的比赛。
3. **开始比赛**：根据比赛要求完成任务。

---

### **11. 加入社区和学习小组**
机器学习是一个快速发展的领域，加入社区可以帮助你获取最新信息和分享经验。

#### **推荐社区**
- **Kaggle Kernel**：分享和讨论代码的平台。
- **Reddit机器学习子区**：[r/machinelearning](https://www.reddit.com/r/machinelearning)。
- **GitHub机器学习标签**： finding repositories and projects.

---

### **12. 持续学习和改进**
机器学习需要不断学习和改进。定期复习已掌握的知识，尝试新的算法和技术。

#### **学习资源**
- **[机器学习细节](https://scikit-learn.org/stable/modules/metrics.html)**：评估模型性能的详细说明。
- **[热门研究论文](https://dl.acm.org/)**：关注最新的研究进展。

---

### **13. 开发完整的机器学习栈**
最终的目标是能够开发一个完整的机器学习项目，从数据准备到部署和在生产中使用。

#### **工具和库**
- **Jupyter Notebook**：用于数据探索和模型开发。
- **PyPI package**：用于版本控制和协作。

---

### **总结**
学习机器学习是一个系统化的过程，涉及编程、数学、算法和实践。通过一步步的学习和实践，你可以逐步掌握机器学习的核心概念，并将其应用到实际问题中。

记住，学习机器学习需要耐心和 persistence。不要害怕犯错，每一次实践都是一次学习的机会！
2025-06-07 16:42:56,626 - DEBUG - XiDian - Final reasoning response: 好的，我需要帮助用户学习机器学习。首先，我应该考虑用户是从什么基础开始的。假设用户有一定的编程基础，但对机器学习不太熟悉。他们可能想入门学习，并开始自己的项目。

接下来，我需要分解学习机器学习的步骤。首先，了解机器学习的基本概念和术语。用户可能需要知道监督学习、无监督学习、 reinforcement learning等的区别，以及各种算法如回归、分类、聚类等的基本原理。

然后，学习必要的数学知识。机器学习涉及到很多数学概念，特别是线性代数、概率统计和优化方法。用户可能需要复习这些数学基础，才能更好地理解算法的工作原理。

接下来，选择一种主要的编程语言。Python是一个很好的选择，因为它有丰富的库和支持库，如 scikit-learn, TensorFlow 等。我应该向用户推荐学习Python语法，尤其是数据操作和数据分析的库。

然后，获取高质量的数据集。用户可能需要学习如何获取和处理数据，清洗数据，特征工程等。这对于后续的模型训练非常重要。

学习数据预处理和特征工程也是关键。用户可能需要了解如何处理缺失值，数据归一化，特征提取等技术，以提高模型性能。

选择和了解基本的机器学习算法是下一步。用户可能需要从基础的回归和分类算法开始，如线性回归、逻辑回归、决策树等。理解这些算法的核心思想是基础。

然后，实践是十分重要的。用户可以通过项目来应用所学知识，如预测房价、分类问题等。这可以加深对机器学习的理解，并提升实际操作能力。

选择适合的机器学习框架也是必要的。了解和使用 popular框架如 scikit-learn, TensorFlow 等，能够帮助用户高效地开发机器学习项目。

持续学习和探索领域动态是机器学习的常态。机器学习发展迅速，用户需要关注最新的技术趋势和应用案例，了解行业动态，保持知识的更新。

构建机器学习项目是用户的目标之一。用户可能需要用所学知识开发一个完整的机器学习项目，从数据准备到模型部署，巩固所学内容。

参加比赛和社区活动可以提升用户的实战能力和Social skills。与其他学习者交流，参加机器学习竞赛，可以提供学习和成长的机会。

最后，保持耐心和不断学习，机器学习是一个长期积累的过程。用户需要面对失败和挑战，不断迭代和改进，才能在机器学习领域有所建树。

总结一下，用户需要从了解基础概念，到数学学习和编程实践，再到选择和应用算法，最后参与项目和社区活动，才能系统性地学习机器学习。这是一个需要耐心和持续努力的过程。

2025-06-07 16:42:56,677 - DEBUG - XiDian - 进入 get_experiment_record_details，整体实验ID: 1, 用户ID: 1
2025-06-07 16:42:56,679 - DEBUG - XiDian - 实验 1 共有 10 个步骤。
2025-06-07 16:42:56,679 - DEBUG - XiDian - 步骤 1: 找到记录 3，状态 'completed', 分数 95.0
2025-06-07 16:42:56,679 - DEBUG - XiDian - 步骤 2: 未找到对应记录，默认为 'pending', 分数 0.0
2025-06-07 16:42:56,680 - DEBUG - XiDian - 步骤 3: 未找到对应记录，默认为 'pending', 分数 0.0
2025-06-07 16:42:56,680 - DEBUG - XiDian - 步骤 4: 找到记录 1，状态 'completed', 分数 90.0
2025-06-07 16:42:56,680 - DEBUG - XiDian - 步骤 5: 未找到对应记录，默认为 'pending', 分数 0.0
2025-06-07 16:42:56,680 - DEBUG - XiDian - 步骤 6: 未找到对应记录，默认为 'pending', 分数 0.0
2025-06-07 16:42:56,680 - DEBUG - XiDian - 步骤 7: 未找到对应记录，默认为 'pending', 分数 0.0
2025-06-07 16:42:56,681 - DEBUG - XiDian - 步骤 8: 未找到对应记录，默认为 'pending', 分数 0.0
2025-06-07 16:42:56,681 - DEBUG - XiDian - 步骤 9: 未找到对应记录，默认为 'pending', 分数 0.0
2025-06-07 16:42:56,681 - DEBUG - XiDian - 步骤 10: 未找到对应记录，默认为 'pending', 分数 0.0
2025-06-07 16:42:56,804 - DEBUG - XiDian - Final response: 

学习机器学习需要一个系统性和耐心的过程，以下是详细的分步指南：

1. **理解机器学习的基础概念**
   - **定义**：机器学习是通过数据训练算法，让系统可以自动学习和改进的智慧系统。
   - **分类**：学习分为监督学习、无监督学习、半监督学习和强化学习。
   - **应用领域**：了解机器学习在医疗、金融、推荐系统、自动驾驶等领域的应用。

2. **掌握必要的数学知识**
   - **线性代数**：理解向量、矩阵、特征值等概念，用于数据表示和算法推导。
   - **微积分**：掌握导数、梯度、积分，用于理解优化算法。
   - **概率论**：理解概率分布、贝叶斯定理等，用于数据建模和分类。
   - **统计学**：掌握均值、方差、假设检验等，用于数据分析和模型评估。

3. **选择适合的编程语言和工具**
   - **Python**：因其simple语法和丰富的库，成为机器学习的首选语言。
   - **常用库**：
     - **NumPy**：用于数值计算和数组操作。
     - **Pandas**：用于数据处理和分析。
     - **Matplotlib & Seaborn**：用于数据可视化。
     - **TensorFlow & PyTorch**：用于深度学习框架。
     - **Scikit-learn**：提供大量机器学习算法和工具。

4. **学习机器学习的基本理论**
   - **监督学习**：
     - **回归**：线性回归、多项式回归。
     - **分类**：逻辑回归、Support Vector Machine (SVM)、决策树、随机森林、神经网络。
   - **无监督学习**：
     - **聚类**：K-Means、DBSCAN。
     - **降维**：PCA、t-SNE。
   - **evaluate指标**：准确率、召回率、F1分数、ROC曲线下面积（AUC）等。

5. **数据获取与处理**
   - **数据来源**：从文本文件、CSV文件、数据库、网络爬虫等获取数据。
   - **数据清洗**：处理缺失值、异常值，进行特征工程（特征提取、归一化、编码等）。
   - **数据预处理**：划分训练集和测试集，进行数据增强（如图像数据增强）。

6. **学习机器学习模型的构建与训练**
   - **模型选择**：根据问题类型选择合适的模型。
   - **模型训练**：使用训练数据对模型参数进行优化，最小化误差函数。
   - **模型评估**：使用测试数据评估模型性能，调整模型超参数以优化结果。

7. **掌握机器学习算法的实现与优化**
   - **回归算法**：
     - 线性回归：利用最小二乘法进行回归。
     - 多项式回归：处理非线性关系。
     - 惩罚回归：Lasso回归、Ridge回归，防止过拟合。
   - **分类算法**：
     - 逻辑回归：用于二分类问题。
     - SVM：通过核函数处理非线性问题。
     - 决策树：递归分割数据集，生成决策树。
     - 随机森林：集成多个决策树，提高准确性。
     - 神经网络：通过多层感知机处理复杂的非线性问题。
   - **聚类算法**：
     - K-Means：寻找数据空间中的簇中心。
     - DBSCAN：基于密度的聚类方法。
   - **降维算法**：
     - PCA：将高维数据映射到低维空间。
     - t-SNE：适合可视化高维数据。

8. **学习机器学习模型的调优与算法优化**
   - **超参数调优**：使用网格搜索（Grid Search）、随机搜索（Random Search）、贝叶斯优化等方法找到最佳参数组合。
   - **过拟合与欠拟合**：通过正则化（L1、L2）、Dropout（深度学习）等技术防止过拟合，增加数据或使用更复杂的模型防止欠拟合。
   - **性能评估**：使用交叉验证、留一法等方法评估模型的泛化能力。
   - **加速方法**：并行计算、使用GPU加速、利用稀疏矩阵优化等提高计算效率。

9. **实践项目积累经验**
   - **项目选择**：根据兴趣选择实际问题，如图像识别、文本分类、用户推荐等。
   - **数据集获取**：使用Kaggle、UCI机器学习库等平台获取数据集。
   - **模型构建与调优**：应用所学算法解决问题，记录实验结果。
   - **结果分析**：分析模型性能，探讨影响模型效果的因素。

10. **学习机器学习的高级内容**
    - **特征工程**：提取高质量特征，提高模型表现。
    - **集成学习**：使用Bagging、Boosting、Stacking等方法结合多个模型。
    - **迁移学习**：利用预训练模型进行微调，提升在小数据集上的表现。
    - **强化学习**：通过试错机制学习策略，应用于游戏、机器人控制等领域。
    - **深度学习**：学习卷积神经网络（CNN）、循环神经网络（RNN）、长短期记忆网络（LSTM）等深度学习模型。

11. **了解机器学习的行业动态和应用场景**
    - **最新技术**：关注注意力机制（Attention）、生成对抗网络（GAN）、 transformers在自然语言处理中的应用。
    - **使用场景**：医疗图像分析、自动驾驶、智能客服系统、推荐系统等。
    - **工具比较**：了解不同工具的特点，如TensorFlow适合深度学习框架，Scikit-learn适合传统机器学习任务。

12. **提升实战能力：制作自己的项目**
    - **选择一个感兴趣的领域**，如图像识别、自然语言处理、推荐系统等。
    - **找到相关数据集**，并进行清洗和预处理。
    - **尝试不同的算法**，比较它们的性能，找到适合的模型。
    - **分析结果**，思考模型的优缺点，为后续优化提供方向。
    - **撰写文档**，记录项目的流程、代码和结果，锻炼逻辑思维能力和表达能力。

13. **学习如何高效学习机器学习**
    - **制定学习计划**：根据自己的时间和目标，合理分配学习内容。
    - **系统学习**：先打好理论基础，再逐步深入到实践操作中。
    - **做练习和实验**：多动手实践，加深理解。
    - **查找文档和资料**：遇到问题时，及时查资料，多看官方文档和教程。
    - **参加社区和分享**：加入机器学习社区，与他人交流学习经验，分享自己的项目和代码。

14. **准备面试，积累经验**
    - **准备面试**：熟悉机器学习的基本概念、算法原理和应用。
    - **模拟面试**：与同学或朋友进行模拟面试，练习回答问题。
    - **整理面试资料**：记录面试中遇到的问题和自己的解决方案，作为复习资料。

15. **持续学习与优化**
    - **保持学习习惯**：机器学习领域的发展速度快，及时学习新技术。
    - **关注行业前沿**：学习最新的算法、工具和应用场景，关注Kaggle等平台上的比赛和案例。
    - **保持实践**：通过项目保持对机器学习的敏感度和技能，不断改进和优化自己的知识库。
    - **与他人交流**：与志同道合的小伙伴交流学习经验，共同进步。

16. **制定长期职业规划**
    - **明确目标**：确定自己想要从事的机器学习相关的领域，如研究、工程开发、教育等。
    - **制定学习和工作计划**：在时间和资源上为实现职业目标做好充分准备。
    - **积累经验和技能**：通过不断学习和项目实践，提升自己的专业能力，为职业发展打下坚实基础。
    - **考虑职业 switch 和继续深造的机会**：根据自己的兴趣和职业规划，决定是否进一步深造，如攻读硕士或博士学位，进入学术研究领域。

通过以上的学习和实践，你可以逐步掌握机器学习的知识和技能，积累实际经验，为未来的职业发展打下坚实的基础。记住，学习是持续的过程，耐心和坚持是成功的关键。
2025-06-07 16:42:56,812 - DEBUG - XiDian - Final reasoning response: 嗯，我最近对机器学习挺感兴趣的，想从零开始学习。但是，现在我对该怎么下手还不是很清楚。首先，我想知道机器学习到底是什么？听说它可以用在很多地方，比如推荐系统、自动驾驶、医疗诊断之类的。但是具体的机器学习是怎么工作的，我还不太了解。

我记得以前学过一些编程，比如Python，应该可以用Python来实现机器学习吧？对了，听说Python有很多库可以用，比如TensorFlow或者PyTorch。但我对此不太熟悉，得先学习一下这些库的基本用法。

那学习的步骤大概是怎样的呢？似乎是先理论学习，然后实践操作。那具体要学习什么呢？听说机器学习有监督学习和无监督学习之分。监督学习需要有标签数据，用以训练模型；而无监督学习则不需要标签数据，主要是用于聚类或者降维之类的任务。但具体两种学习方法的区别和应用场景，我还不完全清楚。

另外，数据处理和清洗也是机器学习中的一个重要环节。成堆的数据如果没有经过清洗和预处理，是很难用来训练模型的。数据来源可能有很多，比如CSV文件、数据库、网络爬虫等。有些数据可能存在缺失或者异常值，需要进行处理才能使用。

模型构建可能也是一个难点。机器学习模型有很多种，比如线性回归、支持向量机、随机森林等。我需要先理解每种模型的基本原理，然后学习如何选择适合的模型来解决具体的问题。模型的训练、评估和调优也是关键步骤。比如，如何选择合适的评价指标，如何进行特征工程，如何防止过拟合等。

还有算法优化和实现优化这两块，听起来有点复杂。算法优化是指在满足内存和计算资源限制的前提下，尽可能提高模型的准确性和速度。实现优化则是优化代码，提高运行效率，比如使用向量化操作代替循环，利用GPU加速等。

实践项目的积累也是很重要的。我应该找一些实际的问题来解决，比如图像识别、文本分类等。通过实际项目的操作，可以更好地理解理论知识，提升实际操作能力。

而如何高效学习呢？听说制定学习计划和坚持是很重要的。可能需要分阶段学习，先打好理论基础，再逐步深入到实践操作中。多做练习和实验也是提升能力的有效方法。

另外，了解行业动态和应用场景也很必要。机器学习在医疗、金融、教育等多个领域都有广泛应用，了解这些领域的具体应用场景，有助于更好地把握机器学习的实际需求。

遇到问题时，应该如何处理呢？是不是应该多看文档和资料，多进行实验和调试？在实践中不断尝试和犯错，才能逐步掌握机器学习的知识和技能。

总的来说，学习机器学习需要系统性的学习过程，从理论到实践，逐步积累经验和技能。需要耐心和毅力，不断实践和优化。希望通过自己的努力，能够掌握机器学习的基本原理和实现方法，为未来的发展打下坚实的基础。

2025-06-07 16:42:56,860 - DEBUG - XiDian - 进入 get_experiment_record_details，整体实验ID: 1, 用户ID: 1
2025-06-07 16:42:56,861 - DEBUG - XiDian - 实验 1 共有 10 个步骤。
2025-06-07 16:42:56,862 - DEBUG - XiDian - 步骤 1: 找到记录 3，状态 'completed', 分数 95.0
2025-06-07 16:42:56,862 - DEBUG - XiDian - 步骤 2: 未找到对应记录，默认为 'pending', 分数 0.0
2025-06-07 16:42:56,862 - DEBUG - XiDian - 步骤 3: 未找到对应记录，默认为 'pending', 分数 0.0
2025-06-07 16:42:56,863 - DEBUG - XiDian - 步骤 4: 找到记录 1，状态 'completed', 分数 90.0
2025-06-07 16:42:56,863 - DEBUG - XiDian - 步骤 5: 未找到对应记录，默认为 'pending', 分数 0.0
2025-06-07 16:42:56,863 - DEBUG - XiDian - 步骤 6: 未找到对应记录，默认为 'pending', 分数 0.0
2025-06-07 16:42:56,863 - DEBUG - XiDian - 步骤 7: 未找到对应记录，默认为 'pending', 分数 0.0
2025-06-07 16:42:56,863 - DEBUG - XiDian - 步骤 8: 未找到对应记录，默认为 'pending', 分数 0.0
2025-06-07 16:42:56,863 - DEBUG - XiDian - 步骤 9: 未找到对应记录，默认为 'pending', 分数 0.0
2025-06-07 16:42:56,864 - DEBUG - XiDian - 步骤 10: 未找到对应记录，默认为 'pending', 分数 0.0
2025-06-07 16:42:57,138 - DEBUG - XiDian - Final response: 

学习机器学习的步骤如下：

1. **确定目标和动机**
   - 明确学习机器学习的目的是为了进入行业工作，还是为了个人兴趣，或应用场景的具体需求。
   - 评估现有的知识水平和技能，确定学习路径和重点。
   - 寻找相关的学习资源和社区支持，为学习提供辅助。

2. **学习编程基础**
   - 学习Python编程基础，理解语法和基本操作。
   - 熟悉常用数据结构（列表、元组、字典、集合）以及文件操作。
   - 学习数据可视化工具（如Matplotlib和Seaborn）的基本使用。

3. **掌握数学基础知识**
   - 学习线性代数：向量、矩阵、特征值、奇异值分解（SVD）等。
   - 学习概率论：概率分布、条件概率、贝叶斯定理等。
   - 学习统计学：均值、方差、协方差、假设检验等。

4. **学习机器学习基础概念**
   - 理解机器学习的定义、分类（监督、无监督、半监督、强化学习）及其流程。
   - 学习不同机器学习任务（如分类、回归、聚类、推荐系统）的基本概念。

5. **学习典型算法**
   - 理解线性回归、逻辑回归、支持向量机（SVM）、决策树、随机森林、k-近邻算法（KNN）等基础算法的原理和应用场景。
   - 了解这些算法在实际问题中的应用以及优缺点。

6. **实践项目**
   - 选择一个实际项目进行数据收集、预处理和探索性数据分析（EDA）。
   - 使用Python和相关库（如Pandas、NumPy、Scikit-learn）进行数据处理和分析。
   - 应用学习的算法对数据进行建模和训练，评估模型性能，并进行结果分析和优化。

7. **模型评估与调优**
   - 学习各种性能评估指标，如均方误差（MSE）、准确率（Accuracy）、精确率（Precision）、召回率（Recall）、F1分数、ROC曲线和AUC分数等。
   - 掌握网格搜索（Grid Search）和随机搜索（Random Search）进行参数调优，防止过拟合，提升模型的泛化能力。

8. **学习高级内容**
   - 深入学习深度学习和机器学习的高级内容，如神经网络、卷积神经网络（CNN）、循环神经网络（RNN）、长短期记忆网络（LSTM）、生成对抗网络（GAN）等。
   - 学习推荐系统的机器学习方法以及推荐引擎的构建。

9. **学习工具与框架**
   - 熟练使用TensorFlow或PyTorch进行深度学习模型的构建和训练。
   - 学习和掌握XGBoost、LightGBM等高阶机器学习框架的应用。
   - 了解scikit-learn的高效机器学习算法以及集成学习方法，如投票机制和Stacking等。

10. **持续学习与社区参与**
    - 坚续学习机器学习的高级内容和新发展，积极参与机器学习社区，如Kaggle、Stack Overflow、Reddit等。
    - 参加在线课程和认证考试，如Coursera的Andrew Ng的机器学习、Google’s Deep Learning Nanodegree等。
    - 与他人交流学习经验，分享自己的项目和解决方案，促进思想碰撞和共同进步。

11. **应用与实践**
    - 完成多个实际项目，巩固所学知识，并在实践中不断发现问题、解决问题。
    - 结合自己的兴趣或职业发展规划，设计并实施复杂且实用的机器学习项目，展示综合能力。
    - 学习将机器学习技术应用于特定领域，如图像识别、自然语言处理、金融市场预测等，取得实际效果。

12. **保持更新和学习**
    - 机器学习领域发展迅速，新技术和新方法层出不穷，因此保持持续学习和更新是必要的。
    - 关注行业动态和新技术，了解前沿研究和应用。
    - 总结学习经验，定期回顾知识框架，提高自我学习和适应能力。

通过以上步骤的学习和实践，可以系统地掌握机器学习的基础知识和技能，逐步提升自己的机器学习水平，解决实际问题并实现职业目标。
2025-06-07 16:42:57,139 - DEBUG - XiDian - Final reasoning response: 好，现在我要思考如何学习机器学习。说实话，我对机器学习还不是很了解，但我觉得这是一个值得深入学习的领域。首先，我需要确定自己想要学习机器学习的目的。是为了进入这个行业工作，还是为了个人兴趣，或者是想应用机器学习的方法来解决某个具体问题。不同的目标可能会影响我学习的深度和方向。

假设我现在是想从事机器学习相关的工作，我需要具备哪些基础知识呢？数学对于机器学习来说好像是非常重要的。我记得以前学习过线性代数、概率论和统计学，这些基础知识应该对我理解机器学习算法有帮助。比如，线性代数中的矩阵运算在机器学习中常见吗？概率论中的概率分布可能用于描述数据。统计学中的假设检验和其他方法可能在机器学习中用于评估模型的效果。

不过，我是不是应该从基础的编程知识开始？毕竟，编程是执行机器学习算法的核心技能。Python在这方面的流行是不是说明它适合学习？我记得Python的语法相对简单，有很多机器学习框架比如 scikit-learn 和 TensorFlow。这些工具是不是可以帮助我更方便地实施机器学习算法？

接下来，我需要了解机器学习的基本概念和流程。机器学习可以大致分为监督学习、无监督学习和强化学习。监督学习是不是基于有标签的数据进行预测，而无监督学习则是从无标签的数据中发现潜在的模式？我记得分类、回归和聚类都是常见任务，这些是不是监督学习和无监督学习的具体形式？

然后，应用机器学习需要知道一些具体的算法。比如，线性回归、支持向量机、决策树等等。每种算法背后的基本原理是什么？这些算法需要什么数据准备？如何评估算法的性能？记得性能评估可能涉及到均方误差、准确率、召回率等指标。

实践是非常重要的，所以我需要找到一个实际项目来进行练习。但有时候，自己一个人做项目可能会比较困难，不知道从何开始。这时候，也许可以寻找现有的数据集，或者使用一些公开可用的数据集。成功的话，我可以把数据可视化，帮助我更好地理解数据的分布和特征。

模型训练、评估和调优也是机器学习中的重要环节。训练过程涉及选择合适的算法和调整参数，比如正则化参数、学习率等等。 tune模型参数可能需要使用网格搜索或者其他优化方法。记得过拟合是一个常见的问题，如何防止过拟合也是需要学习的内容。

可解释性和 Ethical Considerations 也是一个重要方面。机器学习模型的解释性对于理解其决策过程非常重要，尤其是在医疗或金融领域应用时，解释性要求更高。此外，还必须考虑模型的公平性、偏差等问题，确保模型不会对某些群体不公平。

持续学习和社区交流也是机器学习中不可忽视的部分。机器学习领域发展迅速，新技术和方法层出不穷。所以，保持Updating自己的知识储备非常重要。同时，加入一些在线课程或参加技术社区，如Stack Overflow、Kaggle，可以有助于我快速学习和解决遇到的问题。

总的来说，学习机器学习需要系统性地学习基础知识，理解和应用各种算法，并通过实践项目来巩固知识。同时，关注领域应用和伦理问题，也是提高自己整体能力的重要方面。尽管过程可能会很艰难，但只要坚持下去，并且善于实践，我应该能够逐步掌握机器学习的相关知识和技能。

在开始具体的基石学习之前，我应该先整理一下需要掌握的知识和技能：

1. **编程基础**：
   - 学习Python编程，理解基本语法和常用库的使用。
   - 熟悉数据结构（列表、元组、字典、集合）和文件操作。

2. **数学基础**：
   - 线性代数：向量和矩阵的操作、特征分解、奇异值分解（SVD）。
   - 概率论：基本的概率分布、条件概率、贝叶斯定理。
   - 统计学：均值、方差、协方差、假设检验、正态分布等。

3. **机器学习基石**：
   - 机器学习的数学基础、概念和流程。
   - 监督学习、无监督学习、半监督学习和强化学习的基本原理。
   - 典型算法如线性回归、逻辑回归、支持向量机、决策树、随机森林、k-近邻算法（KNN）等的原理和应用。

4. **算法和编程**：
   - 使用Python实现这些机器学习算法的原理和代码实现。
   - 应用 scikit-learn、TensorFlow、Keras等框架进行机器学习模型的构建、训练和评估。

5. **数据处理和可视化**：
   - 掌握Pandas和NumPy进行数据处理和分析。
   - 学习Matplotlib和Seaborn进行数据可视化，帮助理解数据特征和模型表现。

6. **实践项目**：
   - 完成多个实际项目，从数据准备、模型训练到结果分析和优化改进。
   - 学习在实际项目中应用机器学习算法，并根据需要调整模型参数和算法选择。

7. **模型评估和调优**：
   - 了解和使用不同的性能评估指标，如均方误差（MSE）、准确率（Accuracy）、精确率（Precision）、召回率（Recall）、F1分数、 ROC 曲线和 AUC 分数等。
   - 掌握网格搜索（Grid Search）和随机搜索（Random Search）进行参数调优，防止过拟合，提升模型泛化能力。

8. **可解释性和Ethical Considerations**：
   - 学习特征重要性分析，理解模型的决策逻辑，确保模型在应用中具可解释性。
   - 了解机器学习模型的公平性、偏差和多样性问题，确保模型在实际应用中的公平性和有效性。

9. **持续学习与社区交流**：
   - 延续学习机器学习的高级内容，如深度学习、生成对抗网络（GAN）、强化学习、强化学习中的 Q 学习、强化学习中的 Deep Q-Network（DQN），推荐系统的机器学习方法等。
   - 参加在线课程，如Coursera、edX、Udacity等平台上的相关课程。加入机器学习社区，如Kaggle、Stack Overflow、Reddit的机器学习板块，参与讨论，分享经验，学习他人的项目和解决方案。

10. **工具和框架的学习**：
    - 深入理解并熟练使用TensorFlow或PyTorch进行深度学习和复杂模型构建。
    - 学习和掌握XGBoost、LightGBM等高阶机器学习框架的使用，了解它们的优势和应用场景。

通过系统地学习这些知识和技能，我希望能够逐步掌握机器学习的核心概念和方法，并能够在实际项目中应用这些知识，解决问题。当然，学习过程中可能会遇到很多困难和挑战，我需要保持耐心，不断实践和探索，逐步提升自己的机器学习水平。

另外，在学习过程中，我还要注意理解理论知识与实践应用之间的联系，通过实践加深对理论的理解，同时也会发现自己在学习中有哪些地方理解得不够透彻，从而进一步调整学习策略。unts学习过程中，遇到不懂的问题和概念时，要积极寻求帮助，可以参考文档、参与在线学习社区，或者向有经验的朋友请教。

总之，学习机器学习是一个长期而持续的过程，需要耐心和毅力。我需要制定一个合理的学习计划，逐步掌握机器学习的基础知识和技术，通过不断练习和实践，提升自己的技能，最终目标是能够独立地设计和实现有效的机器学习模型，解决实际中的各种问题。

2025-06-07 16:42:57,194 - DEBUG - XiDian - 进入 get_experiment_record_details，整体实验ID: 1, 用户ID: 1
2025-06-07 16:42:57,198 - DEBUG - XiDian - 实验 1 共有 10 个步骤。
2025-06-07 16:42:57,199 - DEBUG - XiDian - 步骤 1: 找到记录 3，状态 'completed', 分数 95.0
2025-06-07 16:42:57,199 - DEBUG - XiDian - 步骤 2: 未找到对应记录，默认为 'pending', 分数 0.0
2025-06-07 16:42:57,199 - DEBUG - XiDian - 步骤 3: 未找到对应记录，默认为 'pending', 分数 0.0
2025-06-07 16:42:57,200 - DEBUG - XiDian - 步骤 4: 找到记录 1，状态 'completed', 分数 90.0
2025-06-07 16:42:57,200 - DEBUG - XiDian - 步骤 5: 未找到对应记录，默认为 'pending', 分数 0.0
2025-06-07 16:42:57,200 - DEBUG - XiDian - 步骤 6: 未找到对应记录，默认为 'pending', 分数 0.0
2025-06-07 16:42:57,201 - DEBUG - XiDian - 步骤 7: 未找到对应记录，默认为 'pending', 分数 0.0
2025-06-07 16:42:57,203 - DEBUG - XiDian - 步骤 8: 未找到对应记录，默认为 'pending', 分数 0.0
2025-06-07 16:42:57,203 - DEBUG - XiDian - 步骤 9: 未找到对应记录，默认为 'pending', 分数 0.0
2025-06-07 16:42:57,203 - DEBUG - XiDian - 步骤 10: 未找到对应记录，默认为 'pending', 分数 0.0
2025-06-07 16:42:57,412 - DEBUG - XiDian - Final response: 

学习机器学习是一个系统化且复杂的进程，需要综合掌握数学、编程、算法以及实践应用等多方面的知识。以下是分步指南，帮助您逐步掌握机器学习：

### 一、准备阶段：基础知识积累

**1.1 数学基础**

- **线性代数**：理解向量、矩阵、特征值和奇异值分解等基本概念，这些在数据表示和机器学习算法中非常关键。
- **概率论与统计学**：学习概率分布、贝叶斯定理、期望、方差、协方差等，这些概念在机器学习的模型构建和推理中至关重要。
- **微积分**：掌握导数、梯度、多元微积分等知识，这些是理解优化算法如梯度下降的基础。

**1.2 编程基础**

- **Python编程**：熟练掌握Python的基本语法、数据结构（列表、字典、元组、集合等），以及常用库如Pandas、NumPy、Matplotlib、Scikit-learn、TensorFlow等。
- **版本控制**：学习使用Git进行代码管理和版本控制，这对于协作开发和回滚非常有用。

**1.3 机器学习基础**

- **概念理解**：学习机器学习的基本概念、分类（监督学习、无监督学习、强化学习），以及常见的应用场景。
- **算法概述**：了解一些基本的机器学习算法，如线性回归、逻辑回归、决策树、支持向量机等，了解它们的工作原理和适用场景。

### 二、算法与模型学习

**2.1 监督学习**

- **回归**：了解线性回归、多项式回归，掌握如何处理连续型目标。
- **分类**：学习逻辑回归、朴素贝叶斯、K-近邻算法（KNN）、支持向量机（SVM）、决策树、随机森林、梯度提升机（如XGBoost、LightGBM、CatBoost）。

**2.2 无监督学习**

- **聚类**：学习K-均值聚类、K近邻聚类、层次聚类、DBSCAN等算法，了解如何处理未标记的数据。
- **降维**：掌握主成分分析（PCA）、线性判别分析（LDA）、t-分布无监督特征映射（t-SNE）等技术，了解如何减少数据维度。

**2.3 深度学习基础**

- **神经网络基础**：了解感知机、多层感知机（MLP）、卷积神经网络（CNN）、循环神经网络（RNN）等基本概念。
- **深度学习框架**：学习使用TensorFlow、Keras、PyTorch等深度学习框架构建和训练模型。

### 三、数据处理与工程

**3.1 数据获取与清理**

- **数据来源**：了解如何从各种数据源获取数据（文件、数据库、网络等）。
- **数据清洗**：进行数据缺失值填充、异常值处理、数据归一化/标准化等 preprocessing步骤，保证数据质量。

**3.2 特征工程**

- **特征选择**：学习特征重要性评估、互信息特征选择等方法，提高模型性能。
- **特征提取**：了解文本特征提取、图像特征提取等技术，将数据转化为模型易于处理的形式。

**3.3 数据集划分**

- **训练验证测试集**：掌握数据集的划分数值（如60%-20%-20%的训练集-验证集-测试集划分），以及交叉验证（K-fold）等技术，确保模型泛化能力。

### 四、机器学习项目实践

**4.1 项目选择**

- **兴趣驱动**：根据个人兴趣选择项目，比如图像分类、文本情感分析、推荐系统等。
- **数据丰富**：选择丰富且易于处理的数据集，确保能够完成项目的每一阶段。

**4.2 项目流程**

- **问题定义**：明确任务目标，例如分类任务的目标是什么。
- **数据预处理**：进行清洗、特征工程等操作，确保数据适合模型。
- **模型选择与训练**：选择合适的算法，进行模型训练和调优。
- **模型评估**：使用准确率、召回率、F1分数、ROC-AUC等指标评估模型性能。
- **模型优化与调参**：通过网格搜索、随机搜索等方法优化模型参数，提升性能。
- **模型部署**：将最终模型部署到生产环境，进行预测和应用。

### 五、学习资源与社区参与

**5.1 在线学习平台**

- **Coursera**： Andrew Ng的《机器学习》、《深度学习》等课程。
- ** edX**： 机器学习和数据科学的课程，平台上有很多来自世界知名大学的优质课程。
- **Kaggle**： 提供丰富的机器学习竞赛和数据集，实践你的技能。
- **Udacity**： 机器学习和数据科学的道路，有 runnable项目。
- ** udemy**： 提供各种机器学习课程，价格不等，适合不同预算。

**5.2 书籍与文档**

- **书籍**： 《The Elements of Statistical Learning》、《Pattern Recognition and Machine Learning》、《Python机器学习》等。
- **官方文档**： Scikit-learn、TensorFlow、Keras等机器学习框架的官方文档，提供了丰富的教程和示例。

**5.3 社区与论坛**

- **Stack Overflow**： 在算法和编程问题上有大量问答，帮助你解决问题。
- **Reddit**： 学术的机器学习小组如 r/machinlearning，以及实践的小组如 r/learnmachinelearning。
- **GitHub**： 查找sjrkyj的机器学习项目和代码，学习别人的实践和经验。
- **Kaggle Community**： 参与机器学习竞赛，与高手交流，获取学习经验。

### 六、持续学习与职业发展

**6.1 参与比赛与竞赛**

- **机器学习竞赛**： 参加Kaggle的比赛，实战中应用所学知识，提升技术水平。
- **创新项目**： 参与创新性的机器学习项目，尝试新的算法和方法，提升创新能力。

**6.2 参与工作坊与会议**

- **机器学习工作坊**： 学习侵蚀前沿技术，参加行业会议，了解最新的研究进展和商业应用。
- **学术会议**： 关注NIPS、ICML、CVPR、NeurIPS等顶级机器学习会议，了解前沿研究成果。

**6.3 职业发展**

- **建立个人品牌**： 在GitHub、Kaggle、简书等平台上建立个人品牌，分享学习内容和项目成果。
- **实习与应用**： 寻找机器学习相关的实习或全职机会，将理论应用到实际工作中。
- **投资学习**： 不断学习新知识和新技术，保持竞争力，适应机器学习行业的快速变化。

### 七、总结

学习机器学习是一个长期而持续的过程，在这一过程中，理论学习需要扎实打好数学与编程基础，实践应用则需要通过项目来巩固和深化理解。同时， staying curious and keeping updated with the latest developments is crucial.

通过这个分步指南，您将能够系统地掌握机器学习所需的基础知识、算法、工具以及实践应用，最终达到独立开发和应用机器学习模型的能力。
2025-06-07 16:42:57,415 - DEBUG - XiDian - Final reasoning response: 嗯，如何学习机器学习呢？好，我需要先弄清楚什么是机器学习，它其实是一个训练计算机识别模式和学习任务的领域。听起来有点抽象，但我大概知道，机器学习涉及到很多算法和模型，比如线性回归、决策树、神经网络等等。

首先，我需要掌握一些基础知识。数学基础是机器学习的一个重要部分，尤其是线性代数、概率论和统计学。我记得我在学校学了这些，但我可能有点忘记了，可能需要重新温习一下。例如，矩阵运算在机器学习中尤其是在神经网络中非常关键，概率论中的贝叶斯定理似乎也在分类算法中被使用。

然后，编程技能也是必须的。常用的编程语言有Python、R、Java等，但我对Python最熟悉，尤其是Pandas、NumPy和Matplotlib这些库。Python的可读性和强大的机器学习库如Scikit-learn和TensorFlow让我很感兴趣。我应该先学好Python，再逐步学习其他编程语言。

接下来是算法与模型。机器学习有监督学习和无监督学习两大类。监督学习包括分类和回归，无监督学习则用于聚类和降维。我需要了解这些基本概念，以及对应的算法，比如逻辑回归、支持向量机、决策树、随机森林、K-近邻算法、K均值聚类、主成分分析（PCA）等。

数据预处理也是机器学习中的一个重要环节。数据清洗（处理缺失值、异常值、归一化/标准化）和特征工程（提取或创造有用的特征）可以帮助提高模型的性能。我记得Pandas有很多方便的数据清洗功能，而特征工程可能需要一些 creativity。

算法选择方面，我需要了解不同算法的假设、复杂度、优缺点以及适用场景。例如，线性回归适用于回归问题，决策树适合特征重要性和可解释性好的情况。在选择算法时，需要对数据集及其任务有深入的了解。

机器学习项目是学习过程中的重要实践部分。通过实际操作数据集，练习问题定义、数据增强、验证策略（如交叉验证）、模型调优（如网格搜索）、评估指标（如准确率、召回率）等，可以加深对机器学习的理解。

实践与应用也是必不可少的。我应该尝试不同的项目，比如图像分类、自然语言处理（NLP）、推荐系统等等。通过不断尝试，可以更好地理解各个算法，积累经验。

接着是书籍和资源的选择。一些经典的书籍有《机器学习》、《Pattern Recognition and Machine Learning》等，而在线资源如Coursera上的Andrew Ng的机器学习课程、Kaggle上的项目实践、官方文档如Scikit-learn和TensorFlow的文档也是很好的学习资源。

社区与合作也是学习过程中不可或缺的一部分。参与Stack Overflow、加入Reddit小组、参加机器学习竞赛、与其他学习者交流，可以提供很多帮助和支持。

最后是持续学习与实践。机器学习是一个不断 evolving的领域，新技术和最佳实践不断涌现。我需要保持对最新动态的关注，不断学习新知识，并将所学应用于实际问题中。

总体来说，学习机器学习需要数学、编程、算法、实践等多方面的结合。首先打好基础知识，然后通过实践来加深理解，同时不断学习和探索新的技术。

在实施学习计划时，我可以通过制定一个详细的学习路线来组织学习。比如：

1. 学习Python编程基础，掌握必要的库如Pandas、NumPy、Matplotlib。
2. 学习机器学习的基础知识，熟悉常用算法和模型。
3. 实践项目，通过实际操作来巩固理论知识。
4. 参与机器学习社区，获取最新的资源和信息。
5. 持续学习，关注新技术和发展趋势。

此外，我还需要注意以下几点：

1. 理解而不是记忆：机器学习有很多算法和术语，重点在于理解它们的工作原理和应用场景，而不是死记硬背。
2. 保持耐心：机器学习是一个复杂且需要实践的领域，不要急于求成，逐步积累经验。
3. 多做实验：通过修改参数和配置不同模型，观察结果的变化，可以深入理解机器学习算法的行为。
4. 注重评估：选择合适的评估指标，并通过交叉验证等方法保证模型的泛化能力。
5. 维护好奇心：保持对机器学习新方法和新领域的兴趣，不断探索未知。

总而言之，学习机器学习是一个系统化的过程，需要理论学习与实践结合，不断积累知识和经验。

2025-06-07 16:42:57,417 - DEBUG - XiDian - Final response: 

学习机器学习需要一个系统化和持续的过程。以下是一个详细的、结构化的学习计划和步骤指南，帮助你从零开始掌握机器学习：

### 一、学习目标
- **了解机器学习的基本概念和原理**
- **掌握必要的编程技能（特别是Python）**
- **学会使用常用的机器学习库（如NumPy、Pandas、Scikit-learn等）**
- **熟悉机器学习常用的算法和模型**
- **具备进行机器学习项目的基本能力（从数据采集，预处理，特征工程到模型训练和评估）**

### 二、学习步骤

#### 第一步：学习编程基础——Python
- **目标**：掌握Python的基本语法和编程思维，为机器学习打下编程基础。
- **内容**：
  1. **Python入门**：变量、数据类型、条件语句、循环语句、函数等。
  2. **Python高级特性**：列表、元组、字典、集合、文件操作等。
  3. **Python库初步**：NumPy和Pandas的基础用法。

- **工具**：使用Jupyter Notebook，它适合结合代码和注释学习。

- **资源**：
  - [官方文档](https://docs.python.org/zh-cn/3/)
  - 推荐学习网站：[Codecademy](https://www.codecademy.com/learn/learn-python-3), [LeetCode](https://leetcode.com/)

#### 第二步：数学基础
- **目标**：打好数学基础，特别是线性代数、概率统计和微积分，这些是机器学习算法的核心。
- **内容**：
  1. 高等数学：微积分、导数、梯度等。
  2. 线性代数：向量、矩阵、特征值、奇异值分解等。
  3. 概率统计：概率分布、期望、方差、协方差、MLE、MAP等。

- **资源**：
  - 书籍：《机器学习数学基础》
  - 在线课程：[机器学习中的线性代数](https://www.360鱼bics.com/learningview/machine_learning/line) 、[概率统计](https://www.360鱼bics.com/learningview/statistics/)

#### 第三步：学习机器学习基础
- **目标**：理解机器学习的基本概念、流程和常见算法。
- **内容**：
  1. 概念与流程：监督学习、无监督学习、半监督学习、强化学习。
  2. 基本算法：线性回归、逻辑回归、决策树、随机森林、支持向量机（SVM）、k均值聚类等。
  3. 机器学习 pipeline：数据预处理、特征工程、模型选择和评估。

- **资源**：
  - 教程：Andrew Ng的[Coursera机器学习课程](https://www.coursera.org/specializations/machine-learning)
  - 书籍：《机器学习实战》（中文版）
  - 在线课程：[机器学习基础](https://www.360鱼bics.com/learningview/machine_learning/fundamentals/)

#### 第四步：学习机器学习库
- **目标**：熟练掌握用于机器学习的Python库，如Scikit-learn、TensorFlow、Keras等。
- **内容**：
  1. Scikit-learn：特征缩放、归一化、基础模型使用。
  2. 正则化方法：Lasso、 Ridge回归。
  3. 评估指标：准确率、召回率、F1分数、 ROC_AUC、MSE、RMSE等。
  4. 过拟合与正则化：交叉验证、网格搜索、随机搜索。

- **资源**：
  - 官方文档：[Scikit-learn文档](https://scikit-learn.org/stable/)
  - 在线教程：[机器学习中的Scikit-learn](https://ith原创分享-CSDN-Blog-Cookie-Lite-1.6.2.1/)

#### 第五步：机器学习算法深入学习
- **目标**：深入理解常见机器学习算法的原理和应用。
- **内容**：
  1. 线性回归：最小二乘法、正则化线性回归。
  2. 逻辑回归：分类器、Sigmoid函数、梯度下降。
  3. 决策树与随机森林：分类与回归树、特征重要性。
  4. 支持向量机（SVM）：硬间隔、软间隔、核函数。
  5. k近邻法（KNN）：分类与回归、距离度量。
  6. k均值聚类：无监督学习。
  7. 神经网络与深度学习基础：感知机、激活函数、前向传播、反向传播。

- **资源**：
  - 书籍：《机器学习》（By Tom Mitchell）
  - 在线课程：[深度学习入门](https://www.360鱼bics.com/learningview/deep_learning/)

#### 第六步：实践项目
- **目标**：通过实际项目巩固所学知识，提升动手能力和项目管理能力。
- **步骤**：
  1. 数据收集：公开数据集（Kaggle、UCI机器学习数据库）。
  2. 数据预处理：清洗、填补缺失值、标准化、特征工程。
  3. 模型训练：选择合适的算法，调参。
  4. 模型评估：使用合适的评估指标，过拟合处理。
  5. 项目总结：记录学习过程和成果，撰写学习报告。

- **资源**：
  - Kaggle比赛：[Titanic机器学习竞赛](https://www.kaggle.com/c/titanic)
  - GitHub上的机器学习项目：[机器学习实践](https://github.com/h基数码)

#### 第七步：持续学习与应用
- **目标**：保持对机器学习的兴趣，持续学习新算法和新技术。
- **内容**：
  1. 最新技术：最新的深度学习框架（如TensorFlow、PyTorch），强化学习。
  2. 实际应用：参与开源项目，或者在个人项目中应用机器学习技术。
  3. 最新论文阅读：通过阅读论文，了解前沿技术和发展趋势。

- **资源**：
  - 论文阅读：[ArXiv](https://arxiv.org/)
  - 在线课程：[Coursera机器学习](https://www.coursera.org/specializations/machine-learning)

### 八、学习计划安排

| 时间段 | 学习内容 |
|--------|----------|
| 第1周   | 安装Python，学习Python基础，了解编程环境设置 |
| 第2周   | 学习NumPy、Pandas的基本用法，处理数据集 |
| 第3周   | 学习数学基础，掌握线性代数和概率统计的基本概念 |
| 第4周   | 学习机器学习基础概念及常见算法，理解模型原理 |
| 第5周   | 学习Scikit-learn库，实践基础模型开发与调参 |
| 第6周   | 进一步学习高级算法，如SVM、随机森林等，并进行实践 |
| 第7周   | 理解神经网络与深度学习的概念，尝试一些基础的深度学习算法实践 |
| 第8周及以后 | 参与机器学习项目，解决实际问题，巩固和提升技能，持续学习新知识 |

### 九、学习技巧
- **坚持性**：机器学习需要时间和耐心，不要急于求成，逐步积累知识。
- **实践**：理论知识需要通过项目来巩固和提高。
- **交流**：加入机器学习的社区，与其他学习者交流，学习他们的经验和资源。
- **坚持学习**：每天设定学习目标，逐步完成学习计划。

### 十、注意事项
- **不贪多**：不要同时学习多门课程，确保每个知识点都能深入理解。
- **查漏补缺**：及时复习和巩固已学内容，确保基础稳固。
- **结合资源**：如果遇到不懂的知识点，及时查阅书籍、在线课程和文档。
- **保持动力**：坚持下去的唯一动力是热爱和成就感，及时发现自己的进步。

通过以上系统的学习和持续的努力，你将能够掌握机器学习的基本原理和应用，具备独立开发和解决问题的能力。祝你学习顺利，成为优秀的机器学习工程师！
2025-06-07 16:42:57,447 - DEBUG - XiDian - Final reasoning response: 嗯，我要学习机器学习。可是我完全不知道从哪里开始。网络上有很多资源，各种课程、博客、视频，看起来都挺复杂的。我应该从基础开始学吗？还是先找一些项目来实践？

首先，我应该学习机器学习的基本概念。什么是机器学习？它和传统编程有什么不同？听说机器学习主要涉及算法和模型，那这些具体的术语到底怎么用呢？我记得在电脑上安装软件的时候，看到过“Python”这个词，我听说很多机器学习都是用Python开发的，对吧？是的，我想先学习Python编程。

可是，我的编程基础不太扎实。刚上完初中的，对编程还没有什么概念。应该先学习Python的基础语法嘛。Python有很多库，听说“NumPy”和“Pandas”是处理数据常用到的库，我需要先学这些吗？或者先学Python的语法再回来学这些库？

学完Python之后，我再来看机器学习。那么，机器学习的主要算法有哪些呢？听说有“线性回归”、“逻辑回归”、“决策树”、“随机森林”、“支持向量机”等等，这些算法听起来都挺复杂的。我应该如何系统地学习这些算法呢？

我觉得最好能找到一本机器学习的基础书籍，系统地学习每个算法的原理和实现。可是，好像机器学习的书籍都挺厚的，有很多公式和代码，我是不是应该选择一些简单明了的书籍或者教程？

另外，实践也是很重要的一环。听说机器学习需要处理大量数据，我应该先找一些公开的数据集来练习，比如Kaggle上的数据集，那里的数据集很多是 publicly available 的，我可以放心地使用。

但是，我有点担心自己数据处理的步骤不够熟练。听说机器学习项目一般包括数据清洗、特征工程、模型训练和评估这几个步骤。我应该先学习如何处理数据，比如如何清洗数据、处理缺失值、特征工程等等，这些都是机器学习中至关重要的部分。

再者，模型的评估也很重要。听说有多种评估指标，比如准确率、召回率、F1分数等等，这些指标可以帮助我评估模型的表现。我觉得我需要学习这些评估方法，以及如何在代码中实现它们。

听说机器学习的模型训练过程需要用到一些高级的编程技巧，比如梯度下降、正则化等等。这些概念听起来有些难理解，我需要先弄清楚这些概念到底是什么，以及如何在实际编程中应用它们。

我还听说，机器学习有一些框架或者工具，比如“Scikit-learn”、“Keras”、“TensorFlow”等等，这些工具可以帮助我快速搭建和训练模型。但我应该先熟悉基础的框架，比如“Scikit-learn”，然后再尝试更复杂的工具吗？

有时候，我会觉得这些概念太过抽象，难以理解。我应该如何有效地记忆和理解这些概念呢？是通过做练习题来巩固，还是通过项目来实践应用？

总之，我需要制定一个学习计划，先学习Python编程，再学习机器学习的基础概念，然后逐步学习各种算法和模型，最后实践操作。在学习过程中，我需要不断通过项目来提升自己的技能和理解。

可是，我时间紧迫，不知道从哪里开始。先从Python的基础开始，听起来是个不错的选择。我可以每天花一点时间学习Python的语法，再逐步学习处理数据、搭建模型等等。我得给自己设定一个合理的学习目标和时间表，最好是每天学习一点，坚持下去。

另外，还听说有很多在线课程和教程，比如Coursera、Udemy这些平台提供机器学习相关的课程。我可以先看看这些平台上的免费或者低价课程，培养学习的耐心和兴趣。

总之，刚开始学习机器学习需要耐心和毅力。我会一步步来，先打好数学基础，再深入学习编程，最后掌握各种算法和模型，通过不断实践来提升自己。

2025-06-07 16:42:57,472 - DEBUG - XiDian - 进入 get_experiment_record_details，整体实验ID: 1, 用户ID: 1
2025-06-07 16:42:57,474 - DEBUG - XiDian - 实验 1 共有 10 个步骤。
2025-06-07 16:42:57,475 - DEBUG - XiDian - 步骤 1: 找到记录 3，状态 'completed', 分数 95.0
2025-06-07 16:42:57,475 - DEBUG - XiDian - 步骤 2: 未找到对应记录，默认为 'pending', 分数 0.0
2025-06-07 16:42:57,475 - DEBUG - XiDian - 步骤 3: 未找到对应记录，默认为 'pending', 分数 0.0
2025-06-07 16:42:57,475 - DEBUG - XiDian - 步骤 4: 找到记录 1，状态 'completed', 分数 90.0
2025-06-07 16:42:57,475 - DEBUG - XiDian - 步骤 5: 未找到对应记录，默认为 'pending', 分数 0.0
2025-06-07 16:42:57,476 - DEBUG - XiDian - 步骤 6: 未找到对应记录，默认为 'pending', 分数 0.0
2025-06-07 16:42:57,476 - DEBUG - XiDian - 步骤 7: 未找到对应记录，默认为 'pending', 分数 0.0
2025-06-07 16:42:57,476 - DEBUG - XiDian - 步骤 8: 未找到对应记录，默认为 'pending', 分数 0.0
2025-06-07 16:42:57,476 - DEBUG - XiDian - 步骤 9: 未找到对应记录，默认为 'pending', 分数 0.0
2025-06-07 16:42:57,476 - DEBUG - XiDian - 步骤 10: 未找到对应记录，默认为 'pending', 分数 0.0
2025-06-07 16:42:57,506 - DEBUG - XiDian - 进入 get_experiment_record_details，整体实验ID: 1, 用户ID: 1
2025-06-07 16:42:57,507 - DEBUG - XiDian - 实验 1 共有 10 个步骤。
2025-06-07 16:42:57,508 - DEBUG - XiDian - 步骤 1: 找到记录 3，状态 'completed', 分数 95.0
2025-06-07 16:42:57,509 - DEBUG - XiDian - 步骤 2: 未找到对应记录，默认为 'pending', 分数 0.0
2025-06-07 16:42:57,509 - DEBUG - XiDian - 步骤 3: 未找到对应记录，默认为 'pending', 分数 0.0
2025-06-07 16:42:57,509 - DEBUG - XiDian - 步骤 4: 找到记录 1，状态 'completed', 分数 90.0
2025-06-07 16:42:57,509 - DEBUG - XiDian - 步骤 5: 未找到对应记录，默认为 'pending', 分数 0.0
2025-06-07 16:42:57,509 - DEBUG - XiDian - 步骤 6: 未找到对应记录，默认为 'pending', 分数 0.0
2025-06-07 16:42:57,509 - DEBUG - XiDian - 步骤 7: 未找到对应记录，默认为 'pending', 分数 0.0
2025-06-07 16:42:57,509 - DEBUG - XiDian - 步骤 8: 未找到对应记录，默认为 'pending', 分数 0.0
2025-06-07 16:42:57,510 - DEBUG - XiDian - 步骤 9: 未找到对应记录，默认为 'pending', 分数 0.0
2025-06-07 16:42:57,510 - DEBUG - XiDian - 步骤 10: 未找到对应记录，默认为 'pending', 分数 0.0
2025-06-07 16:42:57,639 - DEBUG - XiDian - Final response: 

学习机器学习是一个系统性强且需要不断实践的过程。以下是您如何逐步掌握机器学习的整体框架和建议：

### 1. 学习数学基础

机器学习Depends deeply on数学知识，特别是线性代数、概率论和统计学。

- **线性代数**：学习向量、矩阵和矩阵运算，这些是机器学习算法的核心。
- **微积分**：理解梯度、导数和优化方法，这对于理解算法的优化过程至关重要。
- **概率论和统计学**：学习概率分布、贝叶斯定理和假设检验，这些是机器学习模型的基础。

### 2. 掌握编程语言和工具

选择Python作为学习机器学习的主流语言。以下是学习Python和相关工具库的步骤：

- **Python基础**：从变量、数据结构、函数和输入输出开始，逐步学习Python的基本语法和编程思想。
- **数据处理库**：学习Pandas用于数据管理和分析，NumPy用来处理数值数据。
- **机器学习库**：学习Scikit-learn，了解其提供的各种机器学习算法和模型评估工具。
- **高级框架**：如果条件允许，可以学习TensorFlow或PyTorch，用于构建和训练更复杂的模型。

### 3. 学习机器学习算法

从基础算法开始，逐步深入掌握各种模型:

- **基础算法**：了解线性回归、逻辑回归、支持向量机（SVM）、决策树和随机森林等。
- **高级算法**：学习神经网络、长短期记忆网络（LSTM）、AdaBoost等，了解深度学习的基础。

### 4. 理解模型评估与选择

每种模型都有其适用场景，掌握如何评估模型性能非常关键:

- **常见指标**：准确率、精确率、召回率、F1分数、ROC曲线和AUC分数。
- **过拟合与欠拟合**：理解偏差与方差的平衡，学习正则化技巧来避免过拟合。

### 5. 掌握机器学习框架和工具

根据项目需求，选择合适的框架和工具:

- **Scikit-learn**：适合快速实现和比较各种算法。
- **TensorFlow/PyTorch**：如果需要构建复杂的深度学习模型，这两个框架是很好的选择。

### 6. 实践与项目应用

通过实际项目来巩固所学知识，将理论付诸实践:

- **数据集选择**：从Kaggle或UCI等平台获取真实世界的数据集，尝试解决分类、回归等任务。
- **模型循环**：从数据预处理、模型选择、训练、验证到调优，每一个环节都进行深入实践。
- **部署与应用**：学习如何将训练好的模型集成到实际应用中进行部署，关注模型性能和可扩展性。

### 7. 持续学习与探索

机器学习是一个快速发展的领域，持续关注新方法、新技术和最新的研究成果是非常重要的:

- **学习资源**：定期阅读机器学习的书籍、论文和博客，订阅相关领域的新闻和技术博客。
- **参与社区**：加入 discussion forums，如Stack Overflow和Kaggle社区，与其他学习者交流经验，解答疑问。
- **参加比赛**：参与机器学习比赛，如Kaggle competitions，锻炼解决问题的能力，学习如何优化模型。

### 8. 实践与积累经验

保持一种学习的心态，有意识地将所学应用于实际问题，记录和总结学习过程中的经验和教训。实践是掌握机器学习的必经之路。

通过系统的学习和不断的实践，您可以逐渐掌握机器学习的核心概念和方法，最终能够独立完成复杂的机器学习项目。保持耐心和好奇心，机器学习会让您受益匪浅！
2025-06-07 16:42:57,641 - DEBUG - XiDian - Final reasoning response: 嗯，学习机器学习似乎有点复杂，但我还是想试着去理解一下。首先，我需要知道机器学习到底是什么。好像是通过 computers learn from data, 然后 make predictions or decisions. 但我还不太明白具体的细节。

让我从头开始想，机器学习的基本概念是什么。好像是给 computer 学习 patterns or features from data, 然后用这些 patterns 做 prediction 或者 classification. 但是.dat Son,
我有点混淆了。先查一下基本的术语，看能不能弄清楚。

"机器学习" really means computer learns patterns from data to make predictions or decisions without being explicitly programmed. 这是一个最基础的定义。那机器学习主要分为几种类别？好像有监督学习、无监督学习和强化学习。

监督学习好像是给 computer 一些带标签的数据，让 computer 学习怎么预测未知数据。比如，给 computer 许多 email，并标记哪些是垃圾邮件，哪些不是，然后让 computer 自己学会如何识别垃圾邮件。

无监督学习好像不用标签，让 computer 自己在数据中发现模式或结构。比如，聚类分析，把相似的数据分到一起。

强化学习好像有点类似游戏，computer 学习在动态环境中做出最佳 decisions, vibes based on rewards or penalties.

好吧，我需要先学习这些基本概念。接下来，我需要了解机器学习在哪些领域应用的，这样我能更好地理解它的价值。

医疗、金融、推荐系统这些都是常见的应用。比如，在医疗中，机器学习可以分析患者的医疗数据，预测他们得病的风险；在金融中，可以用来检测欺诈交易；在推荐系统中，可以为用户推荐他们感兴趣的内容。

看来机器学习在很多方面都很有用，但我还不确定自己现在需要学习哪方面的知识。

然后，我需要了解机器学习的流程。大致是 data collection、data preprocessing、model training、model evaluation 和 deployment.

Data collection 指的是如何收集到机器学习的数据。Data preprocessing 包括清洗数据，处理缺失值，转换数据格式等。Model training 是指用算法训练 model 来学习数据。Model evaluation 评估 model 的性能，看它做得好不好。最后是 deployment，把这个 model 应用到实际中，比如网页或应用中。

至于需要学习哪些具体的知识，我知道基础的数学，特别是线性代数、概率论和统计学是必要的。这些都是机器学习的基础，因为它们被广泛用于算法和模型中。

但我不太确定具体要学什么数学知识。比如，线性代数中我需要掌握向量和矩阵的运算，这些在机器学习的算法中会被频繁使用。概率论和统计学方面，我需要了解概率分布、贝叶斯定理、假设检验等，这些都是在机器学习中非常重要的概念。

接下来，编程知识也是必要的。机器学习需要用编程语言实现算法，主要是Python 或者 R。Python 的数据分析库像 Pandas 和 NumPy 常用，R 也是用于统计分析的。

但我不太熟悉这些编程语言和库，我需要先从基础的编程知识开始学起，然后再深入学习这些工具。

然后是机器学习算法，像是回归、分类、聚类、降维等。这些算法可以用来解决不同类型的问题。比如，回归算法可以用在线性回归模型中预测连续变量。

我需要先了解这些算法的基本原理，了解它们如何工作，然后学习如何实现它们。

机器学习的评估也很重要。如何评估一个 model 的性能？常用的指标包括准确率、精确率、召回率、F1 分数、 ROC 曲线等。了解这些评估方法，可以让我知道模型的优劣，如何优化它。

然后是工具和框架。现在有非常多 popular 的机器学习框架，比如 TensorFlow 和 PyTorch，这些都是用来构建和训练机器学习模型的工具。还有 Scikit-learn，这个库提供了大量的机器学习算法和工具，方便使用。

我需要开始学习一些入门的课程或教程，系统地了解这些内容。或许可以找到一些在线的学习资源，结合书籍和实践项目来学习。

我记得有一个机器学习的入门教程，包含数学基础、编程基础、算法和模型评估等内容。可以通过这个教程逐步学习。

此外，做实际的项目也是学习的好方法。我可以找到一些数据集，尝试用机器学习算法来解决实际问题，并记录下来我的学习过程。

但是，我对这些具体该如何安排学习计划有点迷茫。是否需要按部就班地学习每一项内容，还是可以有些跳跃式的学习？

我觉得应该有一个大致的学习路径，比如先学数学基础，再去学编程，之后学习机器学习的基础算法，然后逐步深入。

数学基础方面，先从线性代数开始，再学概率论和统计学，最后学优化方法。这些是机器学习算法的基础。

编程知识方面，先学Python的基础语法，再学习常用的数据分析库和机器学习库。虽然有点多，但一步步来应该没问题。

机器学习算法方面，先从简单的基础算法 Like 线性回归和逻辑回归，再到更复杂的算法如支持向量机、随机森林和神经网络。这样逐步深入，更容易理解和掌握。

评估技术方面，需要同时学会如何评估模型的性能，并根据需要进行模型调优。比如，通过交叉验证来评估模型的泛化能力，通过调整参数来优化模型。

工具和框架的学习也是必不可少的。当具体的算法和模型掌握到一定程度后，再去学习使用 TensorFlow 或 PyTorch 这样的工具，以便高效地构建和训练模型。

哦，我还听说过最近很火的自监督学习和生成对抗网络等前沿技术。这些内容可能比较复杂，适合更深入学习的时候再接触。

不过，我对机器学习有一个大致的框架，先从基础知识到算法再到实践项目，一步步来。

但是，具体到时间安排，该如何规划呢？比如每周应该学多少知识，完成哪些练习或项目。

可能需要制定一个学习计划，每天安排固定的学习时间，逐步推进每一项任务。比如，每天抽出一部分时间学习数学基础，一部分时间进行编程练习，还有部分时间学习机器学习算法和应用它们。

但是，完全按照计划执行可能会有困难，需要根据实际情况灵活调整。如果有哪里理解困难，可以花更多时间深入理解；如果有兴趣的部分，可以加码学习。

当然，保持持续的学习动力也很重要，定期回顾学过的知识，巩固和内化学习的内容。

还有一点要注意，实践是学习机器学习不可或缺的部分。仅仅理解理论是不够的，需要通过实际项目来增强自己的理解，并从中积累经验。

刚开始时，我可以选择一些公开的数据集，开始尝试用机器学习算法解决简单的分类或回归问题。比如，手写数字识别、imates 创伤预测等。

通过实践，我可以更好地理解各个算法的工作原理，以及如何选择合适的算法和参数。

那么，学习机器学习的整体步骤大概是：

1. 学习必要的数学基础：线性代数、概率论和统计学。
2. 学习编程语言（Python）和常用工具库。
3. 学习机器学习的基本算法和理论。
4. 学习机器学习模型的评估方法。
5. 学习使用机器学习框架和工具。
6. 通过实际项目来应用和巩固所学的知识。

接下来，我需要为每一步确定具体的学习内容和方法。

数学基础方面，我需要学习向量、矩阵、特征值、特征向量、矩阵分解、概率分布等。

编程方面，从Python的基础打起，学习语句、函数、数据结构、文件操作等。

机器学习算法方面，先学习监督学习中的回归和分类算法，如线性回归、逻辑回归、决策树、随机森林等。然后再学习无监督学习中的聚类、降维等算法。

模型评估方面，学习准确率、精确率、召回率、F1 分数、ROC 曲线、AUC 分数等指标。

工具和框架方面，学习Scikit-learn库的使用，了解如何加载、预处理、评估和部署模型。如果有条件的话，也可以开始接触 TensorFlow 或 PyTorch，学习构建和训练更复杂的模型。

通过这些系统性的学习，我相信自己能逐步掌握机器学习的基础知识和应用方法。

但实现起来可能有些困难，需要耐心和持续的努力。如果遇到不懂的地方，不妨查阅资料，或者向别人请教。

总之，学习机器学习是一项长期而有趣的过程，需要知识的积累和实践的结合，愿意不断探索和学习，就能掌握这项技术，应用到实际中去，解决问题。

2025-06-07 16:42:57,686 - DEBUG - XiDian - 进入 get_experiment_record_details，整体实验ID: 1, 用户ID: 1
2025-06-07 16:42:57,687 - DEBUG - XiDian - 实验 1 共有 10 个步骤。
2025-06-07 16:42:57,688 - DEBUG - XiDian - 步骤 1: 找到记录 3，状态 'completed', 分数 95.0
2025-06-07 16:42:57,688 - DEBUG - XiDian - 步骤 2: 未找到对应记录，默认为 'pending', 分数 0.0
2025-06-07 16:42:57,689 - DEBUG - XiDian - 步骤 3: 未找到对应记录，默认为 'pending', 分数 0.0
2025-06-07 16:42:57,689 - DEBUG - XiDian - 步骤 4: 找到记录 1，状态 'completed', 分数 90.0
2025-06-07 16:42:57,689 - DEBUG - XiDian - 步骤 5: 未找到对应记录，默认为 'pending', 分数 0.0
2025-06-07 16:42:57,689 - DEBUG - XiDian - 步骤 6: 未找到对应记录，默认为 'pending', 分数 0.0
2025-06-07 16:42:57,689 - DEBUG - XiDian - 步骤 7: 未找到对应记录，默认为 'pending', 分数 0.0
2025-06-07 16:42:57,689 - DEBUG - XiDian - 步骤 8: 未找到对应记录，默认为 'pending', 分数 0.0
2025-06-07 16:42:57,689 - DEBUG - XiDian - 步骤 9: 未找到对应记录，默认为 'pending', 分数 0.0
2025-06-07 16:42:57,690 - DEBUG - XiDian - 步骤 10: 未找到对应记录，默认为 'pending', 分数 0.0
2025-06-07 16:42:57,798 - DEBUG - XiDian - Final response: 

学习机器学习是一个循序渐进的过程，需要系统地规划和持续的努力。以下是详细的步骤指南：

### 1. 理解机器学习基础

**什么是机器学习？**
- 机器学习是让计算机从经验中学习，从而改进其性能的任务。它通过数据训练模型，使模型能够处理新的、 unseen 的数据。

**机器学习的分类：**
- **监督学习**：需要标签数据，模型预测新的数据。例如，分类（如识别图片中的动物）和回归（如预测房价）。
- **无监督学习**：不需要标签数据，模型自行寻找数据中的结构。例如，聚类（如客户细分）和降维（如 PCA）。
- **半监督学习**：介于监督和无监督之间，使用部分标签数据。
- **强化学习**：通过试错机制，在环境中学习最优行为。

**监督学习常见算法：**
- **线性回归**：预测一个连续的值。
- **逻辑回归**：用于分类问题。
- **支持向量机（SVM）**：用于分类和回归问题。
- **决策树**：易于解释，适合分类和回归。
- **随机森林**：集成学习方法，提高模型性能。

### 2. 学习必要的数学知识

**线性代数：**
- 向量和矩阵操作，特征分解，矩阵运算。
- 掌握 numpy 库的基本操作，用于数据处理。

**概率论和统计学：**
- 概率分布，期望、方差、协方差等统计概念。
- 假设检验，置信区间，置信水平。
- 统计学基础，用于数据分析。

**微积分：**
- 导数、梯度、极值（极大值、极小值）。
- 用于优化算法，如梯度下降。

**优化方法：**
- 梯度下降法：最常用于机器学习的优化技术。
- 凸优化：理解损失函数的优化。

### 3. 掌握编程技能，尤其是 Python

**Python 为什么要用？**
- 牛doors 机器学习框架如 TensorFlow、PyTorch。
- 数据处理库如 pandas、NumPy。
- 广泛应用于数据分析和机器学习。

**学习路线：**
1. **安装环境：** 安装 Python 及其依赖项（pip、Jupyter Notebook、 VSCode 等）。
2. **基础语法：** 学习 Python 的基本语法，如变量、数据结构（列表、字典、元组、集合等）、函数、类等。
3. **数据处理：** 学习如何使用 pandas、NumPy 进行数据处理和分析。
4. **数据可视化：** 学习 Matplotlib、Seaborn 等库进行数据可视化。

### 4. 学习机器学习算法

**正确的学习步骤：**
1. **从简单到复杂：** 先学习基础算法，如线性回归、逻辑回归，了解其原理和实现。
2. **了解工作流程：** 理解数据预处理、特征工程、模型训练、评估等步骤。
3. **实践项目：** 从头到尾完成一个实际的机器学习项目，如预测房价、分类任务等，巩固所学。

**具体算法学习顺序建议：**
1. **线性回归：** 理解其基本原理，初步体验回归问题的解决方法。
2. **朴素贝叶斯分类：** 学习基于概率的分类算法，简单高效。
3. **决策树与随机森林：** 理解树结构，学会处理分类和回归问题。
4. **支持向量机：** 掌握核函数的应用，了解间隔和 margins 的概念。
5. **K-means 聚类：** 学习无监督学习中的聚类方法。
6. **神经网络与深度学习：** 逐步深入，理解激活函数、前向传播、反向传播等概念。

### 5. 学习机器学习库与工具

**常用库及其作用：**
1. **NumPy：** 用于快速的多维数组操作。
2. **pandas：** 用于数据分析DataFrame的处理。
3. **Scikit-learn：** 全功能机器学习库，包含大量算法和评估工具。
4. **Matplotlib & Seaborn：** 数据可视化工具。
5. **TensorFlow & PyTorch：** 最流行的深度学习框架，用于复杂的模型开发。

**学习 Scikit-learn 的步骤：**
1. **安装库：** 安装并理解库的依赖关系。
2. **数据准备：** 学习导入数据，处理缺失值，进行特征工程。
3. **模型选择：** 学习使用库中的不同算法，如线性回归、随机森林等。
4. **模型评估：** 掌握不同评估指标，如准确率、召回率、F1 分数、 ROC 曲线等。
5. **调参优化：** 学习网格搜索、随机搜索等方法优化超参数。

### 6. 实践与项目经验积累

**开始实践：**
1. **基础项目：** 开始从头到尾做一个项目，如预测房价。
   - 数据收集与处理。
   - 特征提取。
   - 数据建模。
   - 模型评估与调参。
2. **参与比赛（Kaggle）：** 参与 Kaggle 上的比赛，实战演练，学习社区中的优秀解决方案。
3. **持续学习：** 关注机器学习的最新动态，了解新算法和优化方法。

**避免常见问题：**
1. **开始项目前先学习数据预处理：** 数据质量直接影响模型效果。
2. **注重特征工程：** 有效的特征选择和工程化可以显著提升模型性能。
3. **避免过拟合：** 学习正则化、交叉验证等方法，防止模型在测试集上表现不佳。
4. **耐心与坚持：** 机器学习没有捷径，需要多次实验和改进。

### 7. 深入学习与持续成长

**继续深化学习：**
1. **高级算法：** 学习支持向量回归、梯度提升机（如 xgboost、LightGBM、CatBoost）、深度学习、生成对抗网络（GAN），强化学习等。
2. **研究论文：** 学习经典的机器学习论文，了解算法的原理和改进方向。
3. **实时应用：** 学习如何将模型应用到实际生产环境，处理大规模数据，部署模型。

**保持学习的热情：**
- 关注技术博客（如 Medium、Towards Data Science， Fast.ai 等）。
- 参加线下或线上的机器学习会议和workshop。
- 学习相关工具和框架的文档和官方教程。

**制定学习计划：**
- 分阶段学习，短期和长期目标明确。
- 每天坚持学习固定时间，逐步增加学习强度。
- 多做实验，从失败中学习。

### 8. 寻求帮助与社区交流

**加入学习社区：**
- 在知乎、Quora、Stack Overflow、Reddit 等平台提问。
- 参加 Kaggle 竞赛和论坛，学习其他玩家的策略和经验。
- 线上社区如机器学习 subreddit, 微信群组，加入机器学习相关的 Facebook 群组。

**寻求帮助：**
- 如果在学习过程中遇到问题，及时寻求帮助，不要犹豫。
- 多向人请教，学习他们的思维和方法。

### 9. 理解背后的原理与数学推导

**深入算法原理：**
- 试图理解算法背后的数学原理和优化过程。
- 学会推导公式，如线性回归的正规方程、SVM 的对偶形式、梯度下降的过程等。
- 这有助于更好地选择和调参模型。

**优化方式：**
- 学习求导，梯度计算，理解优化算法的工作原理。

### 10. 总结与反思

**定期复盘：**
- 每周总结所学内容，记录思考和收获。
- 分析自己的学习进展，找出不足之处。

**持续优化学习方法：**
- 根据自己的学习效果，灵活调整学习策略。
- 找到适合自己的学习节奏和方式。

**保持终身学习的态度：**
- 机器学习是一个不断发展的领域，持续学习和探索是保持竞争力的关键。

### 结语

学习机器学习是一个复杂而有趣的过程。从理解基本概念，到掌握算法和工具，再到实践项目，是一个循序渐进的过程。在这个过程中，数学知识和编程能力是关键的基础，实践项目则帮助巩固理论知识。通过持续的学习和实践，你可以逐渐掌握机器学习，解决更多的实际问题。记住，坚持和耐心是最重要的品质，祝你在机器学习的学习之旅中取得丰硕的成果！
2025-06-07 16:42:57,802 - DEBUG - XiDian - Final reasoning response: 嗯，我最近对机器学习很感兴趣，想了解一下该怎么开始学习。首先，我得弄清楚机器学习到底是什么。我听说过机器学习是让计算机在没有详细编程的情况下，通过训练数据自己学习和改进的领域，但具体细节还不清楚。

我听说机器学习涉及到各种算法，比如线性回归、支持向量机、决策树等等。这些听起来好像都很复杂，我不确定从哪里开始学这些。是不是应该先从小规模的学习任务开始，比如分类或者回归问题？比如，如果我要预测房价，这是回归问题；如果我要分类某种物品，比如判断一张图片是猫还是狗，那就是分类问题。

然后，我还需要学习哪些数学知识呢？听说机器学习需要线性代数、概率论和统计学、微积分等等，这些数学是不是都是基础，必须先搞清楚才能学机器学习？我有点担心自己数学不太好，会不会跟不上？

此外，编程能力也是很重要的。我听说Python很流行，好像有很多机器学习框架，比如TensorFlow和PyTorch，是不是应该优先学习Python？然后，如果要使用这些库，我需要安装哪些依赖库，比如NumPy、Pandas、Matplotlib等等。这些库怎么用呢？我需要学怎么导入数据、处理数据、可视化数据，这些步骤都需要掌握吧。

还有，机器学习的模型训练过程是什么样的？数据预处理是关键，包括数据清洗、特征工程、数据归一化等等。这些步骤是必须完成的，所以是不是要先学习如何处理数据，再进行模型选择和训练？

我还听说机器学习模型通常需要进行特征工程，就是把数据转换成模型能理解的形式。比如，如果我的数据是一个表格，我需要选择哪些特征，如何提取有用的特征，去掉无关的特征。这点我还不太确定，如何有效地进行特征工程？

另外，模型评估也很重要。我想知道如何评估一个学习模型的好坏。听说有准确率、召回率、精确率、F1分数等等指标，这些指标怎么计算，怎么分析模型的性能。还有过拟合和欠拟合的问题，这可能会影响模型的有效性，我需要学习如何避免这些问题。

还有，机器学习的模型主流架构是哪些？比如，线性回归、支持向量机、决策树、随机森林、神经网络等等，这些模型的区别和适用场景是什么？是不是应该先从简单的模型开始，再学习更复杂的模型？

最后，我觉得实际项目实战很重要，通过实际项目来巩固知识。比如，我可以参与kaggle上的比赛，或者自己设计一个预测任务，从数据收集、预处理、建模到评估整个过程，练习一下机器学习的完整流程。同时，还需要学习如何使用Notebook，比如Jupyter Notebook，方便实验和记录。

不过，这些都是很好的建议，但实际操作起来会遇到很多困难。比如， installed dependencies 导入库的时候可能会出错，数据预处理的时候可能会遇到不知道怎么处理的数据，模型选择和调参的时候可能会感到迷茫，不知道该用哪些参数，怎么调整模型来提高性能。

也许我应该一步步来，先从小规模的数据项目开始，专注于基础模型，比如线性回归，避免对多种复杂的模型同时感兴趣。同时，先学会使用现成的库和框架，减少自己动手实现算法的难度。不过，如果我对算法的原理感兴趣，以后再深入学习具体的实现。

还有，实践的时候可能会遇到数据不均衡的问题，比如在分类任务中，某些类别样本数量远少于其他类别，这时候怎么处理，如何评估模型性能？是不是需要学习过采样、欠采样等技术？另外，模型调参也是一个难点，如何有效地找到最优的超参数设置，提升模型性能，这方面需要学习网格搜索、随机搜索等方法，但这又需要大量的计算资源，会不会很慢？

总的来说，我需要系统的规划学习时间，设定短期和长期的学习目标，逐步掌握机器学习的基础知识和实际操作技能，通过不断的实践和积累经验，来提升自己的机器学习能力。

2025-06-07 16:42:57,851 - DEBUG - XiDian - 进入 get_experiment_record_details，整体实验ID: 1, 用户ID: 1
2025-06-07 16:42:57,853 - DEBUG - XiDian - 实验 1 共有 10 个步骤。
2025-06-07 16:42:57,854 - DEBUG - XiDian - 步骤 1: 找到记录 3，状态 'completed', 分数 95.0
2025-06-07 16:42:57,854 - DEBUG - XiDian - 步骤 2: 未找到对应记录，默认为 'pending', 分数 0.0
2025-06-07 16:42:57,854 - DEBUG - XiDian - 步骤 3: 未找到对应记录，默认为 'pending', 分数 0.0
2025-06-07 16:42:57,854 - DEBUG - XiDian - 步骤 4: 找到记录 1，状态 'completed', 分数 90.0
2025-06-07 16:42:57,854 - DEBUG - XiDian - 步骤 5: 未找到对应记录，默认为 'pending', 分数 0.0
2025-06-07 16:42:57,854 - DEBUG - XiDian - 步骤 6: 未找到对应记录，默认为 'pending', 分数 0.0
2025-06-07 16:42:57,856 - DEBUG - XiDian - 步骤 7: 未找到对应记录，默认为 'pending', 分数 0.0
2025-06-07 16:42:57,856 - DEBUG - XiDian - 步骤 8: 未找到对应记录，默认为 'pending', 分数 0.0
2025-06-07 16:42:57,856 - DEBUG - XiDian - 步骤 9: 未找到对应记录，默认为 'pending', 分数 0.0
2025-06-07 16:42:57,856 - DEBUG - XiDian - 步骤 10: 未找到对应记录，默认为 'pending', 分数 0.0
2025-06-07 16:42:58,007 - DEBUG - XiDian - Final response: 

### 如何学习机器学习

学习机器学习是一个系统化的过程，需要结合数学知识、编程技能以及实践应用。以下是一个详细的步骤指南，帮助您逐步掌握机器学习：

---

#### **步骤 1：建立学习目标**

- **明确目标**：确定您希望在机器学习领域达到的特定目标，例如：
  - 初步理解机器学习的基本概念。
  - 掌握监督学习和无监督学习的基本方法。
  - 能够用 Python 实现基本的机器学习模型。
  - 掌握深度学习的基础知识和应用。
- **设定时间表**：制定一个切实可行的学习时间表，每天分配一定时间进行学习和实践。

---

#### **步骤 2：学习数学基础**

机器学习的核心依赖于数学知识，尤其是线性代数、概率论和统计学。

1. **线性代数**：
   - **矩阵和向量**：理解矩阵的加法、减法、乘法和逆运算。
   - **特征值和特征向量**：了解这些概念在降维和主成分分析（PCA）中的应用。
   - **Python库**：学习使用 `NumPy` 库进行高效的数学运算。

2. **概率论**：
   - **基本概念**：包括随机变量、概率分布（如正态分布、伯努利分布）、贝叶斯定理等。
   - **对齐变量**：理解条件概率和边缘概率。

3. **统计学**：
   - **描述性统计**：学习均值、中位数、标准差等指标。
   - **推断统计**：包括置信区间、假设检验等，帮助理解机器学习中的不确定性。

- **资源建议**：
  - 书籍：《机器学习数学基础》（机器学习数学基础）。
  - 网站：Khan Academy、Coursera 上的数学课程。

---

#### **步骤 3：掌握编程技能（Python）**

Python 是机器学习的首选语言，掌握基础编程和一些特定库的使用非常重要。

1. **基础编程**：
   - **语法**：学习条件语句（if-else）、循环（for、while）、函数定义和调用。
   - **数据结构**：理解列表、元组、字典、集合等数据结构。

2. **Python 库**：
   - **NumPy**：用于快速的数组操作和数学运算。
   - **Pandas**：用于数据处理、清洗和分析。
   - **Matplotlib** 和 **Seaborn**：用于数据可视化。
   - **Scikit-learn**：机器学习算法的集合。
   - **TensorFlow/PyTorch**：深度学习框架。

3. **实践项目**：
   - 从小项目开始，例如数据可视化、简单的数据处理或者分类任务（如 MNIST 数字识别）。
   - 使用 Kaggle 等平台上的公开数据集进行实战。

---

#### **步骤 4：理解机器学习基础概念**

一旦具备了必要的数学和编程基础，就可以开始学习机器学习的核心概念。

1. **概念理解**：
   - **监督学习**：输入和输出都已标注，分为回归和分类。
   - **无监督学习**：只有输入数据，用于聚类和降维。
   - **半监督学习**：部分标记数据和部分未标记数据。

2. **机器学习流程**：
   - **数据收集与准备**：清洗数据、处理缺失值、特征工程。
   - **模型训练**：选择适当算法，训练模型。
   - **模型评估**：使用验证集或测试集评估模型性能。
   - **模型调优**：通过超参数优化提高模型性能。

3. **常见算法**：
   - **回归**：线性回归、逻辑回归。
   - **分类**：k 近邻算法（KNN）、决策树、随机森林、支持向量机（SVM）。
   - **聚类**：K-means、层次聚类。
   - **降维**：主成分分析（PCA）、t-SNE。

---

#### **步骤 5：实践与项目实战**

理论学习后，通过实际项目应用来巩固知识。

1. **选择项目**：
   - 小项目：如预测房价、识别手写数字（使用 MNIST 数据集）。
   - 中型项目：如电商用户流失预测、图像分类。

2. **数据处理**：
   - 使用 Pandas 或 NumPy 处理数据。
   - 数据可视化有助于理解数据分布和特征。

3. **模型实现**：
   - 使用 Scikit-learn 实现基本算法。
   - 关注模型的输出结果和评估指标。

4. **模型调优**：
   - 使用网格搜索（Grid Search）或随机搜索（Random Search）优化超参数。
   - 提高模型性能通常需要特征工程和参数调整。

5. **部署与发布**：
   - 使用 Flask 或 FastAPI 等 frameworks 构建 API，将模型集成到应用中。

---

#### **步骤 6：学习进阶内容**

随着对机器学习的理解加深，可以进一步探索更复杂的内容。

1. **深度学习**：
   - 学习神经网络的基本概念和应用。
   - 使用 TensorFlow 或 PyTorch 实现深度学习模型，例如卷积神经网络（CNN）、长短期记忆网络（LSTM）。

2. **强化学习**：
   - 探索如何让模型通过试错来学习，例如游戏AI、机器人控制。

3. **模型评估与比较**：
   - 学习不同评估指标的意义和应用场景。
   - 了解不同模型之间的优缺点，如何选择适合的模型。

---

#### **步骤 7：参与社区与交流**

- **加入学习社区**：例如 Kaggle 讨论区、Stack Overflow、Reddit 的机器学习板块。
- **参加在线课程和会议**：如 Coursera、 edX 上的课程，或者机器学习大会（如 ICML、NeurIPS）。
- **与他人交流**：分享您的学习经历和项目进展，获取反馈和建议。

---

#### **步骤 8：持续学习与应用**

机器学习是一个不断发展的领域，知识也在不断更新。因此，需要保持学习的热情，关注最新的研究进展和应用场景。

- 定期回顾已掌握的知识，学习新算法和新技术。
- 将机器学习应用到实际工作中，或个人项目中，不断积累经验。

---

### 总结

学习机器学习需要系统的知识储备和大量的实践。从数学基础和编程技能开始，逐步深入理解机器学习的概念和应用，通过实践项目巩固和提升技能。同时，积极参与社区交流，保持对更新知识的热情，这样才能在机器学习的广阔领域中不断进步。
2025-06-07 16:42:58,021 - DEBUG - XiDian - Final reasoning response: 嗯，怎么才能学好机器学习呢？首先，我记得机器学习是基于数据和算法来寻找模式和规律的，对吧？但是具体该从哪里开始呢？听说过有很多复杂的数学概念，比如线性代数、概率论和统计学等等。这些是不是学习机器学习的基础呢？我有点儿怕，怕自己数学不好，学不会这些东西。

所以，我应该先复习一下数学知识吗？应该从哪里开始呢？是不是要先掌握基础的代数和微积分呢？我记得代数是解决数学问题的最基本工具，而微积分在机器学习中好像也很重要，毕竟涉及到函数的优化和变化率什么的。可是，如果我对这些概念还不是很了解，那学机器学习会不会太吃力了？

还有，编程方面的要求。听说机器学习需要编程技能，比如Python或者R。但我对编程还不是很熟悉，特别是数据结构和算法这些，是不是需要先学习编程基础呢？听说Pxthon在机器学习中用得挺多的，我可以选择学Python开始。但是Python有没有很多库或者框架，会不会让我更容易上手呢？比如像TensorFlow或者PyTorch这些，是不是只有用到的时候才去学习？

我记得在之前的冒泡排序示例中，代码是用Python写的，看起来还是挺直观的。也许我可以先从简单的机器学习模型开始，比如线性回归或者逻辑回归，然后看看怎么用Python实现这些模型。但是，为了实现这些模型，我是不是还得学习那些复杂的数学知识呢？先从基础的线性代数开始，还是先学点机器学习的基本概念？

我好像记得有人说过，机器学习的算法可以分为监督学习和无监督学习两大类。监督学习需要有标注数据，而无监督学习则需要没有标注的数据。具体是什么呢？监督学习中的回归和分类，是不是说预测连续的数值，像房价预测，或者预测离散的类别，像癌症诊断？

那监督学习中的回归和分类具体又是怎么工作的呢？应该都是用输入的数据来训练模型，而模型通过这些数据学习出输入和输出之间的关系，对吧？然后可以用这个模型来预测新的数据。我觉得自己对这些概念已经有了基本的了解，但具体如何实现还需要进一步学习。

听说深度学习也是机器学习的一个分支，涉及到神经网络。但是神经网络听起来好复杂，是不是也需要很多数学知识和编程技巧呢？我想先从基础的机器学习入手，取得一些经验后再逐步深入学习深度学习。

那具体可以分成哪些步骤来学习机器学习呢？可能需要系统地学习数学基础、编程基础，然后一步步学习机器学习算法，最后进行项目实战。听起来有点儿复杂，但一步步来应该可以。

数学基础方面，我需要如何学习线性代数、概率论和统计学呢？是不是有很多在线课程或者书籍可以参考？听说矩阵运算、向量空间这些在机器学习中都很重要，我应该先掌握这些知识。但是如果数学基础太差，会不会影响整体学习进程呢？

编程基础方面，除了Python，我还需要学习一些数据处理和可视化的方法。听说Pandas用于数据处理，Matplotlib或者Seaborn用于数据可视化。这些工具是不是要用到在机器学习的流程中，比如数据清洗、特征选择、结果展示等等。我还听说过Scikit-learn，这是一个机器学习库，是不是用它来做模型训练和评估？

机器学习的流程大致是：首先收集和准备数据，然后进行数据预处理，接着选择合适的算法，再进行模型训练、验证和调优，最后部署和评估。听起来这是一个系统的过程，我需要逐步掌握每个环节的操作。

那具体每一步该怎么做呢？收集数据可以通过网络爬虫或者API接口来获取，对吧？但是，如果数据量不够大，或者质量不高，怎么办？是不是需要做一些数据清洗和预处理？比如填充缺失值，去除噪音或者异常数据，或者进行特征工程，提取有用的特征？

选择机器学习算法的时候，会不会需要知道每个算法的优缺点，适用场景是什么？比如线性回归适合回归任务，决策树适合分类和回归任务，支持向量机适用于高维数据等等。对，我需要学习各种算法的特点，选择最适合任务的模型。

在模型训练和验证阶段，使用Scikit-learn中的方法进行数据分割，比如训练集和测试集的比例，使用交叉验证来验证模型的泛化能力。模型训练完成后，再用测试集评估模型的性能，看看预测结果的好坏。

调优模型可能需要一些超参数优化的方法，比如网格搜索或者随机搜索，尝试不同的超参数组合，找到最佳的模型配置。此外，还会有一些模型评估指标，比如准确率、精确率、召回率、F1分数，甚至ROC曲线等，用来评估模型的表现。

最后，部署和评估模型的时候，可能需要将模型整合到应用程序中，或者用API的方式让其他系统调用这个模型，进行实时的预测。同时，也需要评估模型的 deployment 的效果和实际应用中的表现。

嗯，看来机器学习的学习过程涉及很多方面，需要系统地学习和实践。也许可以从基础的数学和编程开始，逐步了解机器学习的基础概念和技术，然后通过实践项目来巩固和应用所学的知识。每天花一些时间学习和练习，应该能够逐步掌握机器学习的精髓。

不过，我担心自己时间不够用，或者任务太复杂。也许可以设定一些小目标，比如每周完成一个学习任务，或者每天学习一定的知识点，这样不至于感到压力太大。还可以多参考书籍和在线课程，结交一些学习小组或者寻求指导，互相交流和帮助。

总之，虽然机器学习的学习过程看似繁重，但如果能够有条不紊地进行，逐步深入，应该能够掌握这一技术。关键是要有耐心，不怕困难，愿意不断学习和实践。

2025-06-07 16:42:58,073 - DEBUG - XiDian - 进入 get_experiment_record_details，整体实验ID: 1, 用户ID: 1
2025-06-07 16:42:58,075 - DEBUG - XiDian - 实验 1 共有 10 个步骤。
2025-06-07 16:42:58,076 - DEBUG - XiDian - 步骤 1: 找到记录 3，状态 'completed', 分数 95.0
2025-06-07 16:42:58,076 - DEBUG - XiDian - 步骤 2: 未找到对应记录，默认为 'pending', 分数 0.0
2025-06-07 16:42:58,077 - DEBUG - XiDian - 步骤 3: 未找到对应记录，默认为 'pending', 分数 0.0
2025-06-07 16:42:58,077 - DEBUG - XiDian - 步骤 4: 找到记录 1，状态 'completed', 分数 90.0
2025-06-07 16:42:58,077 - DEBUG - XiDian - 步骤 5: 未找到对应记录，默认为 'pending', 分数 0.0
2025-06-07 16:42:58,078 - DEBUG - XiDian - 步骤 6: 未找到对应记录，默认为 'pending', 分数 0.0
2025-06-07 16:42:58,078 - DEBUG - XiDian - 步骤 7: 未找到对应记录，默认为 'pending', 分数 0.0
2025-06-07 16:42:58,078 - DEBUG - XiDian - 步骤 8: 未找到对应记录，默认为 'pending', 分数 0.0
2025-06-07 16:42:58,078 - DEBUG - XiDian - 步骤 9: 未找到对应记录，默认为 'pending', 分数 0.0
2025-06-07 16:42:58,079 - DEBUG - XiDian - 步骤 10: 未找到对应记录，默认为 'pending', 分数 0.0
2025-06-07 16:42:58,552 - DEBUG - XiDian - Final response: 

学习机器学习需要遵循一个系统化的学习路径和持续的努力。以下是基于我 experiences 的总结，希望能对其他刚开始学习机器学习的人有所帮助。

### 学习机器学习的步骤建议

1. **打好数学基础**
   - **线性代数**：掌握向量、矩阵、逆矩阵、行列式、特征值等基本概念，理解它们在机器学习中的应用。
   - **概率与统计**：学习概率分布、期望、方差、协方差、贝叶斯定理等知识，为理解机器学习算法打下基础。
   - **微积分**：熟悉导数、梯度、多元微积分等概念，理解优化算法如梯度下降的工作原理。
   - **优化算法**：了解凸优化、梯度下降、牛顿法、共轭梯度法等优化方法。

2. **掌握编程基础**
   - **Python编程**：学习 Python 语法，了解数据结构、函数、模块、异常处理等知识。推荐使用 Jupyter Notebook 进行实践。
   - **数据处理库**：熟悉 numpy 进行高效的数值计算，利用 pandas 进行数据清洗和预处理。
   - **数据可视化**：掌握 matplotlib 和 seaborn 等库，绘制数据可视化图表，帮助理解数据和算法表现。

3. **学习机器学习基础概念**
   - **监督学习和无监督学习**：了解两者的区别与应用场景，掌握分类、回归、聚类等任务的基本概念。
   - **评估方法**：学习均方误差（MSE）、准确率（Accuracy）、 ROC 曲线等评估指标，评估模型性能。

4. **学习主要机器学习算法**
   - **线性回归**：理解回归分析的基本原理和应用场景，掌握单变量和多变量线性回归模型。
   - **逻辑回归**：掌握分类问题，理解 Sigmoid 函数和Softmax 函数的作用。
   - **支持向量机（SVM）**：学习最大-margin 分类器的思想，理解核函数的作用。
   - **决策树与随机森林**：熟悉树的构建过程，理解特征选择和投票机制。
   - **聚类分析**：学习 k-均值、层次聚类等聚类算法，理解距离度量和聚类评价。
   - **神经网络与深度学习**：了解神经网络的结构和工作原理，深入学习前馈网络和卷积神经网络（CNN）。

5. **实践与项目**
   - **动手实践**：通过实际项目巩固理论知识，利用 Kaggle 数据集、ORL 项目等进行实战。
   - **数据预处理**：掌握特征工程，如特征选择、特征缩放、数据填补等，提高模型性能。
   - 模型调参：学习网格搜索、随机搜索等调参方法，优化模型超参数，提升模型性能。

6. **持续学习与改进**
   - **参与社区**：加入机器学习社区，如知乎、GitHub、Kaggle 等，学习大牛经验，参与讨论。
   - **阅读书籍和论文**：阅读《机器学习实战》、《Pattern Recognition and Machine Learning》等经典书籍，深挖前沿论文。
   - **持续实践**：保持项目更新，定期记录学习过程和成果，巩固知识，拓展能力。

7. **工具和框架的学习**
   - ** scikit-learn**：掌握机器学习框架的 API，快速实现常用算法。
   - **TensorFlow 和 PyTorch**：学习深度学习框架，进行高级模型设计和训练。
   - **Keras**：利用高阶API 搭建复杂深度学习模型，方便快捷。

### 学习资源推荐

- **书籍**
  - 《机器学习实战》
  - 《Pattern Recognition and Machine Learning》( Cambridge University Press)
  - 《机器学习》(MLPR, Cambridge University Press)
  - 《统计学习方法》( Chinese)
- **在线课程**
  - Coursera: Andrew Ng 的《机器学习》和《深度学习》
  - edX:  mit 的《数学基础与机器学习导论》
  - Udacity: 《机器学习工程师 Nanodegree》
- **博客和教程**
  - 知乎、 Analytics Vidhya、Medium 等平台上的机器学习教程。
- **陷入实践**
  - Kaggle 竞赛，实践不同的算法，解决实际问题。
  - GitHub 上的开源项目，学习大牛们的代码和实现。

### 学习计划示例

1. **3-4 周：数学基础入门**
   - 复习线性代数基础知识。
   - 学习概率统计基础，特别是与机器学习相关的概念。
   - 理解微积分在优化中的应用。

2. **1-2 周：Python编程与数据处理**
   - 学习 Python 语法，注意力在库（如numpy、pandas）的使用。
   - 超出数据分析实践，处理并清洗数据集。

3. **2-3 周：机器学习基础概念学习**
   - 学习基本分类算法如逻辑回归和 SVM。
   - 学习监督学习和无监督学习的框架。

4. **4-5 周：深入学习中等难度算法**
   - 学习决策树、随机森林和集成学习。
   - 掌握神经网络的基础，了解前馈网络和深度学习框架的使用。

5. **1-2 周：实践项目**
   - 选择一个实际问题进行建模和解决。
   - 通过 Kaggle 竞赛或自行搜集数据集，实践模型构建和调优。

6. **持续学习：保持进步**
   - 定期阅读书籍和论文，参加在线课程和讲座。
   - 持续参与社区交流，积累经验。

### 遇到的挑战与对策

1. **数学基础不扎实**：很多时候，算法实现中的困难不妨碍算法理解的不深入。于是我选择了从直观应用出发，了解每个算法的原理和应用场景，待基础加强后再回来深入学习。

2. **编程实践不够**：实际编程中的问题常常让我感到沮丧，于是我尝试将每个算法的手动实现与库中函数进行比较，加深理解。

3. **缺乏方向感**：在学习过程中，容易迷失方向。于是我建立了一个明确的学习路线，有计划地学习每个阶段的内容，逐步推进。

4. **时间管理**：平衡学习与项目的时间安排有时困难。于是，我将每个阶段的学习内容与实践项目结合起来，确保定期回顾和巩固所学知识。

### 总结

学习机器学习是一个循序渐进的过程，需要数学基础、编程能力和实战能力的结合。通过系统化的学习计划和持续的努力，逐步掌握机器学习的核心思想和实现方式。同时，保持好奇心，积极参与实践，不断探索和改进，才能在机器学习这条道路上走得更远。

通过不断地学习和实践，我相信你也能掌握机器学习的精髓，应用它来解决实际问题，甚至创造新的算法和模型。希望这些建议对你有所帮助，祝你在机器学习的世界里如鱼得水！
2025-06-07 16:42:58,562 - DEBUG - XiDian - Final reasoning response: 今天我在想，机器学习到底是怎么学的呢。是不是像说的那样那么简单呢？可能刚开始会觉得，机器学习好像就是一个黑盒子，里面有很多复杂的数学公式和算法，自己也不太清楚具体该从哪里开始学习。于是乎，我就开始在网上查找资料，看看有没有什么系统的学习方法或者推荐的学习路径。

首先，我看到了有很多人提到要先打好数学基础，特别是线性代数、概率论和统计学这些。嗯，这对我来说好像有点难度，但是我也知道这些数学知识对于理解机器学习的原理是非常重要的。比如说，线性代数里面有矩阵和向量的知识，这些在机器学习中经常被用到，特别是在处理数据的时候。但是刚开始的时候，我当时有点懵，自己 Illuminate 这些概念到底怎么应用到实际的机器学习中呢？

然后，我又看到了关于编程的建议，大部分推荐 Python 作为学习机器学习的首选语言，因为它的生态系统非常完善，有很多现成的库，比如 scikit-learn、pandas 和 matplotlib 等等。这些库可以大大简化机器学习的开发过程。但是问题是，虽然 numpy 和 pandas 这些库我都已经听说过，但在实际编程中要怎么有效地使用它们呢？我还不是很清楚。

接着，我又绕到了算法和模型部分。机器学习的核心是各种算法，比如线性回归、支持向量机、随机森林等等。我可能会担心这些算法看起来都特别复杂，如果不是数学背景的人，该怎么理解这些算法的工作原理呢？是不是需要先了解一些统计学的背景知识？比如说，什么是特征工程、数据清洗、数据预处理等等？这些内容听起来有点专业，但是我觉得如果我能找到一些直观的例子或者教程，学习起来可能会容易得多。

为了进一步探索，我决定先从数学基础开始。我下载了一些学习资料，比如《机器学习数学 essential》和《线性代数八小时》等。我看了一些在线视频，试着理解一些基本的线性代数概念，比如向量和矩阵的基本操作、逆矩阵、行列式等。虽然这些概念我以前学过，但在应用到机器学习中时发现，自己理解得还不够深入，特别是在向量的点积和矩阵乘法这些方面，对于如何实现机器学习中的模型训练，还存在很多疑问。

在学习数学的同时，我也开始尝试实践。我找到了一个简单的线性回归问题，使用 numpy 和 pandas 库来处理数据。通过实际操作，我尝试了解如何进行数据加载、数据预处理，以及如何使用 scikit-learn 库中的 LinearRegression 类来进行模型训练和预测。尽管这样，我还是遇到了很多问题，比如如何选择合适的特征变量、如何评估模型的性能等等。

然后，我又学习了监督学习中的分类算法，比如支持向量机和支持向量分类器。我发现，理解这些算法的原理需要更多的数学知识，特别是在概率和统计方面。于是，我又重新回到了数学基础部分，试图更深入地理解这些算法背后的统计推断和优化方法。

在算法学习的过程中，我发现，机器学习不仅仅是选择一个算法，还有如何调整参数以达到最佳效果的调参过程。这对于刚开始学习的人来说，感觉有点挑战，不知道该从哪里开始调参数，或者怎样有效地进行交叉验证和超参数调优。于是我开始学习一些调参方法，比如网格搜索和随机搜索，尝试理解这些方法如何帮助Find 最佳模型参数。

随着学习的深入，我逐渐意识到，机器学习需要一个系统的学习路径。我觉得，应该先从数学基础开始，打牢基础，再去学习具体的算法和模型，最后通过实践来巩固所学的知识。于是我尝试制定了一份学习计划：数学基础->编程基础->学习算法->实践与项目->持续学习与改进。

在执行这份学习计划的时候，我意识到自己的知识 gaps 其实是挺多的，无论是数学背景还是编程造诣都需要时间来积累。不过，我相信只要坚持下去，循序渐进地学习和实践，一定能逐渐掌握机器学习的核心思想和技术。

当然，我在学习过程中也遇到了很多挫折和困难。比如，一开始学习线性代数时，很多概念和定理可能由于缺乏实际应用的背景，理解起来有点困难。而且，面对各种复杂的算法和模型，也会感到不知所措，不知道从何入手。但这时候，我就意识到， Machine 学习需要持续的学习和不断的实践，不能急于求成。虽然理解每一个细节可能需要更多的时间和精力，但我必须耐心地逐步深入。

此外，我开始意识到，学习机器学习不仅仅需要自己一个人学习，还可以加入学习社区，通过参与讨论、解答问题、分享经验来加速学习进程。于是，我开始访问一些机器学习的在线平台，比如 Kaggle、Coursera 和 GitHub 上的开源项目，尝试了解不同算法的实现细节，学习大牛们的实践经验。

在学习编程部分，我发现，Python 语法简单直观，非常适合用来学习机器学习。但是，如何高效地使用这些库进行数据处理、模型训练、模型评价等，还需要进一步学习。于是，我又开始学习一些关于 pandas 的高级功能，比如数据清洗、数据聚合等，以便能够更好地处理实际的数据集。挥洒 Python 语法的学习，我发现自己越来越喜欢编码这个过程。

最后，在学习到一定的深度之后，我决定开始自己动手做一个小型的机器学习项目。我选择了一个常见的任务，比如房价预测，收集了相关的数据，并按照数据加载->数据预处理->模型训练->模型评价->模型优化这样一个流程来操作。在这个过程中，我发现自己不仅仅是了解了理论知识，还学会了如何将这些知识实际应用到解决实际问题中。

通过这个实践项目，我对整个机器学习的流程有了更多的认识，也深刻体会到了持续学习和不断改进的重要性。每一次遇到问题或者发现模型表现不佳时，我都会回到理论学习或者编程实践部分，去查找资料、解决问题，这样一步步地积累和提升。

当然，在这个过程中，我也发现了自己的很多不足之处，比如对某些数学概念的理解还不够深入，对某些算法的原理掌握得不够透彻等等。不过，我发现，这些都是可以通过持续学习和不断实践来逐渐克服的。重要的是，调整好心态，保持耐心，愿意在学习机器学习的过程中付出更多的努力。

总的来说，通过一段时间的学习和实践，我对机器学习有了更加全面的认识，也逐渐掌握了学习的方和方法。我觉得，关键是要有一个系统的学习规划，不断学习和实践，逐步积累和提升自己的机器学习能力。

2025-06-07 16:42:58,601 - DEBUG - XiDian - 进入 get_experiment_record_details，整体实验ID: 1, 用户ID: 1
2025-06-07 16:42:58,602 - DEBUG - XiDian - 实验 1 共有 10 个步骤。
2025-06-07 16:42:58,604 - DEBUG - XiDian - 步骤 1: 找到记录 3，状态 'completed', 分数 95.0
2025-06-07 16:42:58,604 - DEBUG - XiDian - 步骤 2: 未找到对应记录，默认为 'pending', 分数 0.0
2025-06-07 16:42:58,605 - DEBUG - XiDian - 步骤 3: 未找到对应记录，默认为 'pending', 分数 0.0
2025-06-07 16:42:58,605 - DEBUG - XiDian - 步骤 4: 找到记录 1，状态 'completed', 分数 90.0
2025-06-07 16:42:58,605 - DEBUG - XiDian - 步骤 5: 未找到对应记录，默认为 'pending', 分数 0.0
2025-06-07 16:42:58,605 - DEBUG - XiDian - 步骤 6: 未找到对应记录，默认为 'pending', 分数 0.0
2025-06-07 16:42:58,606 - DEBUG - XiDian - 步骤 7: 未找到对应记录，默认为 'pending', 分数 0.0
2025-06-07 16:42:58,606 - DEBUG - XiDian - 步骤 8: 未找到对应记录，默认为 'pending', 分数 0.0
2025-06-07 16:42:58,606 - DEBUG - XiDian - 步骤 9: 未找到对应记录，默认为 'pending', 分数 0.0
2025-06-07 16:42:58,606 - DEBUG - XiDian - 步骤 10: 未找到对应记录，默认为 'pending', 分数 0.0
2025-06-07 16:42:59,030 - DEBUG - XiDian - Final response: 

### 步骤详解指南：如何学习机器学习

学习机器学习是一个系统而复杂的过程，需要耐心和持续的努力。以下是详细的步骤指南，帮助你从零开始学习并掌握机器学习的基本知识和技能。

#### 1. 确定学习目标

在学习之前，首先明确你希望完成什么。机器学习有许多领域，比如数据分析、自然语言处理、计算机视觉、推荐系统等等。根据你的兴趣和职业目标，设定明确的学习目标。例如，你可能想：

- 学习数据分析和可解释性模型，以从事金融行业的风险评估。
- 深入研究自然语言处理，以从事文本分析和机器翻译的工作。
- 学习计算机视觉，以从事图像识别和自动驾驶等应用开发。

**目的**：学习目标决定了你学习的方向和重点，为后续的学习过程提供动力和方向。

---

#### 2. 学习基础知识

机器学习涉及数学、算法、编程、数据处理等多个方面，先打好数学和编程的基础。

**数学基础：**

机器学习中的算法涉及大量的数学知识，尤其是线性代数、概率论和统计学、微积分。这些数学知识是理解算法原理的基础。

- **线性代数**：理解向量和矩阵操作，这对理解神经网络和各种模型的基础非常重要。
  - 推荐书籍：《线性代数及其应用》
- **概率论与统计学**：了解概率分布、期望、方差等概念，帮助理解机器学习中的不确定性。
  - 推荐书籍：《概率论与数理统计》
- **微积分**：理解梯度、导数、Hessian矩阵等概念，为算法的优化提供基础。
  - 推荐书籍：《微积分》

**编程基础：**

- 学习Python，因为它是机器学习中最广泛使用的编程语言。
  - 资源推荐：Python的官方文档、《Python for Everybody》
- 掌握基本的数据结构和算法，如列表、字典、循环、条件判断、函数等。
  - 资源推荐：LeetCode、Codewars等练习平台

**数据处理和可视化：**

- 学习使用Python的库，如Pandas、Numpy进行数据处理。
- 学习使用Matplotlib或Seaborn进行数据可视化，帮助理解和分析数据。

**推荐工具和框架：**

- **编程环境**：推荐使用Jupyter Notebook，它支持代码、输出和可视化在一个环境中，便于机器学习的快速开发和试验。
- **机器学习框架**：选择一个或多个机器学习框架进行学习，如：
  - **scikit-learn**：一个功能全面但基础的机器学习框架。
  - **TensorFlow/Keras/Torch**：更高级的深度学习框架，适合深度学习项目的开发。
- **数据来源**：获取高质量的数据集进行练习。公开数据集如Kaggle、UCI Machine Learning Repository等。

**资源推荐：**

- **书籍**：《机器学习》（Pattern Recognition and Machine Learning）、《机器学习实战》（ Hands-On Machine Learning with Scikit-Learn, Keras, and TensorFlow）
- **在线课程**：Coursera上的Andrew Ng的《机器学习入门》、Udacity的机器学习课程
- **博客和文章**：KDnuggets、Towards Data Science等知名科技博客

**目的**：通过学习基础的数学知识和编程技能，为后续学习复杂的机器学习算法打下坚实的基础。

---

#### 3. 学习机器学习基础算法

在掌握了基础知识后，开始学习机器学习的基础算法。

**监督学习算法：**

监督学习涉及到有标签数据的模型训练，常见的算法有：

- **线性回归**：用于预测连续值。
- **逻辑回归**：用于分类问题。
- **决策树**和**随机森林**：用于分类和回归问题。
- **支持向量机（SVM）**：用于分类和回归问题。
- **K-近邻算法（KNN）**：用于分类和回归问题。

**无监督学习算法：**

无监督学习处理没有标签的数据，常见的算法有：

- **聚类算法（如K-means、层次聚类）**：将数据划分为不同的簇。
- **主成分分析（PCA）**：用于降维。

**半监督学习和强化学习：**

如果你有兴趣，可以进一步学习半监督学习和强化学习算法。这些算法处理部分标记数据和需要在动态环境中进行策略调整的问题。

**学习资源：**

- **《机器学习实战》**：书中讲解了常用算法的实现和应用。
- **scikit-learn官网文档**：提供了详细的教学文档和示例代码。
- **TensorFlow/Keras详解**：如果选择了深度学习方向，可以深入学习这些框架。

**目的**：通过学习基础算法，掌握如何在Python中使用这些算法进行模型训练和评估。

---

#### 4. 数据准备和特征工程

好的模型取决于数据的质量和处理方式。

**数据准备：**

- **数据清洗**：处理缺失值、重复数据、噪声数据等。
- **数据归一化/标准化**：使不同特征之间的数值范围一致，避免模型被特征的尺度影响。
- **数据分割**：将数据集分为训练集（训练模型）、验证集（调优模型）、测试集（评估模型）。

**特征工程：**

- **特征选择**：选出对模型性能有显著影响的特征。
- **特征提取**：从原始数据中提取有用的特征。
- **特征转换**：如将文本数据转换为数值形式（TF-IDF、Word2Vec等）。

**目标评估：**

- **准确率（Accuracy）**：分类问题常用的性能指标。
- **精确率（Precision）**、**召回率（Recall）**、**F1分数（F1 Score）**：衡量分类模型的性能。
- **均方误差（MSE）**、**R²分数（R² Score）**：回归问题常用的性能指标。
- **混淆矩阵（Confusion Matrix）**：展示了模型的分类结果。

**实践项目：**

- **Titanic存活预测**：利用机器学习算法预测泰坦尼克号上的乘客是否存活。
- **Iris植物分类**：使用基础算法（如SVM、KNN）进行花卉分类。
- **房价预测**：使用回归算法预测房屋价格。

**资源推荐：**

- Kaggle平台上的各种竞赛和数据集。
- UCI Machine Learning Repository的数据集。

**目的**：通过实际操作，掌握数据处理和特征工程的方法，提升模型的性能。

---

#### 5. 实践项目和持续优化

实践是学习机器学习的关键。通过参与项目，可以将所学知识应用到实际任务中，逐步提升自己的技能。

**参与实践项目：**

- **选择一个目标**：明确你希望通过机器学习实现什么目标。
- **选择一个数据集**：根据目标选择合适的公开数据集。
- **数据预处理**：清洗、转换、分割数据。
- **实现算法**：利用学习的算法对数据进行建模。
- **模型评估**：使用合适的评价指标评估模型的性能。
- **模型优化**：通过超参数调优、算法选择等优化模型性能。

**优化模型：**

- **超参数调优**：使用GridSearchCV、RandomizedSearchCV等方法寻找最佳参数。
- **模型集成**：通过集成不同算法（如随机森林集成）提高模型的准确率。
- **过拟合与欠拟合**：验证模型是否出现过拟合或欠拟合，并采取相应的措施（如正则化、降维）。

**持续学习：**

机器学习是一个不断发展的领域，新技术和新算法层出不穷。在学习过程中，保持对最新进展的关注，并及时更新知识。

**资源推荐：**

- Kaggle Kernel：用于分享和讨论机器学习项目的社区。
- 机器学习竞赛：如Kaggle的 house price prediction、Titanic survival prediction等。
- 机器学习论坛：如Stack Overflow、Reddit等。

**目的**：通过实践项目，不断应用和优化学习的算法，提升解决实际问题的能力。

---

#### 6. 总结和反思

学习过程中的总结和反思可以帮助你更好地理解学习内容，发现不足，并及时调整学习策略。

**建立学习笔记和知识库：**

- 用笔记本记录学习中的重点、难点和思考。
- 创建知识库，整理学习的算法、框架和工具的文档。

**定期回顾学习内容：**

- 所谓“温故而知新”，定期回顾之前学习的内容可以帮助你巩固知识，发现盲点。

**反思学习过程：**

- 思考自己在学习中哪些地方做得好，哪些地方需要改进。
- 根据实际情况调整学习计划和目标。

**设定短期和长期的目标：**

- **短期目标**：如掌握某一算法或完成一个项目。
- **长期目标**：如掌握高级算法、参与机器学习竞赛等。

**持续学习：**

机器学习技术水平的提升是一个长期的过程，持续的学习和实践才是王道。

**目的**：通过总结和反思，巩固所学知识，发现不足，并制定改进计划。

---

#### 7. 持续学习和职业发展

机器学习是一个快速发展的领域，持续学习和更新是保持竞争力的关键。同时，了解行业动态和职业发展路径也有助于你规划自己的职业发展。

**持续学习：**

- 保持关注机器学习的最新研究进展和应用案例。
- 参与机器学习竞赛，提升比赛技巧。
- 学习最新的框架和工具，如mxnet、lightgbm等。

**职业发展：**

- **加入机器学习团队**：在大数据公司、金融机构、科技公司等寻找相关岗位。
- **参与实际项目**：积累项目经验，提升简历竞争力。
- **网络社交**：加入机器学习社区，如加入数据科学家社区，参加各类会议和活动。

**后续学习：**

如果你对某个方向感兴趣，可以深入学习，如深度学习、自然语言处理、计算机视觉等。学习路径可以参考一些系统化课程的规划，如：

- **深度学习框架路线**：TensorFlow-Keras、PyTorch、TensorFlow Lite等。
- **自然语言处理路线**：NLP基础、文本分类、生成模型等。

**资源推荐：**

- 博客和文章：KDnuggets、Datalectures
- 教程和视频：Andrew Ng的深度学习 Specialization、Udacity的机器学习 nanodegree

**目的**：保持学习热情，持续提高机器学习水平，为职业发展打下坚实的基础。

---

#### 8. 结语

学习机器学习是一个系统而持续的过程，需要理论学习与实践相结合。通过系统地学习基础知识，掌握主流算法，进行项目实践，不断优化模型，并保持对最新进展的关注，你可以逐步掌握机器学习的技能，解决实际问题，并在未来的职业发展中占据优势。

记住，机器学习并不是一蹴而就的，需要耐心和坚持。每一步的进步都是值得庆祝的，坚持不懈，你终将成为机器学习的高手！

**祝你学习顺利，收获满满！**
2025-06-07 16:42:59,041 - DEBUG - XiDian - Final reasoning response: 嗯，如何学习机器学习呢？首先，我觉得需要一个系统的学习计划。机器学习涉及很多知识点，包括数学、算法、编程等等。作为一个零基础的人，从哪里开始？

我记得机器学习主要分为监督学习、无监督学习、半监督学习和强化学习。首先是不是应该从小白基础开始，掌握一些基本概念和术语呢？比如什么是特征、标签、训练集、测试集等等。如果这些基本概念都弄不清楚，后面的深入学习就容易卡住了。

接下来，我需要弄清楚机器学习需要的数学基础。听说机器学习涉及到线性代数、概率统计和微积分等数学知识。我需要复习这些数学知识，才能更好地理解机器学习的算法。比如，理解线性回归算法就需要掌握线性代数和统计学的基本概念。

然后，算法和模型是机器学习的核心部分。我需要学习一些主流的机器学习算法，比如线性回归、逻辑回归、支持向量机、决策树、随机森林、神经网络等等。对于每个算法，除了了解其原理外，还要了解如何选择 appropriat的参数和模型调优方法。

机器学习框架也是一个重要的工具。听说常用的机器学习框架有Python中的 scikit-learn、TensorFlow、Keras、PyTorch等等。这些框架提供了很多现成的工具和函数，可以方便地实现各种机器学习算法。我需要选择一个或者多个框架进行学习，并实践操作。

数据准备和处理也是关键的一步。我记得数据预处理包括数据清洗、数据归一化、特征工程等操作。每种机器学习算法对数据的要求可能不太一样，因此数据预处理的程度和方式也会影响到模型的性能。此外，数据集的选择也非常重要，高质量的数据对机器学习模型的表现有直接影响。

实践和项目是学习机器学习中最重要的一环。我需要通过实际的项目来应用所学的理论知识。从小项目开始，比如预测房价、分类邮件是否为垃圾邮件等，逐步积累经验，提升自己的能力。同时，也可以寻找一些公开的数据集和竞赛，进一步提升自己的技术水平。

 achieving的目标是非常重要的。我需要为自己的学习设定一些明确的目标，比如希望在六个月内掌握基础的机器学习算法，能够自行搭建一个简单的机器学习模型，或者能够了解一些深度学习的基础概念等。

学习资源也是一个关键问题。有很多优秀的书籍、在线课程、博客文章和社区资源可以利用。例如，书籍《机器学习》（Pattern Recognition and Machine Learning）和《机器学习实战》（Hands-On Machine Learning with Scikit-Learn, Keras, and TensorFlow）都是不错的选择。此外，各大平台的在线课程，如Coursera、Udacity、edX等，提供了很多机器学习课程，可以辅助学习。

坚持和不断的实践是学习机器学习的核心。机器学习需要时间和耐心，不能急于求成。通过不断的实践和不断优化自己的模型，才能逐步提升自己的技术水平。

在这个过程中，可能会遇到很多挑战和问题。比如，遇到不懂的概念和算法时，可以查资料，或者寻求帮助；遇到代码实现上的困难时，可以参考官方文档，或者向他人请教；遇到项目进度慢的时候，要保持耐心，调整心态，合理规划时间和任务。

此外，持续学习也是一个重要的方面。机器学习是一个快速发展的领域，新技术和新算法层出不穷。因此，我需要不断关注最新的进展和趋势，了解行业动态，才能及时更新自己的知识和技能。

总结一下，学习机器学习需要系统的知识结构、扎实的数学基础、选择合适的工具和框架、充分的数据准备和处理、实践和项目经验，同时设定明确的学习目标，并借助丰富的学习资源。只有通过不断的学习和实践，才能逐步掌握机器学习的知识和技能，真正实现自己的目标和职业发展。

2025-06-07 16:42:59,080 - DEBUG - XiDian - 进入 get_experiment_record_details，整体实验ID: 1, 用户ID: 1
2025-06-07 16:42:59,082 - DEBUG - XiDian - 实验 1 共有 10 个步骤。
2025-06-07 16:42:59,082 - DEBUG - XiDian - 步骤 1: 找到记录 3，状态 'completed', 分数 95.0
2025-06-07 16:42:59,082 - DEBUG - XiDian - 步骤 2: 未找到对应记录，默认为 'pending', 分数 0.0
2025-06-07 16:42:59,082 - DEBUG - XiDian - 步骤 3: 未找到对应记录，默认为 'pending', 分数 0.0
2025-06-07 16:42:59,084 - DEBUG - XiDian - 步骤 4: 找到记录 1，状态 'completed', 分数 90.0
2025-06-07 16:42:59,084 - DEBUG - XiDian - 步骤 5: 未找到对应记录，默认为 'pending', 分数 0.0
2025-06-07 16:42:59,084 - DEBUG - XiDian - 步骤 6: 未找到对应记录，默认为 'pending', 分数 0.0
2025-06-07 16:42:59,084 - DEBUG - XiDian - 步骤 7: 未找到对应记录，默认为 'pending', 分数 0.0
2025-06-07 16:42:59,084 - DEBUG - XiDian - 步骤 8: 未找到对应记录，默认为 'pending', 分数 0.0
2025-06-07 16:42:59,085 - DEBUG - XiDian - 步骤 9: 未找到对应记录，默认为 'pending', 分数 0.0
2025-06-07 16:42:59,085 - DEBUG - XiDian - 步骤 10: 未找到对应记录，默认为 'pending', 分数 0.0
2025-06-07 16:42:59,607 - DEBUG - XiDian - Final response: 

### 学习机器学习的分步指南

**第一步：建立学习目标和制定学习计划**

为了高效地学习机器学习，首先需要明确自己希望通过学习达到什么样的目标。例如，是想了解基本概念，还是掌握特定算法，或者目标是进行数据科学项目？

**制定一个详细的学习计划**，包括每天的学习时间、每周的学习主题以及长期的学习目标。制定计划有助于保持进度并确保覆盖必要的知识点。

**第二步：掌握基础知识**

**数学基础**：
- **线性代数**：理解向量、矩阵和线性变换，如向量的点积、矩阵乘法和特征值。
- **概率与统计**：学习概率分布、统计推断、假设检验和贝叶斯定理。
- **微积分**：掌握导数、梯度、积分和优化方法，特别是梯度下降。

**编程基础**：
- 学习Python编程语言，掌握基本语法、数据结构（如列表、字典、元组）以及函数和模块的使用。
- 掌握NumPy库用于高效的数组运算。
- 熟悉Pandas用于数据处理和Manipulation。
- 学习Matplotlib和Seaborn用于数据可视化。

**第三步：理解机器学习的基本概念和流程**

**机器学习的概念**：
- 学习监督学习、无监督学习、半监督学习和无监督学习的不同。
- 理解模型训练、损失函数、优化器和评估指标的概念。

**全机器学习流程**：
1. **数据准备**：
   - 数据清洗：处理缺失值、重复项、格式错误等。
   - 特征工程：创建、提取和转换特征。
   - 数据分割：将数据集划分为训练集和测试集。

2. **选择适当模型**：
   - 根据问题类型（回归、分类、聚类等）选择合适的算法。
   - 了解线性回归、逻辑回归、决策树、随机森林等算法及其适用场景。

3. **模型训练和评估**：
   - 使用训练数据训练模型。
   - 学习常用的评估指标，如MSE、准确率、F1分数、ROC-AUC等。
   - 了解过拟合和欠拟合，并学习如何通过正则化、调参等方法进行模型优化。

4. **模型调优和优化**：
   - 使用网格搜索和随机搜索进行超参数调优。
   - 学习集成学习（如随机森林、梯度提升）以提高模型性能。

**第四步：实践与项目经验积累**

通过实际的项目来应用所掌握的知识和技能。选择一个数据集，如Kaggle上的数据集，然后按照机器学习的流程逐步进行建模和优化。

**五步实践项目：

1. **基础 Projects**：
   - 初始项目：使用简单的模型和数据集进行预测，如预测房价格或识别手写数字。
   - 逐步增加复杂性，尝试使用更复杂的模型和算法。

2. **中等难度项目**：
   - 使用MNIST数据集进行 handwritten digit classification.
   - 实践线性回归、逻辑回归等基础算法。

3. **高级项目**：
   - 使用Kaggle上的竞赛数据，如 house price prediction或 customer churn prediction。
   - 使用随机森林、XGBoost等高级模型进行建模。
   - 学习和使用调优参数技巧和交叉验证。

**第五步：持续学习与改进**

- 关注领域内的最新研究和发展趋势，如引入深度学习框架如TensorFlow或PyTorch。
- 参加在线课程和阅读相关的教材和论文，保持对新技术的敏感度。
- 参与机器学习社区，如Kaggle forums、Reddit groups或Stack Overflow，与同行交流和分享经验。
- 不断反思自己的学习过程，分析自己在学习和实践中的不足，并进行改进。
- 建立学习笔记或博客，记录自己的学习进展和心得体会，促进自我反思和总结。

**结论**

通过系统的学习、不断的实践和持续的改进，能够逐渐掌握机器学习的知识和技能。学习过程中遇到的困难和挑战是成长的一部分，通过坚持和不断的自我激励，相信自己能够在机器学习领域取得进步。
</think>

### 详细步骤指南：如何开始学习机器学习

为了有效地学习机器学习，可以按照以下详细步骤进行。这个计划旨在帮助您逐步掌握必要的知识，从数学基础到实践项目的全方面学习。

### 步骤一：明确学习目标

在学习的初期，明确学习目标非常重要。确定您希望通过学习机器学习达到什么目的。这可能包括：

- **了解基本概念**：如果您只是对机器学习有初步的兴趣，想了解其基本原理和应用，就需要掌握数学基础和算法概述。
  
- **学习特定算法**：如果您希望深入学习某一类算法，如支持向量机（SVM）、神经网络或决策树，需要更有针对性地选择学习内容。

- **参与项目**：如果您想立即开始项目，如数据科学或应用在实际问题中，可能需要快速掌握一些实用的算法和工具。

### 步骤二：准备学习资源和工具

为了成功学习机器学习，您需要准备一些必要的学习资源和工具。

**在线学习平台**：
- **Coursera**、edX：提供许多由知名大学和机构提供的免费或低费用在线课程。
- **Udacity**、Kaggle Learn：提供实践oriented的课程，包含实际项目。
- **Google Classroom**、DataCamp：提供结构化的课程和项目。

**书籍和教材**：
- 基础知识**：
  - 《机器学习实战》（Hands-On Machine Learning with Scikit-Learn, Keras, and TensorFlow）。
  - 《机器学习》（Introduction to Machine Learning）。
- 数学基础：
  - 《深度学习》（Deep Learning）。
  - 《统计学习导论》（An Introduction to Statistical Learning）。

**工具和软件**：
- **Python**：是机器学习中最流行的编程语言。
- **Jupyter Notebook**：用于快速编写和运行代码。
- **Anaconda**：Python的发行版本，包含大量机器学习库。
- **NumPy**、**Pandas**、**Matplotlib**：用于数据处理和可视化。
- **Scikit-learn**：机器学习库，用于应用各种算法。
- **TensorFlow/Keras**：用于深度学习。
- **Jupyter Notebook**：用于快速编写和运行代码。

**硬件工具**：
- **笔记本电脑**或**台式机**：运行Python和相关库的需求。
- **图形处理器（GPU）**：对于深度学习和大量数据处理非常有用。
- ** internet连接**：在线资源和数据集需要稳定的连接。

### 步骤三：学习基础知识——数学

机器学习的算法背后涉及到许多数学概念，包括线性代数、概率论、统计和优化方法。为了理解这些算法，您需要掌握以下基础知识：

**线性代数**：
- 向量和矩阵的操作（如点积、矩阵乘法、逆矩阵、特征值等）。
- 矩阵分解（如Singular Value Decomposition (SVD)）。
- 特征值和特征向量的应用。

**概率与统计**：
- 概率分布（如正态分布、二项分布、泊松分布）。
- 随机变量和期望、方差、协方差等统计概念。
- 假设检验（如T检验、卡方检验）。
- 贝叶斯定理和贝叶斯推断。

**微积分**：
- 导数和梯度的概念。
- 积分的计算和应用。
- 多变量微积分，包括梯度下降算法。
- 凸优化和一致连续性等概念。

**优化方法**：
- 梯度下降法：用于最小化损失函数。
- 牛顿法：另一种优化算法。
- 凸优化和拉格朗日乘数。

了解这些数学基础可以帮助您更好地理解机器学习算法的运作机制和调优过程。

### 步骤四：学习Python编程基础

Python是机器学习中最常用的编程语言之一。如果尚未学习Python，您需要掌握以下基础：

**Python基础**：
- Python的基本语法，如变量、数据类型、运算符、条件语句、循环（for和while）、函数、类和异常处理。
- 使用Jupyter Notebook进行编写和运行代码。

**数据结构**：
- 理解并灵活运用列表、元组、集合、字典、队列、栈和其他数据结构。

**编程模式**：
- 递归和迭代的比较和应用。
- 面向对象编程（OOP）的基本概念，如类和实例。

**数据处理和处理库**：
- 使用NumPy处理多维数组。
- 使用Pandas进行数据处理和分析。
- 数据可视化：如用Matplotlib和Seaborn生成有意义的图表。

### 步骤五：理解机器学习的核心概念和流程

机器学习是一个涉及多方面知识的领域。以下是理解机器学习的核心概念和流程：

**机器学习的基本概念**：
- **模型**：表示从数据中提取模式的数学结构。
- **训练**：模型根据数据调整其参数以最好地预测输出。
- **监督学习**：模型基于输入-输出数据对进行学习（有标签数据）。
- **无监督学习**：模型从无标签数据中找出数据的结构或模式。
- **半监督学习**：结合监督和无监督的学习方法。
- **监督学习类型**：回归（预测连续值）和分类（预测类别）。

**机器学习的流程**：
1. **数据准备**：
   - 清洗和预处理数据。
   - 特征工程：如归一化、创建新特征。
   - 数据分割：通常将数据集分为训练集和测试集，有时也包括验证集。

2. **选择和评估模型**：
   - 根据问题类型选择算法（如回归、分类等）。
   - 使用评估指标（如MSE、准确率、F1 分数）来比较不同模型。

3. **模型优化和调优**：
   - 使用网格搜索或随机搜索进行超参数调优。
   - 使用交叉验证来避免过拟合。

4. **模型部署**：
   - 保存模型以便在生产环境中使用。
   - 实施模型并监控其性能。

### 步骤六：实践项目开始

实践是学习机器学习的最有效方法。通过实际项目，您可以将理论知识应用到实际问题中。以下是一个简单的项目流程：

**项目目标**：
- 使用机器学习算法预测一群人的身高，基于他们的体重和其他特征。

**数据集**：
- 搜索公开的基础数据集，如从Kaggle或其他数据资源网站获取。

**步骤**：
1. **数据加载和预览**：
   - 读取数据集并查看前几行数据。
   - 检查数据的结构和分布。

2. **数据清洗和预处理**：
   - 处理缺失值：填充或删除含有缺失值的样本。
   - 处理异常值：使用统计方法或可视化确定并处理异常值。
   - 特征工程：创建新特征或标准化现有特征。
   - 数据分割：将数据集分为训练集和测试集（通常比例为70%:30%）。

3. **模型选择和训练**：
   - 选择适合的数据类型和问题类型的算法。例如，线性回归用于预测连续值。
   - 训练模型，并用训练集上的数据对其进行拟合。

4. **模型评估**：
   - 使用测试集评估模型的预测能力。
   - 计算常见的评估指标，如均方误差（MSE）、决定系数（R²）等。

5. **模型优化和调优**：
   - 通过调整模型参数（如正则化系数、学习率）来优化模型性能。
   - 使用交叉验证来确保模型的稳定性和可靠性。

6. **结果分析**：
   - 详细分析模型预测结果和评估指标。
   - 找出模型中的优缺点，并尝试改进。

7. **部署和应用**：
   - 将优化后的模型部署到实际应用中，例如预测新的用户身高。

### 步骤七：持续学习与改进

尽管您已经取得了一些进展，但是机器学习领域的知识更新和新算法的出现都要求我们不断学习和更新。

**持续学习的方法**：
- **阅读**：持续阅读机器学习相关的书籍、论文和博客。
- **在线课程**：参加MOOC（如Coursera、edX）提供的一些专业课程。
- **参与社区**：加入机器学习社区，与他人交流和分享经验。
- **关注前沿**：关注机器学习领域的最新研究和应用，了解前沿的发展动态。

**反思与改进**：
- 定期回顾自己的学习和项目经验，分析自己在哪些方面有提升空间。
- 在遇到困难和挑战时，不轻易气馁，而是将其作为学习的机会，寻求帮助或深入研究解决问题的方法。

**保持激情和投入**：
- 机器学习的领域是充满挑战和机遇的，保持积极的心态和持续的学习激情是成功的关键。
- 将机器学习应用到实际项目中，无论是学术研究还是商业实践，都能推动您不断进步。

### 总结

学习机器学习是一个循序渐进的过程，需要理论知识与实践相结合。通过系统的学习、 ])。

yellow曾是一名教育机构的内部员工，专注于编写教材和课程设计。她热爱教育，并希望分享自己的知识和经验给更多人。
2025-06-07 16:42:59,617 - DEBUG - XiDian - Final reasoning response: 嗯，如何开始学习机器学习呢？作为一个刚接触这个领域的新人，我可能需要一个系统的学习计划和一些实际的实践来巩固所学的知识。让我试着一步一步地思考。

首先，我知道机器学习是一个广泛且复杂的领域，涵盖了多个技术点和应用。学习起来可能会感到不知所措，但是我可以尝试找到一个平衡点，既能接触到不同的概念，又能逐步深入。下面，我计划按照以下几个步骤来学习：

**第一步：了解基础知识**
机器学习的基础包括数学、编程和算法。然而，有些时候，这些概念可能会显得抽象和难以理解。我记得高中时学过一些数学，但可能已经忘记了。我应该复习哪些数学知识是必要的呢？可能需要了解线性代数、概率论和统计学、多变量微积分，还有一些优化方法。这些数学知识在机器学习的算法和模型中扮演着重要角色。

此外，编程也是机器学习的基础，特别是Python。我需要掌握Python的基本语法，包括变量、循环、条件、函数和类等。熟悉一些常用的库，如NumPy、Pandas和Matplotlib，这些工具可以帮助我进行数据处理和可视化。这些库在机器学习的流程中扮演着关键角色，所以掌握它们是必须的。

**第二步：熟悉机器学习的概念和流程**
机器学习是一个迭代的流程，通常包括数据准备、算法选择、模型训练和结果评估。了解这个流程对我来说至关重要。虽然理论上这些步骤是相对独立的，但实际操作中它们往往是相互联系的。例如，在数据准备阶段，我可能进行数据清洗和特征工程，这会影响到后续模型的性能。

我需要学习不同的机器学习算法，理解它们的工作原理和适用场景。有监督学习中，回归算法如线性回归和逻辑回归，以及分类算法如决策树和随机森林；无监督学习中，聚类算法如K-means和降维算法如PCA。了解这些算法的优缺点和各自适合解决的问题类型，可以帮助我更好地选择合适的模型来处理实际问题。

监督学习需要有标签数据，而无监督学习则需要无标签数据。我应该寻找合适的数据集，例如MNIST手写数字数据集或CIFAR-10图像分类数据集，来实践各种算法。这样做可以帮助我将理论知识与实际操作相结合。

**第三步：实践和项目经验**
实践是学习机器学习的核心。我需要选择一个数据科学的平台，如Kaggle，那里提供了丰富的数据集和比赛，有助于我提升实践能力。通过参与项目，我可以在实际操作中应用所学知识，解决具体的问题。

不过，刚刚接触机器学习的我可能会遇到很多困难，例如数据清洗和特征工程的工作量很大，如何选择合适的模型以及避免过拟合等。这些挑战可能会让我感到困惑和压力。我需要学会从错误中学习，逐步积累经验。

如果我遇到了理解上的困难，可以通过阅读教材、参考博客、观看在线课程来解决这些问题。参与社区讨论也能提供帮助，与其他学习者互动可以促进我的理解。

**第四步：持续学习和改进**
机器学习领域发展迅速，新技术和模型层出不穷。因此，我需要建立持续学习的习惯，通过阅读文档、关注最新研究论文、参加在线课程和与他人交流来保持对领域的了解。

不过，考虑到自己目前的知识水平，我可以逐步学习这些内容，逐步消化和应用到自己的学习和实践中。持续学习可以帮助我不断改进学习方法和策略，提升自己的机器学习水平。

**第五步：应用和反思**
通过应用机器学习算法解决实际问题，我可以巩固并提升自己的技能。在这个过程中，我还需要不断反思自己的学习和实践过程，找到不足之处，进行改进。

**结论**
总的来说，学习机器学习是一个系统而逐步的过程。我需要先打好基础，逐步深入掌握不同算法和应用场景，通过实践积累经验，同时不断学习和改进。虽然过程中可能会遇到很多挑战和困难，但通过坚持和不断的实践，我相信自己能够逐渐掌握机器学习的知识和技能。

在接下来的步骤中，我需要制定一个详细的学习计划，包括具体的学习资源、实践项目和持续学习的策略。我也可以建立一个学习笔记或博客，记录自己的学习进展和心得体会，这样可以帮助我更有条理地进行学习并促进反思。

总之，学习机器学习是一个循序渐进的过程，需要耐心和持续的努力。通过不断的学习和实践，我相信自己能够在机器学习的领域中取得进步。

2025-06-07 16:42:59,651 - DEBUG - XiDian - 进入 get_experiment_record_details，整体实验ID: 1, 用户ID: 1
2025-06-07 16:42:59,653 - DEBUG - XiDian - 实验 1 共有 10 个步骤。
2025-06-07 16:42:59,653 - DEBUG - XiDian - 步骤 1: 找到记录 3，状态 'completed', 分数 95.0
2025-06-07 16:42:59,655 - DEBUG - XiDian - 步骤 2: 未找到对应记录，默认为 'pending', 分数 0.0
2025-06-07 16:42:59,655 - DEBUG - XiDian - 步骤 3: 未找到对应记录，默认为 'pending', 分数 0.0
2025-06-07 16:42:59,656 - DEBUG - XiDian - 步骤 4: 找到记录 1，状态 'completed', 分数 90.0
2025-06-07 16:42:59,656 - DEBUG - XiDian - 步骤 5: 未找到对应记录，默认为 'pending', 分数 0.0
2025-06-07 16:42:59,656 - DEBUG - XiDian - 步骤 6: 未找到对应记录，默认为 'pending', 分数 0.0
2025-06-07 16:42:59,656 - DEBUG - XiDian - 步骤 7: 未找到对应记录，默认为 'pending', 分数 0.0
2025-06-07 16:42:59,657 - DEBUG - XiDian - 步骤 8: 未找到对应记录，默认为 'pending', 分数 0.0
2025-06-07 16:42:59,657 - DEBUG - XiDian - 步骤 9: 未找到对应记录，默认为 'pending', 分数 0.0
2025-06-07 16:42:59,657 - DEBUG - XiDian - 步骤 10: 未找到对应记录，默认为 'pending', 分数 0.0
